$MeshFormat
2.2 0 8
$EndMeshFormat
$PhysicalNames
6
0 1 "pn1"
0 2 "pnt2"
1 3 "line1"
1 4 "line2"
2 5 "grp1"
2 6 "grp2"
$EndPhysicalNames
$Nodes
1683
1 0.7823237040626649 0.08025421009695033 0
2 0.6448039608156558 0 0.04597690841378033
3 0.6832749280708393 0 0
4 0.4557682097919163 0 0.1091883633650889
5 0.242167762846 0.3025775717750001 0.180644767043
6 0.510923339899 0.683231612432 0.09081461957499999
7 0.7824589706567139 0.5247904645868986 0
8 0.3935480612340578 0 0
9 0.2147336229616689 0.2127452868647413 0
10 0.214728473627801 0.392403378886343 0
11 0.5109233398990001 0.7448011825619892 0
12 0.215767028652 0.3025775717750001 0.134314871904
13 0.831234135141983 0.1092024659563515 0
14 1 0.2111840812902756 0.08461412367095507
15 1 0.1547683513759403 0
16 1 0.3939583832523051 0.08462113494884609
17 0.8312045438186987 0.4959437296148982 0
18 1 0.4503738462881411 0
19 0.510923339899 0.66785935319 0.711642615548
20 0.510923339899 0.802576593896 0.8135447052559999
21 0.510923339899 0.9372466947850001 0.711678671246
22 0.510923339899 0.9218695205120001 0.09073715084099999
23 0.510923339899 0.8603522312195985 0
24 0 0.4503738462881412 0
25 0 1 0
26 0.3935480612340576 1 0
27 0.151243941504 0.302577571775 0.160443282498
28 0 0.3939583832523051 0.08462113494884611
29 0.129208196065 0.3025775717750001 0.6870941731629999
30 0.212447590189 0.3025775717750001 0.7039496542890001
31 0.250763633433 0.3025775717750001 0.669467353809
32 0.213552110488 0.4941483669 0.847862596826
33 0.4727899845510001 0.8025765938959999 0.847862596826
34 0.4662354076907607 1 0.704427984667094
35 0.3068537328739689 1 0.847862596826
36 0.4557682097919164 1 0.1091883633650889
37 0 0.3782824505799309 0.7177133638024641
38 0 0.5518012503321956 0.847862596826
39 0 1 0.8478625968259997
40 1 0.2268624008230515 0.7177161094854995
41 0.8164404608649999 0.119297692788 0.761219143271
42 0.616235638928921 -4.625929269271485e-18 0.7287553607208292
43 0.4662354076907607 0 0.704427984667094
44 1 0.3782824505799309 0.7177133638024641
45 0.816469124491 0.485815742666 0.761205704355
46 0.814625839438 0.003282026146000026 0.847862596826
47 0.8116670510940001 0.09737849408699999 0.990189653157
48 0.811698175882 0.507729376784 0.990220998652
49 0.8146721919910002 0.601834389726 0.847862596826
50 0.8105752024416191 0 0.847862596826
51 0.782323704062665 0.08025421009695037 1
52 0.6832749280708391 0 1
53 0.7824589706567138 0.5247904645868987 1
54 0.510923339899 0.7448011825619892 1
55 0.510923339899 0.8025765938959999 0.9147817340610001
56 0.566917621075 0.802576593896 0.8478625968260001
57 0.3068537328739689 9.251858538542971e-18 0.847862596826
58 0.3935480612340579 0 1
59 0.2147336229616689 0.2127452868647413 1
60 0.214728473627801 0.392403378886343 1
61 0.213563092432 0.110992961499 0.8478625968260001
62 1 0.05333206302413162 0.847862596826
63 0.8312341351419831 0.1092024659563514 1
64 1 0.1547683513759404 1
65 0.8312045438186987 0.4959437296148982 1
66 1 0.4503738462881411 1
67 1 0.5518012503321956 0.847862596826
68 0.510923339899 0.8603522312195985 1
69 0.3935480612340579 1 1
70 0 0.4503738462881411 1
71 0 1 1
72 0 0 0
73 0 0 0.8478625968259997
74 0 0.1547683513759403 0
75 0 0.2111840812902757 0.08461412367095515
76 0 0.05333206302413162 0.847862596826
77 0 0.2268624008230515 0.7177161094854995
78 0 0 1
79 0 0.1547683513759404 1
80 0.6448039608156559 1 0.04597690841378033
81 0.6832749280708392 1 0
82 0.6162356389289209 1 0.7287553607208292
83 0.8105752024416191 1 0.847862596826
84 0.683274928070839 1 1
85 1 1 0.847862596826
86 1 1 0
87 1 1 1
88 1 0 0
89 1 0 0.8478625968260001
90 1 0 1
91 0.7135638324391604 0.04012710504847525 0.02298845420689014
92 0.7327993160667418 0.04012710504848813 3.469446951953614e-18
93 0.5502860853038217 -2.775557561562891e-17 0.07758263588954079
94 0.4023680980554373 0.07564439294374997 0.1270524642845667
95 0.3489679863189583 0.1512887858874999 0.1449165652040444
96 0.2955678745824791 0.2269331788312499 0.1627806661235222
97 0.4571722244883998 0.6071008043005999 0.1087806490686
98 0.4034211090777997 0.5309699961691996 0.1267466785622001
99 0.3496699936671998 0.4548391880377997 0.1447127080558001
100 0.2959188782565999 0.3787083799063998 0.1626787375494
101 0.7145750629672856 0.5644007515481738 0.02270365489374992
102 0.6466911552778571 0.6040110385094493 0.04540730978749994
103 0.5788072475884285 0.6436213254707246 0.06811096468124997
104 0.7824319173376837 0.435883213688909 -3.469446951953614e-17
105 0.7824048640188425 0.3469759627909194 -3.469446951953614e-17
106 0.7823778107000012 0.2580687118929298 -3.469446951953614e-17
107 0.78235075738116 0.1691614609949401 -3.469446951953614e-17
108 0.4901236835129849 0 0
109 0.586699305791912 0 0
110 0.4246581355129579 -1.040834085586084e-17 0.05459418168256094
111 0.2743384357192011 0.1418301912432189 1.355252715606881e-20
112 0.3339432484766297 0.07091509562160916 1.355252715606881e-20
113 0.2147310482946984 0.302574332875542 6.938893903907228e-18
114 0.4516843666448676 0.6743216218267698 6.776263578034403e-21
115 0.3924453933906227 0.6038420610916451 6.776263578034403e-21
116 0.3332064201363779 0.5333625003565201 6.776263578034403e-21
117 0.273967446882133 0.4628829396213953 6.776263578034403e-21
118 0.7145750629672214 0.5797931440805925 3.469446951953614e-18
119 0.646691155277817 0.6347958235743949 3.469446951953614e-18
120 0.5788072475884126 0.6897985030681972 3.469446951953614e-18
121 0.2152503258068345 0.2576614293198707 0.06715743595200008
122 0.510923339899 0.7140163974969946 0.04540730978749995
123 0.2152477511399005 0.3474904753306716 0.0671574359519999
124 0.8874894234279885 0.1431963377343262 0.02820470789031832
125 0.9437447117139942 0.1771902095123009 0.05640941578063671
126 1 0.1829762163330881 0.04230706183549094
127 0.9156170675709875 0.1319854086661602 0
128 1 0.3025712322712902 0.08461762930990065
129 0.8874696958791324 0.4619486141607005 0.0282070449829487
130 0.9437348479395661 0.4279534987065028 0.05641408996589738
131 0.8312119416495201 0.3992584137002616 -1.734723475976807e-17
132 0.8312193394803412 0.302573097785625 -1.734723475976807e-17
133 0.8312267373111623 0.2058877818709883 -1.734723475976807e-17
134 1 0.4221661147702365 0.04231056747443188
135 1 0.2533035163466736 0
136 1 0.3518386813174074 0
137 0.9156022719093426 0.4731587879514954 0
138 0.510923339899 0.6810355753974286 0.1795043332854286
139 0.510923339899 0.6788395383628572 0.2681940469958572
140 0.510923339899 0.6766435013282858 0.356883760706286
141 0.510923339899 0.6744474642937143 0.4455734744167147
142 0.510923339899 0.6722514272591429 0.534263188127143
143 0.510923339899 0.6700553902245714 0.6229529018375712
144 0.510923339899 0.7352179735430001 0.7625936604020001
145 0.510923339899 0.8699116443405001 0.7626116882509999
146 0.510923339899 0.9240662596938571 0.1794430823274284
147 0.510923339899 0.9262629988757143 0.2681490138138568
148 0.510923339899 0.9284597380575714 0.3568549453002851
149 0.510923339899 0.9306564772394286 0.4455608767867135
150 0.510923339899 0.9328532164212857 0.5342668082731421
151 0.510923339899 0.9350499556031429 0.6229727397595711
152 0.510923339899 0.8911108758657992 0.04536857542049993
153 0.5109233398990001 0.8025767068907939 0
154 0 0.5419782052401179 0
155 0 0.6335825641920946 0
156 0 0.7251869231440711 0
157 0 0.8167912820960473 0
158 0 0.9083956410480236 0
159 0.09838701530851471 1 0
160 0.1967740306170294 1 0
161 0.2951610459255436 1 0
162 0.4522357005665744 0.9301761156098376 0
163 0.1431523157518567 0.4117268680202371 3.469446951953614e-18
164 0.07157615787592839 0.4310503571541892 3.469446951953614e-18
165 0.07562197075199983 0.3482679775136526 0.122532208723423
166 -3.469446951953614e-18 0.4221661147702364 0.0423105674744319
167 0.1475713172641667 0.302577571775 0.2482184309421666
168 0.1438986930243333 0.302577571775 0.3359935793863332
169 0.1402260687845 0.302577571775 0.4237687278304999
170 0.1365534445446667 0.302577571775 0.5115438762746669
171 0.1328808203048333 0.302577571775 0.5993190247188337
172 0.2438869369634 0.302577571775 0.2784092843961999
173 0.2456061110808 0.302577571775 0.3761738017494
174 0.2473252851982 0.302577571775 0.4739383191026
175 0.2490444593156 0.302577571775 0.5717028364558
176 0.3027955747262 0.3756339280580001 0.6779024061568
177 0.3548275160193999 0.448690284341 0.6863374585046
178 0.4068594573125999 0.5217466406239999 0.6947725108524
179 0.4588913986057997 0.5948029969069997 0.7032075632001999
180 0.213183937055 0.4302914351916665 0.7998916159803332
181 0.212815763622 0.3664345034833332 0.7519206351346666
182 0.2653996853006 0.5558340122992 0.847862596826
183 0.3172472601132 0.6175196576984 0.847862596826
184 0.3690948349258 0.6792053030976 0.847862596826
185 0.4209424097384 0.7408909484968 0.847862596826
186 0.4131081827518196 1 0.7522395220533843
187 0.3599809578128919 1 0.8000510594396895
188 0.3621658167663125 0.9341921979653335 0.847862596826
189 0.4174779006586562 0.8683843959306667 0.847862596826
190 0.4575127427750756 1 0.2083949669154226
191 0.4592572757582054 1 0.3076015704657569
192 0.461001808741335 1 0.4068081740160913
193 0.4627463417244647 1 0.5060147775664258
194 0.4644908747075944 1 0.6052213811167602
195 0.4246581355129579 1 0.05459418168256107
196 2.775557561562891e-17 0.380521869533074 0.6272716168233745
197 2.775557561562891e-17 0.3827612884862804 0.5368298698442863
198 2.775557561562891e-17 0.3850007074394869 0.446388122865198
199 2.775557561562891e-17 0.3872401263926933 0.3559463758861101
200 2.775557561562891e-17 0.3894795453458997 0.2655046289070221
201 2.775557561562891e-17 0.3917189642991061 0.1750628819279342
202 -1.734723475976807e-18 0.4939616504147913 0.8044795191514651
203 -1.734723475976807e-18 0.4361220504974045 0.7610964414769068
204 0 0.6414410002657565 0.8478625968259997
205 0 0.7310807501993174 0.8478625968259997
206 0 0.8207205001328784 0.8478625968259997
207 0 0.9103602500664394 0.8478625968259997
208 0 1 0.09420695520288885
209 0 1 0.1884139104057777
210 0 1 0.2826208656086666
211 0 1 0.3768278208115554
212 0 1 0.4710347760144443
213 0 1 0.5652417312173331
214 0 1 0.659448686420222
215 0 1 0.7536556416231108
216 0.2301402996554765 1 0.8478625968259997
217 0.1534268664369844 1 0.8478625968259997
218 0.07671343321849221 1 0.8478625968259997
219 0.06460409803250022 0.3404300111774654 0.702403768482732
220 0.07118403682933311 0.5325836225214639 0.847862596826
221 0.1423680736586664 0.513365994710732 0.847862596826
222 1 0.2246226408899367 0.6272729686548469
223 1 0.2223828809566533 0.5368298278241984
224 1 0.2201431210233699 0.44638668699355
225 1 0.2179033610900865 0.3559435461629014
226 1 0.2156636011568032 0.2655004053322529
227 1 0.2134238412235198 0.1750572645016045
228 0.9388134869550002 0.1910074981447011 0.7322171207473329
229 0.8776269739100001 0.1551525954663506 0.7467181320091665
230 0.7497055202196402 0.07953179519199995 0.7503978824209431
231 0.6829705795742805 0.03976589759599995 0.7395766215708862
232 0.6203168277699007 -1.387778780781446e-17 0.6312155818198232
233 0.6243980166108357 -1.387778780781446e-17 0.5336758029188152
234 0.6284792054517708 -1.387778780781446e-17 0.4361360240178073
235 0.6325603942927059 -1.387778780781446e-17 0.3385962451167992
236 0.6366415831336409 -1.387778780781446e-17 0.2410564662157909
237 0.6407227719745761 -1.387778780781446e-17 0.1435166873147822
238 0.5412355233098295 -5.551115123125783e-17 0.7165916726940316
239 0.4644908747075944 -1.387778780781446e-17 0.6052213811167604
240 0.4627463417244647 -1.387778780781446e-17 0.5060147775664262
241 0.461001808741335 -1.387778780781446e-17 0.4068081740160918
242 0.4592572757582053 -1.387778780781446e-17 0.3076015704657576
243 0.4575127427750756 -1.387778780781446e-17 0.208394966915423
244 0.3046315769974402 0.22693317883125 0.6782075115235235
245 0.3584995205618804 0.1512887858875 0.6869476692380471
246 0.4123674641263205 0.07564439294375 0.6956878269525706
247 1 0.3917189642991061 0.1750628819279342
248 1 0.3894795453458997 0.265504628907022
249 1 0.3872401263926933 0.3559463758861099
250 1 0.3850007074394869 0.4463881228651976
251 1 0.3827612884862805 0.5368298698442858
252 1 0.380521869533074 0.6272716168233742
253 0.938823041497 0.4141268812752872 0.7322108106533094
254 0.877646082994 0.4499713119706436 0.7467082575041547
255 0.5873097860469997 0.6223484505590001 0.72403338774975
256 0.6636962321949995 0.5768375479280002 0.7364241599514999
257 0.7400826783429996 0.5313266452970002 0.74881493215325
258 1 0.3025724257014911 0.7177147366439818
259 0.8164476267715 0.2109272052575001 0.761215783542
260 0.816454792678 0.3025567177270004 0.761212423813
261 0.8164619585845 0.3941862301965003 0.761209064084
262 0.8155331501515001 0.06128985946700002 0.8045408700484999
263 0.813146445266 0.05033026011649994 0.9190261249914999
264 0.8116732760516 0.1794486706264 0.9901959222560001
265 0.8116795010091999 0.2615188471658 0.990202191355
266 0.8116857259668 0.3435890237052001 0.990208460454
267 0.8116919509243999 0.4256592002446 0.9902147295529999
268 0.8131851839365001 0.554781883255 0.9190417977389999
269 0.8155706582409999 0.5438250661960001 0.8045341505905002
270 0.745795347937397 6.938893903907228e-18 0.8081601847909257
271 0.6810154934331498 6.938893903907228e-18 0.7684577727558923
272 0.7327993160667416 0.04012710504848824 1
273 0.7469250652562832 1.387778780781446e-17 0.9239312984129838
274 0.7824319173376826 0.4358832136889091 1
275 0.7824048640188414 0.3469759627909195 1
276 0.7823778107000002 0.2580687118929298 1
277 0.782350757381159 0.1691614609949401 1
278 0.7145750629672212 0.5797931440805923 1
279 0.6466911552778167 0.6347958235743948 1
280 0.5788072475884124 0.6897985030681971 1
281 0.510923339899 0.7736888882289946 0.9573908670305
282 0.752733549262 0.6520199407685 0.847862596826
283 0.6907949065329999 0.7022054918110001 0.847862596826
284 0.6288562638039998 0.7523910428535001 0.847862596826
285 0.4131081827518195 -6.938893903907228e-18 0.7522395220533843
286 0.3599809578128917 -6.938893903907228e-18 0.8000510594396895
287 0.4901236835129849 0 1
288 0.5866993057919118 0 1
289 0.3502008970539804 -1.040834085586084e-17 0.9239312984130039
290 0.2743384357192012 0.1418301912432189 1
291 0.3339432484766298 0.07091509562160919 1
292 0.2147310482946984 0.302574332875542 1
293 0.4516843666448677 0.6743216218267698 1
294 0.3924453933906228 0.6038420610916451 1
295 0.333206420136378 0.5333625003565201 1
296 0.2739674468821331 0.4628829396213954 1
297 0.2141402920579005 0.4432758728931717 0.9239312984129997
298 0.2602084126529844 0.05549648074950002 0.847862596826
299 0.213191258351 0.1748544982576665 0.7998916159803334
300 0.21281942427 0.2387160350163332 0.7519206351346668
301 0.2141483576968345 0.1618691241818708 0.9239312984130001
302 1 0.1690189548900213 0.761098271932257
303 1 0.1111755089570756 0.8044804343791274
304 0.9073129197190002 0.02830704458506587 0.847862596826
305 0.9156170675709874 0.1319854086661602 1
306 1 0.1040502072000305 0.9239312984130036
307 0.8312119416495202 0.3992584137002616 1
308 0.8312193394803412 0.302573097785625 1
309 0.8312267373111623 0.2058877818709882 1
310 0.9156022719093426 0.4731587879514953 1
311 1 0.5010875483101765 0.9239312984130054
312 0.9073360959955 0.5768178200290979 0.847862596826
313 1 0.4361220504974044 0.7610964414769068
314 1 0.4939616504147912 0.8044795191514651
315 1 0.2533035163466738 1
316 1 0.3518386813174074 1
317 0.5109233398990001 0.8025767068907939 1
318 0.510923339899 0.8314644125577992 0.9573908670305
319 0.4522357005665748 0.9301761156098377 1
320 0.3502008970539805 1 0.9239312984130037
321 0.1431523157518567 0.411726868020237 1
322 0.07157615787592837 0.431050357154189 1
323 -3.469446951953614e-18 0.5010875483101767 0.9239312984130055
324 0 0.5419782052401179 1
325 0 0.6335825641920946 1
326 0 0.725186923144071 1
327 0 0.8167912820960473 1
328 0 0.9083956410480236 1
329 0.09838701530851478 1 1
330 0.1967740306170296 1 1
331 0.2951610459255438 1 1
332 0 1 0.9239312984129999
333 0.09838701530851476 0 0
334 0.1967740306170295 0 0
335 0.2951610459255437 0 0
336 0.2301402996554765 0 0.8478625968259997
337 0.1534268664369844 0 0.8478625968259997
338 0.07671343321849221 0 0.8478625968259997
339 0 0 0.09420695520288885
340 0 0 0.1884139104057777
341 0 0 0.2826208656086666
342 0 0 0.3768278208115554
343 0 0 0.4710347760144443
344 0 0 0.5652417312173331
345 0 0 0.659448686420222
346 0 0 0.7536556416231108
347 0 0.07738417568797007 0
348 0.1431557486410996 0.1934196417018557 0
349 0.07157787432054968 0.174093996538898 0
350 -3.469446951953614e-18 0.1829762163330879 0.04230706183549081
351 0.075621970752 0.2568808265326379 0.1225287030844776
352 0.07118769747733356 0.07255236251575446 0.847862596826
353 0.1423753949546669 0.09177266200737723 0.847862596826
354 -1.734723475976807e-18 0.1111755089570755 0.8044804343791273
355 -1.734723475976807e-18 0.1690189548900212 0.7610982719322568
356 4.163336342344337e-17 0.2246226408899366 0.6272729686548468
357 4.163336342344337e-17 0.2223828809566532 0.5368298278241983
358 4.163336342344337e-17 0.2201431210233699 0.4463866869935498
359 4.163336342344337e-17 0.2179033610900865 0.3559435461629012
360 4.163336342344337e-17 0.2156636011568032 0.2655004053322529
361 4.163336342344337e-17 0.2134238412235198 0.1750572645016045
362 0.06460409803249997 0.2647199862990258 0.7024051413242497
363 0 0 0.9239312984129999
364 0 0.0773841756879701 1
365 -3.469446951953614e-18 0.1040502072000305 0.9239312984130037
366 0.09838701530851478 0 1
367 0.1967740306170296 0 1
368 0.2951610459255438 0 1
369 0.1431557486410996 0.1934196417018557 1
370 0.07157787432054963 0.174093996538898 1
371 0.5778636503573279 0.960934760256 0.06835702962739017
372 0.6258243986802343 0.9534507437398558 3.469446951953614e-18
373 0.5683738692896294 0.9069014874797119 3.469446951953614e-18
374 0.5502860853038217 1 0.07758263588954076
375 0.4901236835129847 1 0
376 0.5866993057919119 1 0
377 0.6203168277699007 1 0.6312155818198232
378 0.6243980166108357 1 0.5336758029188152
379 0.6284792054517708 1 0.4361360240178073
380 0.6325603942927059 1 0.3385962451167992
381 0.6366415831336409 1 0.2410564662157909
382 0.6407227719745761 1 0.1435166873147822
383 0.5635794894139603 0.9686233473924999 0.7202170159834147
384 0.5412355233098295 1 0.7165916726940313
385 0.7496608070999644 0.950644148474 0.847862596826
386 0.6887464117583096 0.9012882969480001 0.847862596826
387 0.6278320164166549 0.851932445422 0.847862596826
388 0.745795347937397 1 0.8081601847909258
389 0.6810154934331498 1 0.7684577727558924
390 0.7469250652562832 1 0.9239312984129838
391 0.6258243986802341 0.9534507437398561 1
392 0.5683738692896292 0.9069014874797121 1
393 0.4901236835129849 1 1
394 0.5866993057919118 1 1
395 6.938893903907228e-18 0.3025712322712902 0.08461762930990069
396 0 0.2533035163466737 0
397 0 0.3518386813174074 0
398 6.938893903907228e-18 0.3025724257014911 0.7177147366439818
399 0 0.2533035163466738 1
400 0 0.3518386813174074 1
401 1 0.6414410002657565 0.847862596826
402 1 0.7310807501993173 0.847862596826
403 1 0.8207205001328783 0.847862596826
404 1 0.9103602500664392 0.847862596826
405 1 1 0.0942069552028889
406 1 1 0.1884139104057778
407 1 1 0.2826208656086667
408 1 1 0.3768278208115555
409 1 1 0.4710347760144444
410 1 1 0.5652417312173333
411 1 1 0.6594486864202223
412 1 1 0.7536556416231111
413 1 0.5419782052401179 0
414 1 0.6335825641920946 0
415 1 0.725186923144071 0
416 1 0.8167912820960473 0
417 1 0.9083956410480236 0
418 0.7624561960531296 1 0
419 0.8416374640354199 1 0
420 0.92081873201771 1 0
421 0.9052876012208092 1 0.847862596826
422 0.7624561960531294 1 1
423 0.8416374640354198 1 1
424 0.92081873201771 1 1
425 1 0.5419782052401179 1
426 1 0.6335825641920946 1
427 1 0.725186923144071 1
428 1 0.8167912820960472 1
429 1 0.9083956410480236 1
430 1 1 0.9239312984129999
431 1 0 0.0942069552028889
432 1 0 0.1884139104057778
433 1 0 0.2826208656086667
434 1 0 0.3768278208115556
435 1 0 0.4710347760144444
436 1 0 0.5652417312173333
437 1 0 0.6594486864202223
438 1 0 0.7536556416231112
439 1 0.07738417568797004 0
440 0.7624561960531296 0 0
441 0.8416374640354199 0 0
442 0.9208187320177101 0 0
443 0.9052876012208092 0 0.847862596826
444 1 0 0.923931298413
445 0.7624561960531295 0 1
446 0.8416374640354199 0 1
447 0.92081873201771 0 1
448 1 0.07738417568797012 1
449 0.708092438451131 0.3032129167556689 0.0248447965992746
450 0.4453411707739508 0.1583397201770751 0.1126911604641229
451 0.4384615298334392 0.4443025768184933 0.1150207327353484
452 0.6459906065809689 0.5221658910177613 0.04563323772978614
453 0.630918621670199 0.0751964887615062 0.05062766281437202
454 0.5463068368951421 0.1083122703155739 0.07892427314145446
455 0.6271549128635038 0.1646800024764498 0.05189531018855739
456 0.5386755976000641 0.2101833110931504 0.08148644017578922
457 0.4391129576569074 0.2765791662781439 0.1147858366204471
458 0.5381653817813785 0.304918906129283 0.08166669004140376
459 0.3872795429989855 0.3698900920594688 0.1321278490157841
460 0.501924296562802 0.5252038975622382 0.09380772033802748
461 0.5316614144286278 0.4347328525728692 0.08385475305806858
462 0.7087671304682867 0.3917472766886419 0.02462819547211226
463 0.6272509267774292 0.3470231741138573 0.05188175765396814
464 0.7087909734662723 0.2133703265185798 0.02460207275074051
465 0.7075171336471532 0.1237982656494835 0.0250189166600729
466 0.7117773432286469 0.4789617310528284 0.02363048785546778
467 0.5792977471488824 0.5661757938675359 0.06793906698065644
468 0.3344000447814693 0.3013234246590607 0.1498031890563305
469 0.6243549332333027 0.4324989772747395 0.05285884289939265
470 0.4829462670528918 0.3663194206645817 0.1001375960348839
471 0.6246883718232965 0.2572314395144982 0.05272951123495561
472 0.3730830350934947 0.2260438836341999 0.1368603671575269
473 0.4800140801640672 0.06845927668727975 0.1010877794289951
474 0.5256249711375343 0.6050666867266198 0.0858906041288016
475 0.5781870955738398 0.4930736261415881 0.06830301836887422
476 0.5619146373714377 0.3723938158546575 0.07373206841135964
477 0.4827194960257353 0 0.05766937127522004
478 0.705395399501126 0.3025457662032978 0
479 0.376564257421586 0.4547342913912361 0
480 0.3655551164180317 0.1579919254681617 0
481 0.6315489799423398 0.5448218144689461 0
482 0.5550828598673958 0.0816731429705379 0
483 0.649368080205875 0.06757065933147785 0
484 0.6220515953717195 0.1558443679489416 0
485 0.5241401480608774 0.1766037133886029 0
486 0.4774316967707971 0.5806446125298033 0
487 0.2925265714713102 0.2576620395972778 0
488 0.397525552042826 0.2648444566756838 0
489 0.6107337469425868 0.2634099407949913 0
490 0.7044914496760036 0.4879702586630384 0
491 0.6196648384827488 0.4386308708497936 0
492 0.3420188153746456 0.3611335069722539 0
493 0.4364480874530292 0.3794242354425727 0
494 0.4619811285694544 0.4816213141825696 0
495 0.5017242900749116 0.2936444255252326 0
496 0.5816918554636702 0.3538674719903646 0
497 0.4431132365715699 0.09668784686287998 0
498 0.703714158468061 0.2122928736288038 0
499 0.7069932752354796 0.3931705105201014 0
500 0.5476660355223262 0.5129498777559653 0
501 0.566772670157585 0.6030693896756205 0
502 0.7174820621115143 0.1237243176840473 0
503 0.5248627059276899 0.4100230326244164 0
504 0.4393995384310121 0.1896310505912485 0
505 0.4078806633992755 0.5307331808675469 0
506 0.2675944711301104 0.3553312395905625 0
507 0.5184909058438183 0.6554057066564172 0
508 0.6475711823964735 0.3470169909246504 0
509 0.2767960306545069 0.1937077967156793 0.08083151376537877
510 0.3782676552145658 0.05236997478190894 0.0504298399327752
511 0.2491098045083833 0.2566915096833761 0.1251458509575692
512 0.3357802424065275 0.1142927061989256 0.06720506386447356
513 0.278458066577229 0.4107841241662567 0.08472579315348466
514 0.3438245699783798 0.4968648220606729 0.07246726943474938
515 0.2495118974943807 0.3484276245906364 0.125904321120357
516 0.4548048940243928 0.642813016710286 0.05195106298815072
517 0.3974791018493021 0.5691588667815097 0.05999094334229855
518 0.5458828467315311 0.6792180220965239 0.05495429421648736
519 0.949370240542595 0.1580233047243595 0.0253842371012916
520 0.9002636040535901 0.2542357224342505 0.0346132608637537
521 0.8920598599260173 0.3657058255739691 0.03050461673762758
522 0.9517654910168749 0.337754830204934 0.06043676642815585
523 0.9591547613568918 0.2565872151426102 0.06413823921068039
524 1 0.3482659604156141 0.05457129389518793
525 1 0.2750232813290515 0.04435168478526021
526 0.9030027368329823 0.3436301702767905 0
527 0.9135546292531965 0.2650122418140132 0
528 0.9354555107574303 0.2001108259774115 0
529 0.929963390078369 0.4036519799068192 0
530 0.9493613631456077 0.4471201723754133 0.02538634048465432
531 0.5109233398990001 0.8671998593412362 0.09469063078033801
532 0.5109233398990001 0.7374137625954316 0.5826688553047468
533 0.5109233398990001 0.7523530279386001 0.4031304414210907
534 0.5109233398990001 0.7567451020077431 0.2257510140002332
535 0.5109233398990001 0.7379478887579821 0.09477137059757912
536 0.5109233398990001 0.8549332566967481 0.4918162744669047
537 0.5109233398990001 0.8489717593904955 0.3103947130545454
538 0.5109233398990001 0.8594698829450353 0.6788313154984564
539 0.5109233398990001 0.7602181689605435 0.6675253381301064
540 0.5109233398990001 0.8328707477323165 0.5814144980806353
541 0.5109233398990001 0.8499124297601941 0.397251251681724
542 0.5109233398990001 0.8483430391511768 0.2256984800076195
543 0.5109233398990001 0.7561183316393675 0.3176928822641364
544 0.5109233398990001 0.7529341029387645 0.5022898933491525
545 0.5109233398990001 0.8025613922663765 0.1371728961504132
546 0.5109233398990001 0.8033267382908502 0.7306914341270084
547 0.5109233398990001 0.7726454171872229 0.05275678329335431
548 0.5109233398990001 0.8317967814788326 0.0503779322221653
549 0.08686643843832184 0.7739308865760256 0
550 0.3643683227264755 0.692166769900696 0
551 0.2449097785534187 0.5467844804877303 0
552 0.2433307794605044 0.9207370464966163 0
553 0.4438014483545407 0.8330151867441171 0
554 0.07854741813302554 0.5789777981019097 0
555 0.3723469970198697 0.8656870647431095 0
556 0.1240988692936477 0.4833753836130527 0
557 0.4372839345102629 0.7551148934347198 0
558 0.1464514167479624 0.9243380517848508 0
559 0.1811052141355164 0.8244879263839525 0
560 0.3017888167193142 0.6199047364563653 0
561 0.2126624594144112 0.6352735969313472 0
562 0.07818144565451055 0.6794496400367098 0
563 0.3606326114749788 0.7840604748444533 0
564 0.2669090307303721 0.7287118625326293 0
565 0.160036891166799 0.7125727461087932 0
566 0.08032514574524161 0.8637416309279163 0
567 0.1933006257981815 0.4762151513587884 0
568 0.05076173169295509 0.4961760257641294 0
569 0.1646693183033911 0.5590348291141538 0
570 0.2903686154460815 0.8427512187072281 0
571 0.3435243386595342 0.9386255060961626 0
572 0.06752780514964905 0.9345059976785988 0
573 0.1388195065344275 0.6330617220585828 0
574 0.04767945197085864 0.3988459509665849 0.0579823255366413
575 0.1498812032366851 0.3453520963124616 0.09683489364730141
576 0.1703850535494368 0.3779925802328717 0.03957239307477478
577 0.1097160255227966 0.3855393050333416 0.05282030349702922
578 0.1931082740781741 0.302577571775 0.6315065517178452
579 0.1888325762642201 0.302577571775 0.205980446816285
580 0.1881200020629805 0.302577571775 0.557555172862515
581 0.4664273249499709 0.6129298555568404 0.3996781983455582
582 0.2957915122674316 0.372045230390303 0.4245354595174669
583 0.3835799336390911 0.4909421894497454 0.6150089990185061
584 0.3845088866450295 0.5019431391272925 0.223548731656407
585 0.4682345529115175 0.6111514023754548 0.5742751514330067
586 0.4664409640379723 0.6173941316351215 0.2201584180471259
587 0.3001877362766434 0.3808546682945134 0.3187559373712439
588 0.3474314980121342 0.4459144458215167 0.3778527827349158
589 0.3513354625758106 0.4491358754173649 0.4697586068560426
590 0.4090344550653227 0.5315534248379599 0.4223991181339161
591 0.3909653032984178 0.5084687541029259 0.3271615328833073
592 0.3035469872371843 0.3803984914673122 0.5282102103003271
593 0.3294529768084338 0.4241906462160594 0.2328086087951663
594 0.3323247242707376 0.4188924644884381 0.6100904005601102
595 0.4677972602650597 0.616985382732147 0.3137949449640419
596 0.4664273249499618 0.6107338185222758 0.488367912055987
597 0.4112331237144972 0.5321564366663922 0.5230777287158505
598 0.4356387199647457 0.5637652781167762 0.6343914572587624
599 0.2840144901781461 0.3600742848819385 0.2382715500026607
600 0.427201511987045 0.5607914526223963 0.274693237022347
601 0.2876950757965663 0.3560160055127345 0.6114746414564071
602 0.3564040462874641 0.4543050914978506 0.5492291890901673
603 0.4273138099313976 0.5630575088927882 0.1895617715957583
604 0.3505092802081318 0.4522743307124616 0.296025518688208
605 0.4305416501506575 0.5635040669057821 0.3550850110462934
606 0.4742614690419396 0.6179460634635424 0.6425977206027247
607 0.3318461532246875 0.5615551995240993 0.7923920737368642
608 0.4422896537392935 0.6720102537309938 0.7765489044421315
609 0.2782918448409868 0.4234659887212957 0.7361352652188455
610 0.4758026445972963 0.7604148166384159 0.813259586427691
611 0.2514228813622591 0.3541379127625075 0.7078750629216866
612 0.3727895290126711 0.6210032466767936 0.800512692274623
613 0.2744194578101019 0.4951649310334918 0.7938543252424511
614 0.3429042469513187 0.50494469939708 0.7396193969055173
615 0.3957033121656235 0.5780244051498683 0.7473817424181889
616 0.4564411986755997 0.9261980549929749 0.7690668775899611
617 0.4737111527366442 0.8539294566112225 0.8081896929497844
618 0.4018348113330643 0.945754929777802 0.8034165305470162
619 0.4881432405490645 0.9680741625970186 0.6610751941973569
620 0.4672123953093336 0.9574467435380954 0.06650597327683579
621 0 0.4622058484094185 0.4935483900579352
622 0 0.6800106831410347 0.08296264469930661
623 0 0.9191788726898273 0.414864951835332
624 0 0.6853208225391225 0.7700879607991458
625 0 0.4767945595503016 0.2969462389489808
626 0 0.5214086665122716 0.7276788127323766
627 0 0.9195661338752132 0.2311373404642841
628 0 0.920651476907554 0.6206284876066526
629 0 0.4573770415959679 0.1256472633815139
630 0 0.8655403750996592 0.7702322961946517
631 0 0.8628824111039628 0.07748935168025149
632 0 0.4839864103271004 0.05501247774364977
633 0 0.5388901365613039 0.1047474665910534
634 0 0.5218245576488534 0.2011756354592041
635 0 0.6185362267063992 0.1659739273730562
636 0 0.7234491161878351 0.1704542049911202
637 0 0.6753088956836193 0.2605506334830814
638 0 0.7706507872459614 0.2614505434296616
639 0 0.7259184955790076 0.3475376608818953
640 0 0.6274414788617295 0.3504493125449298
641 0 0.6780941995301079 0.4353437671101859
642 0 0.7731047596493276 0.4359235917775395
643 0 0.7290007814421697 0.521207103344437
644 0 0.6317003818948368 0.5241212521718456
645 0 0.68172564012921 0.6076973631121728
646 0 0.5793423326454671 0.6025708004838354
647 0 0.775075375515565 0.6014006701322121
648 0 0.5903919480954909 0.7803286686091364
649 0 0.8319099512742246 0.1761972564639441
650 0 0.829719350419734 0.5184925650219098
651 0 0.5636380404973006 0.4425474530655367
652 0 0.8296030462976733 0.3585380797082334
653 0 0.9197979832715838 0.3226993797260383
654 0 0.7733717278245292 0.08451724297243704
655 0 0.473568124967758 0.5892154377457136
656 0 0.467769094681402 0.4002799385077445
657 0 0.7769405795804871 0.7683097272564688
658 0 0.909993851957406 0.5179306907160491
659 0 0.616183080233716 0.6904810967818831
660 0 0.7268022277376598 0.6875288053374918
661 0 0.4493195262438365 0.6772537006103918
662 0 0.8345681111177734 0.6774066038529827
663 0 0.9250016695249458 0.140197106379414
664 0 0.9259800315563271 0.7093877516170634
665 0 0.5812010497892034 0.2706965356177235
666 0 0.5420909456829562 0.5304006667049733
667 0 0.5406642553375457 0.3576095820355161
668 0 0.4501915824476834 0.2217593150169669
669 0 0.8524121598413512 0.2710833934129921
670 0 0.5279643461206098 0.6574399696708401
671 0 0.9334017133101884 0.06732506385180276
672 0 0.9352132026045841 0.7817602042337135
673 0 0.6053783387987797 0.06915160130633025
674 0 0.849381812094395 0.4480582468949361
675 0 0.8510254515903309 0.5871940764217362
676 0.3451385643118259 1 0.7301357643168553
677 0.0671910376728316 1 0.532637030955208
678 0.09336036033874992 1 0.3368733439529691
679 0.3892530894485888 1 0.1102820759657887
680 0.3757741578130117 1 0.4578039631650544
681 0.3619772815143615 1 0.2590978143073007
682 0.1989619420278078 1 0.7803100309303856
683 0.1513663046879808 1 0.0832534135204228
684 0.06831694023376773 1 0.705067532983947
685 0.3797007920906285 1 0.5571950667761307
686 0.2906299426750619 1 0.5089724167714662
687 0.2903374025004912 1 0.4119788802307252
688 0.2985325149374562 1 0.6255017184954572
689 0.2028970260336271 1 0.460381239768677
690 0.2029617223008521 1 0.3559562331685099
691 0.2116572719558904 1 0.5630948851265023
692 0.2111299099184497 1 0.644345751857077
693 0.1309896459251694 1 0.6120510344995346
694 0.3742141033520091 1 0.3587156821220542
695 0.2468504262365555 1 0.08008055303992292
696 0.1980687476581589 1 0.1702273155588998
697 0.3051930737427794 1 0.1626888504671184
698 0.2498125732513323 1 0.2566524581204018
699 0.09158458773224866 1 0.1587055499112213
700 0.1510034099040296 1 0.2539790567687806
701 0.07746243890916334 1 0.4399440045928322
702 0.3936354935904236 1 0.6593428277415981
703 0.2805013643934649 1 0.7848079660494222
704 0.1152783488867348 1 0.7829298895019173
705 0.3443545535798007 1 0.05414051943758855
706 0.2958606165838092 1 0.3284802135897984
707 0.07023246814283562 1 0.245459439900682
708 0.2547549989087958 1 0.7111341001872807
709 0.07268840592071882 1 0.07164086882097781
710 0.3834512725745418 1 0.1762285438721877
711 0.1611402206436418 1 0.7087571719630507
712 0.05206174446779895 1 0.7874756515521949
713 0.05007507768830873 1 0.6123452088187775
714 0.1438272596235759 1 0.5054771870135748
715 0.1496186674744864 1 0.4133763566671886
716 0.07637064470662813 0.345622478950311 0.211480799631351
717 0.07507041489043942 0.3421609035706825 0.3823561593276801
718 0.07265093024181341 0.3414791365808203 0.4677154824710481
719 0.07190040646542362 0.3398164364146342 0.552803118508546
720 0.07460473585697175 0.3363198708319748 0.6293832589222159
721 0.07381851164761111 0.3449430329682924 0.2999166623467779
722 0.1447220527081983 0.4052579164431358 0.7672518915187676
723 0.08172893816195263 0.4630136275039816 0.7978163174533086
724 0.06931059898399336 0.3965657069690499 0.7454618569451736
725 0.1520191613755062 0.4586097198867114 0.8087464807657534
726 0.138851383266775 0.3523072136038049 0.7263469965889243
727 0.3014980621759778 0.6888148115994673 0.8478625968259997
728 0.1868327471348706 0.9263922147225115 0.8478625968259997
729 0.1234190091285679 0.5846219928542276 0.8478625968259997
730 0.08314803430068132 0.7855108865770565 0.8478625968259997
731 0.3283851600897257 0.8467641000833263 0.8478625968259997
732 0.2724522174148581 0.9247194463304003 0.8478625968259997
733 0.2192099489166204 0.8537650364821016 0.8478625968259997
734 0.1289328221644007 0.8618966492091686 0.8478625968259997
735 0.08335155408850758 0.6747198340859289 0.8478625968259997
736 0.1642328410097921 0.7310807501993175 0.8478625968259997
737 0.1940096030698765 0.5632061925732351 0.8478625968259997
738 0.3424677661471591 0.7545648457806909 0.8478625968259997
739 0.2352015787025201 0.6528513228795938 0.8478625968259997
740 0.1088884842243937 0.9351882973292399 0.8478625968259997
741 0.05166705301783347 0.5967284802325814 0.8478625968259997
742 0.2460868037823576 0.7611031655422471 0.8478625968259997
743 0.3964126442369882 0.8026361768374968 0.8478625968259997
744 0.1607091712905275 0.6445492512865723 0.8478625968259997
745 0.05988767621645363 0.8781427847246671 0.8478625968259997
746 0.0490979187318679 0.9447382664240693 0.8478625968259997
747 0.1614357036999602 0.8017740668729282 0.8478625968259997
748 0.832336854462676 0.1267525577852925 0.6823306969114619
749 0.8098086999117268 0.09798364039940756 0.05904020730981169
750 0.9325691595038228 0.1791379076413554 0.4021528484381428
751 0.7075336481758259 0.04324345310331061 0.2929493297101208
752 0.6994140171078352 0.04326702988155012 0.4879592975983338
753 0.9277891992551025 0.1716252706330509 0.2130273897514209
754 0.7251347694057652 0.06318962097392183 0.6777260849530902
755 0.9325691595038228 0.1836174275079221 0.5830391300994398
756 0.8853549231144853 0.1442456301943213 0.1215901289628559
757 0.8166009773014596 0.1043067082399113 0.1520359279075581
758 0.748199545446316 0.06261583055710332 0.1033114470494825
759 0.7035874690983114 0.04332202719739867 0.3904352755197073
760 0.7789612048059852 0.08678152729713488 0.3439410421598191
761 0.7884593571809737 0.0900731987210615 0.2498567714080449
762 0.8563685763024517 0.1312803708420989 0.2908126764645382
763 0.6964232028900036 0.04417857642857666 0.5962482073754179
764 0.7715204860742695 0.08722873396341281 0.5398315948161329
765 0.77506196437817 0.08689501675908991 0.4417150695759449
766 0.8550480089468926 0.1354910336212769 0.4924036672306871
767 0.8445416426103151 0.1319265876987937 0.5995692616028261
768 0.9440372655909077 0.1881544741501154 0.4921624321172036
769 0.8516657990961368 0.1309581883769565 0.3901983575833053
770 0.932591869144579 0.1769115804576365 0.3117093749550234
771 0.7184643225452754 0.04694161329510121 0.1810423190967217
772 0.8977869445192055 0.1651720395279332 0.6694904322426187
773 0.9513777668167195 0.1835338065706885 0.1301396645334947
774 0.8582977110441458 0.1304241578219889 0.2101321493381234
775 0.7757701757924736 0.09194740125943145 0.6288079005490327
776 0.9558338129036215 0.1994904497174246 0.6679817522001036
777 0.6682162037137626 0.02942681899971929 0.6747043712880089
778 0.693150886644181 0.02993690978016264 0.09936716321633077
779 0.7798775561490344 0.09614381359985845 0.7000963416211025
780 0.552275361310932 0 0.1847201057099337
781 0.5513762945719256 0 0.2840507665111855
782 0.5497757126842466 0 0.3810505515110575
783 0.5485607691097092 0 0.4788440255299866
784 0.5462858364043968 0 0.5764530494526077
785 0.5277128939764932 0 0.6467819339500825
786 0.2927759026780968 0.2373196218308533 0.4234213545306648
787 0.332163292314774 0.1771612046657318 0.2340288114160422
788 0.4133787041100129 0.06824860962922644 0.4545470257663254
789 0.3364024767994453 0.1802422639424685 0.5995145366036935
790 0.39620552541735 0.09605876409598045 0.6009517825408899
791 0.4139067472323231 0.06312286396599687 0.2775939775979288
792 0.3640596546199603 0.139189907235702 0.5145750475202855
793 0.3650141164870515 0.1353554179988335 0.4140130912788602
794 0.4119886702484504 0.06794351338131849 0.3631797646620452
795 0.3011665329258325 0.227965721039303 0.5228551688735802
796 0.298288521921848 0.2269858031636629 0.3196211115917501
797 0.3593733691617743 0.1409341886938541 0.3185147488473073
798 0.2843304499012774 0.244653909545751 0.2393164896021362
799 0.2901552783893351 0.2454900427329701 0.6043215022987937
800 0.3849390286256054 0.1022888736469912 0.2118346890107231
801 0.3294014543089196 0.1866466173412008 0.4599988663641913
802 0.4219832638924057 0.05801616992035885 0.5306703584756236
803 0.3288798353116665 0.1853087995434231 0.3763138260724242
804 0.576526733184819 0.6387491626345534 0.3193833196682334
805 0.7601429996490975 0.5357654231643069 0.09011075224373882
806 0.9306598784073273 0.4249268240846173 0.4911398852457246
807 0.9323827523009569 0.4284874999474236 0.3061611003199231
808 0.5776962034439702 0.6335223908480803 0.5025229053196392
809 0.7892193214313361 0.5039222901674152 0.6812161002401949
810 0.8956600751942172 0.4556175493499984 0.08814625625387829
811 0.8980934110595988 0.4395705288622475 0.6780689836556141
812 0.6289355649518713 0.6125524430685273 0.1248078080366284
813 0.6288195618555736 0.5995083964188607 0.6543804703647045
814 0.9277195641244607 0.4240899478217883 0.5952112384824076
815 0.8580319635544165 0.4667238875274904 0.53890885927045
816 0.858383386736741 0.4689376846035322 0.4411029245492692
817 0.7844555512479533 0.5115355706473469 0.4875975731893529
818 0.7861066553714473 0.5130283938357044 0.3878469019497522
819 0.7139811761408312 0.5545233248310223 0.4358097410543774
820 0.7165066610770163 0.555504042320796 0.3358435361156549
821 0.7895323886309488 0.5134816062742141 0.2876688560274299
822 0.7196941642070285 0.5560269240876162 0.2385454699328763
823 0.7148998039456165 0.551428828171898 0.5388298133663307
824 0.7951884512585443 0.5128442243720103 0.1782313070606442
825 0.8653771704400886 0.4697264678301301 0.2420965799232077
826 0.6465112219389501 0.5959164134981395 0.3766192859802691
827 0.7841635744936939 0.5092001033786366 0.5888965510605957
828 0.9296172366572271 0.4278828970101627 0.396674143280615
829 0.7096582625863124 0.551878195796926 0.6459535611726442
830 0.578944558699135 0.6397519717775559 0.221097959015868
831 0.5755826700334806 0.6327582914360211 0.5838951397042483
832 0.83732107990597 0.4906270019256637 0.06853846345779258
833 0.6895346874723163 0.5771078512213548 0.1079725572923974
834 0.857719043360059 0.4718127339531493 0.3408681491377648
835 0.9353195771791145 0.4289929388558521 0.2155586571330196
836 0.6486231161472171 0.5970044554631794 0.2822034014226182
837 0.9502222923713288 0.4223558620164006 0.1274327644538689
838 0.5788730609468959 0.6350130433631447 0.4141943199596438
839 0.6485098205437113 0.592205075405343 0.4787401400571847
840 0.5589277441989084 0.6537270754657196 0.1350945998621477
841 0.8493335205960291 0.4695907582202668 0.6310181203316667
842 0.6569266930286347 0.5941612033032393 0.198577514109316
843 0.9551876487081334 0.4059596287365383 0.6709439933741176
844 0.5627117395468209 0.6385059763657076 0.6593809030408553
845 0.6467266658399362 0.5909235592166181 0.5731129010719327
846 0.8732996391156267 0.4671634297396819 0.1562623223634256
847 0.846152292114396 0.46977412637732 0.6996434332173262
848 0.7309624549819328 0.5512297710645775 0.162974121733664
849 1 0.3122744043759684 0.218344361714285
850 1 0.3052574538818825 0.3996984857154783
851 1 0.300151637946712 0.5777869099189605
852 1 0.2999701900548446 0.3094833142330465
853 1 0.3026161816223975 0.4906533171936118
854 1 0.2910320892669208 0.6488486079587861
855 1 0.2818381473850877 0.1533374116593708
856 0.8862512826135059 0.3483654093303135 0.7446707860887387
857 0.880734129580345 0.2454545098602458 0.7459801414633734
858 0.9424377252143589 0.2757816503169161 0.7313566889820039
859 0.953502409864973 0.3438257634407878 0.7287332772340995
860 0.7418255625546036 0.2447773635113254 0.7491117382411225
861 0.4317305139828915 0.4339293279162792 0.6988104887373009
862 0.4500989018864855 0.1607276649436757 0.7018029978334493
863 0.6728207705647971 0.4889302291874866 0.7379083364002765
864 0.6161413466206623 0.07751588568790146 0.7287362427764285
865 0.4979717694683566 0.08070173725340107 0.7095710768227648
866 0.5537956561069279 0.1670734596142801 0.718620458312506
867 0.4982018433563256 0.2490243412317023 0.7096000840131236
868 0.5941420404519981 0.2600107378186675 0.7251593395376141
869 0.5465171514639479 0.3378309232854812 0.7174315871296021
870 0.6422140360711204 0.3480181629142192 0.7329514211239058
871 0.6579578334773318 0.1835385189820882 0.7355129027832806
872 0.4453081940816546 0.3324111647790602 0.7010175574568915
873 0.7448109206366431 0.1581888037540061 0.7496001834939242
874 0.6041958944264014 0.421830382715408 0.7267819104754298
875 0.5781685630282729 0.5191323433368783 0.7225559372785487
876 0.7058636622283241 0.4087478687320524 0.743271264143754
877 0.4000216815835537 0.2370286293286705 0.6936775957713467
878 0.4862273206029599 0.5101071474016777 0.7076451444630093
879 0.3453734925365099 0.3050608591625418 0.6848112717432541
880 0.3760070582693343 0.3791451128513763 0.6897758365197498
881 0.6903172401057145 0.1077081802423991 0.7407647666090748
882 0.7389870717527557 0.3318424872457649 0.7486470887368943
883 0.5255943870469222 0.5823810391192206 0.7140262174376766
884 0.5137918355536006 0.4156723788057751 0.7121202800620872
885 0.6707104871712115 0.2781677373225587 0.7375764869949922
886 0.7532261344743222 0.4654216348722465 0.7509498199424927
887 0.8150767789422759 0.4697129539226377 0.8279575364628025
888 0.8150508708845411 0.1353997795155918 0.8279584231250766
889 0.813258106734538 0.3021870345739378 0.9146039540563202
890 0.8143334865137912 0.220573162366769 0.8626986013156969
891 0.8143783899351543 0.3829178012145851 0.8611471858497949
892 0.8133312142559919 0.4673470209977885 0.9117096273322168
893 0.8133012650528099 0.1375321557550083 0.9119211440283369
894 0.8128690775633651 0.3843400161472223 0.9335767914490661
895 0.8128491270723801 0.220251974097583 0.9339243626022706
896 0.8148089365633949 0.2999745510158975 0.8401791975561761
897 0.8143672054734209 0.5275002628194853 0.8622211417901052
898 0.8143315141585842 0.07756681620001998 0.8622618318038829
899 0.7247980820749866 0.02920134834327142 0.7732030965400769
900 0.7864548540601266 0.02453850737316846 0.8145184545209301
901 0.7773723163491316 0.05361801386979557 0.9666294153122914
902 0.5688712756807618 0.761318344847809 0.9063833559611677
903 0.7094016231631378 0.6353134304461737 0.9242908374701924
904 0.5524049325434038 0.7371220225083662 0.9617517723638268
905 0.625118200655791 0.7018492370156353 0.9268787370638844
906 0.7573212079816277 0.5801946517798842 0.9483215776396283
907 0.7669851991846278 0.6062943365308325 0.898275252989001
908 0.6241055399137154 0.6901757846140337 0.7978904326993066
909 0.7542112675519439 0.5894804469407495 0.8014624767664058
910 0.5679389222182585 0.7447105284637773 0.8047177964145474
911 0.6906227987069913 0.6386781904823539 0.7997041358731654
912 0.5602401855953997 0.6920624180739683 0.7601755785627127
913 0.5854323124353656 0 0.787294260315708
914 0.436711079611116 0 0.8323737706004045
915 0.6322618610223902 0 0.8494687952896753
916 0.5376956304716178 0 0.8874093036736822
917 0.4330109330744134 0 0.9190249305983211
918 0.4967363560450822 0 0.7800560856674
919 0.6420761169380851 0 0.9277197413048544
920 0.3773515200852731 0 0.8646487311754827
921 0.707302578330261 0 0.8632677687831019
922 0.7053953995011248 0.3025457662032979 1
923 0.3765642574215861 0.4547342913912361 1
924 0.3655551164180319 0.1579919254681618 1
925 0.6315489799423396 0.5448218144689464 1
926 0.5550828598673955 0.0816731429705379 1
927 0.6493680802058748 0.06757065933147778 1
928 0.6220515953717189 0.1558443679489415 1
929 0.5241401480608772 0.1766037133886029 1
930 0.4774316967707973 0.5806446125298036 1
931 0.2925265714713102 0.2576620395972779 1
932 0.397525552042826 0.264844456675684 1
933 0.6107337469425861 0.2634099407949913 1
934 0.7044914496760032 0.4879702586630387 1
935 0.6196648384827484 0.4386308708497936 1
936 0.3420188153746456 0.3611335069722539 1
937 0.4364480874530291 0.3794242354425725 1
938 0.4619811285694544 0.4816213141825697 1
939 0.5017242900749114 0.2936444255252325 1
940 0.5816918554636696 0.3538674719903643 1
941 0.4431132365715698 0.09668784686288012 1
942 0.7037141584680602 0.2122928736288037 1
943 0.7069932752354787 0.3931705105201014 1
944 0.547666035522326 0.5129498777559656 1
945 0.5667726701575849 0.6030693896756208 1
946 0.7174820621115139 0.1237243176840469 1
947 0.5248627059276897 0.4100230326244163 1
948 0.439399538431012 0.189631050591249 1
949 0.407880663399276 0.5307331808675472 1
950 0.2675944711301104 0.3553312395905625 1
951 0.5184909058438179 0.6554057066564177 1
952 0.6475711823964727 0.3470169909246502 1
953 0.468519275480854 0.7575302481784926 0.9068110481112575
954 0.3126831658684067 0.5687237393961111 0.9118267841734915
955 0.4209107548807451 0.6885075716922355 0.9250721050982229
956 0.2688248534555548 0.5097045719110789 0.9219138793730903
957 0.36453074068101 0.6304093847953083 0.9118267841734895
958 0.4725922153609481 0.7277699024976503 0.9578548040479649
959 0.2653178140654497 0.1156441608388963 0.7977680144199237
960 0.2720089519490446 0.183390956878407 0.7405018975884496
961 0.2505342353677292 0.2508390628552253 0.7088094104689638
962 0.3134752650789113 0.05698407080944769 0.7988001720335313
963 0.3642341862788397 0.04988758957825103 0.7584878369549798
964 0.3245154062165857 0.1138585892031473 0.7458441125307329
965 0.2658159220520042 0.09693277766479858 0.918821019901951
966 0.2986939853343756 0.04049281269359258 0.8932696273467057
967 0.2133952694822949 0.3557626160156255 0.8270139167176919
968 0.2134413462024547 0.2524399797109019 0.8326038158834314
969 0.2140333874613098 0.348213425033022 0.9097178638529011
970 0.2141267032525055 0.2416008989593204 0.9214200836146325
971 0.2129604158705075 0.3025752733433743 0.7704374985410982
972 0.2136609993088266 0.4143383432066971 0.8616834583579858
973 0.2136941515868845 0.1883514925217519 0.8651418821434801
974 0.8834077840862374 0.09584633355353231 0.7923679753704979
975 0.9403346554924226 0.1334699824005139 0.7756778653457255
976 0.9462110718595313 0.08442618650406586 0.8136502937494727
977 0.8613364638998756 0.09223025631185011 0.9623546964625925
978 0.9162354827426447 0.07670587331728672 0.9168395522531847
979 0.8613409916089021 0.5128975833542314 0.9623661835461829
980 0.9162440905750416 0.5284241455387052 0.9168440788917019
981 0.8834266992256019 0.5092788731520419 0.7923629321821664
982 0.9403394622875586 0.4716647642148168 0.7756746491453596
983 0.9462204515017286 0.5207048716285758 0.8136484588262154
984 1 0.3025708162299213 0.9230585577165582
985 1 0.1850950156050087 0.8318396842542258
986 1 0.4200449599324914 0.8318382176772625
987 1 0.2647185754349976 0.7818073993660479
988 1 0.4106524352377893 0.9144078245067258
989 1 0.1944870038920322 0.9144082776392386
990 1 0.3593644547394955 0.7779655688152524
991 1 0.2602635354905234 0.8617474345801845
992 1 0.3362691295108698 0.8484708337770052
993 1 0.4755095688454922 0.8645038913148939
994 1 0.1296279597356554 0.8645044583023186
995 0.9030027368329823 0.3436301702767906 1
996 0.9135546292531964 0.2650122418140131 1
997 0.9354555107574303 0.2001108259774115 1
998 0.929963390078369 0.4036519799068192 1
999 0.467313630016211 0.8495405029381848 0.9075234147756323
1000 0.4174428960544708 0.9220133100847864 0.9269030748640876
1001 0.4717677812870908 0.8787093144820746 0.9583634713340214
1002 0.09535831778493889 0.490583988848277 0.9010712189557324
1003 0.1336192044350151 0.4524747591559434 0.9427400527894737
1004 0.06011073601917651 0.4651140999513455 0.9535485140316423
1005 0.1629706411694246 0.4784142268265801 0.8919460311128051
1006 0.08686643843832186 0.7739308865760256 1
1007 0.3643683227264754 0.6921667699006959 1
1008 0.2449097785534187 0.5467844804877303 1
1009 0.2433307794605044 0.9207370464966164 1
1010 0.4438014483545407 0.8330151867441171 1
1011 0.07854741813302549 0.5789777981019097 1
1012 0.3723469970198697 0.8656870647431097 1
1013 0.1240988692936475 0.4833753836130527 1
1014 0.4372839345102628 0.7551148934347198 1
1015 0.1464514167479625 0.9243380517848508 1
1016 0.1811052141355164 0.8244879263839523 1
1017 0.3017888167193141 0.6199047364563656 1
1018 0.2126624594144113 0.6352735969313472 1
1019 0.07818144565451061 0.6794496400367098 1
1020 0.3606326114749788 0.7840604748444531 1
1021 0.2669090307303721 0.728711862532629 1
1022 0.160036891166799 0.7125727461087932 1
1023 0.08032514574524163 0.8637416309279163 1
1024 0.1933006257981815 0.4762151513587884 1
1025 0.05076173169295524 0.4961760257641294 1
1026 0.164669318303391 0.5590348291141539 1
1027 0.2903686154460815 0.842751218707228 1
1028 0.3435243386595345 0.938625506096163 1
1029 0.06752780514964912 0.9345059976785987 1
1030 0.1388195065344275 0.6330617220585828 1
1031 0.2684970162647227 1 0.9201047513443416
1032 0.1150701498277383 1 0.914298378804735
1033 0.1927816725603903 1 0.9060256647602151
1034 0.05002869957914485 1 0.9497225604643191
1035 0.04550367369198108 1 0.8936387609390077
1036 0 0.5926919072621463 0.9236609375551352
1037 0 0.860831080155781 0.9217996758165269
1038 0 0.7741705846856271 0.9231681865808103
1039 0 0.6830256216248354 0.9237590529646573
1040 0 0.9328181824252004 0.9122483760202981
1041 0.345138564311826 0 0.7301357643168553
1042 0.0673694634185476 0 0.5330675759579131
1043 0.07750460955293503 0 0.3405673657800999
1044 0.3820767688719546 0 0.1066116948029625
1045 0.3757784319492291 0 0.4580470210730055
1046 0.3724696026209918 0 0.2629284582552838
1047 0.1989966593783357 0 0.7804314956257518
1048 0.1473130120778446 0 0.07674569687488034
1049 0.06842160479647558 0 0.7052643215208189
1050 0.3739018337306637 0 0.3592136610915338
1051 0.288405684854255 0 0.4100351139448382
1052 0.2903828315694535 0 0.509672973724661
1053 0.202917569611823 0 0.461549494331516
1054 0.210843324620212 0 0.5613885515546623
1055 0.2992640129856434 0 0.6259627047292828
1056 0.2009216545127942 0 0.3615724428191699
1057 0.211266295402233 0 0.6444742666458679
1058 0.130985592531782 0 0.6121498971154368
1059 0.2865965030674338 0 0.3104226590050324
1060 0.2901394696880806 0 0.2192355731505728
1061 0.199393736347873 0 0.2607970300689123
1062 0.3808936061182531 0 0.5601702210678777
1063 0.2490221255595734 0 0.07157574284201944
1064 0.1001227665521944 0 0.2416829879493972
1065 0.07488897340776413 0 0.4411060733186417
1066 0.3937991255696525 0 0.6596350165617967
1067 0.1966692736345244 0 0.1633979746264606
1068 0.07917274989050971 0 0.1406342015453982
1069 0.2805479602904877 0 0.7848831882183784
1070 0.1152768485253915 0 0.783019329482012
1071 0.344011593014996 0 0.05589225748926958
1072 0.3137560805401927 0 0.1324383586951087
1073 0.2549522446636693 0 0.7113995214006794
1074 0.3743153831977411 0 0.1792115740474152
1075 0.06903773297729485 0 0.06782821174064345
1076 0.1611534751200766 0 0.7089267695566717
1077 0.05208237730807185 0 0.7875328972555882
1078 0.05040004110531895 0 0.6123452088187775
1079 0.1461771346564235 0 0.5080144892691753
1080 0.1448233797563219 0 0.4065366949319325
1081 0.1487665399404608 0 0.3146199679214436
1082 0.1118874342348364 0.104824215676546 0
1083 0.2511346576238722 0.06882209980972678 0
1084 0.195531464189307 0.1377821020598525 0
1085 0.0465317632419287 0.1099525654246679 0
1086 0.05074188972768495 0.05279216178245057 0
1087 0.1735001198466932 0.06625676751105444 0
1088 0.04767917012552893 0.2062983447284218 0.05797881691382405
1089 0.1498829678590686 0.2597999560476293 0.09683516228334979
1090 0.1703882381911841 0.2271566123846412 0.03957208567072961
1091 0.1097176616482414 0.21960822965567 0.05281912799207063
1092 0.1862127341018491 0.05008249488273453 0.8478625968259997
1093 0.03765190337695546 0.02911760032477281 0.8478625968259997
1094 0.1175623384789824 0.04223286504053014 0.8478625968259997
1095 0 0.1610492037595366 0.09798279904132348
1096 0 0.1493531838661719 0.5815680434323843
1097 0 0.1470339710646072 0.3936283716003802
1098 0 0.1351695923962645 0.2372227023417668
1099 0 0.08183661990320718 0.7255064678165329
1100 0 0.08158561641888433 0.1413104328043333
1101 0 0.08035032447493635 0.3231406935994049
1102 0 0.1447901319699782 0.4834137469799001
1103 0 0.1585448581522065 0.6741586413020396
1104 0 0.07592618285981015 0.6206769706340667
1105 0 0.07048196939728724 0.5225474256391978
1106 0 0.04926883837688287 0.7958735474941541
1107 0 0.06899033563064021 0.4262276457061022
1108 0 0.1592241700365396 0.3150871438073413
1109 0 0.05942110665801703 0.2345417209519899
1110 0 0.1160762635319552 0.04662511239420698
1111 0 0.05034717590382565 0.053764207943474
1112 0.07637077899786168 0.2595267858934006 0.2114780725936792
1113 0.07507158206426887 0.2629894996496646 0.3823555861488976
1114 0.07265061883949384 0.2636704964402821 0.4677153783377597
1115 0.07190006046790162 0.2653334058900502 0.552803104031568
1116 0.07460585634167247 0.2688313355740735 0.6293839569097286
1117 0.07381872855845864 0.2602063985566251 0.2999149367610393
1118 0.1447244515121944 0.1998876041234799 0.7672528489529732
1119 0.0822069818030432 0.1422575880959153 0.7978155255734198
1120 0.06939141199146967 0.2086015320072669 0.7454629751647452
1121 0.1520253255176078 0.1465327110259099 0.8087470129861858
1122 0.1388658620100226 0.2528467168327019 0.7263475713381293
1123 0 0.04287493789545419 0.9018437176269045
1124 0 0.04183993290148807 0.9558307582289906
1125 0.2684970162646826 0 0.9201047513444042
1126 0.1150701498277383 0 0.914298378804735
1127 0.1927816725603823 0 0.9060256647602277
1128 0.05002869957914481 0 0.9497225604643194
1129 0.04550367369198107 0 0.8936387609390077
1130 0.09536289329701789 0.1145557333489104 0.9010709359180127
1131 0.1336246243568554 0.1526685271353451 0.9427397667742223
1132 0.06011307839488458 0.1400273631198249 0.9535484002210477
1133 0.1629781435534233 0.1267273941844525 0.8919458119540161
1134 0.1118874342348364 0.104824215676546 1
1135 0.2511346576238723 0.06882209980972682 1
1136 0.1955314641893071 0.1377821020598525 1
1137 0.0465317632419287 0.1099525654246679 1
1138 0.05074188972768495 0.05279216178245059 1
1139 0.1735001198466932 0.06625676751105442 1
1140 0.5436821673746508 0.9228642219746124 0.05305402950568765
1141 0.5384114946524484 0.9611520956300336 0
1142 0.4827194960257056 1 0.05766937127518434
1143 0.5651403106371876 0.9552573451322993 0.1431847047181986
1144 0.571392029417128 0.9629704959563521 0.3052322575133011
1145 0.5683020634387342 0.9656669827898527 0.4879680704903345
1146 0.5704300620664081 0.9646256156738365 0.3950580698708742
1147 0.5671246257046515 0.9671893725486955 0.577583858911608
1148 0.5711276984343698 0.960697483018732 0.2197638054964854
1149 0.5644199417285874 0.9675987937665187 0.6587581131103014
1150 0.5522753613109309 1 0.1847201057099249
1151 0.5513762945719258 1 0.2840507665111852
1152 0.5497757126842467 1 0.3810505515110574
1153 0.5485607691097092 1 0.4788440255299866
1154 0.5462858364043992 1 0.576453049452606
1155 0.5277128939764895 1 0.646781933950063
1156 0.6243067482816733 0.9585948532656925 0.7650213346196739
1157 0.5689719562478254 0.8607366740868972 0.8051286994794881
1158 0.6905747486857406 0.9545028284535654 0.8087310598746058
1159 0.5640742058795328 0.9171143394167031 0.759482232855483
1160 0.6301545070230679 0.9075838503514242 0.8071906383481251
1161 0.5672426522529223 0.8470508228802156 0.9130730225213132
1162 0.6058431574214097 0.9035514531315763 0.9502789506296633
1163 0.6777944907142006 0.9432609697409315 0.9228604222185907
1164 0.5513150291269932 0.8688919120198493 0.9643235350683295
1165 0.6334917457126935 0.8894167976245519 0.8963875178043085
1166 0.5854323124353504 1 0.7872942603156964
1167 0.4360304187407217 1 0.8327616399590612
1168 0.632261861022388 1 0.8494687952896738
1169 0.5371000522100207 1 0.8877486893625051
1170 0.4316921526380501 1 0.9197764274807382
1171 0.4965236495230815 1 0.7801772948419595
1172 0.6420254725280852 1 0.9277486006321352
1173 0.3769516318239216 1 0.8648766044236974
1174 0.7073003811376847 1 0.8632690208363822
1175 0.5384114946524482 0.9611520956300337 1
1176 0 0.3482659604156332 0.05457129389519903
1177 0 0.2750232813290546 0.04435168478526206
1178 0.08533395603074578 0.3025710988320406 0
1179 0.1525345071497288 0.3392179685167699 0
1180 0.1505904226104889 0.2645496487287685 0
1181 0.09051938736165194 0.3672809947681288 0
1182 0.09013160032057679 0.2375875804296473 0
1183 0 0.3122744043759683 0.2183443617142851
1184 0 0.3052574538818824 0.3996984857154785
1185 0 0.3001516379467118 0.5777869099189608
1186 0 0.2999701900548445 0.3094833142330465
1187 0 0.3026161816223974 0.4906533171936119
1188 0 0.2910320892669203 0.6488486079587865
1189 0 0.2818381473850878 0.1533374116593709
1190 0 0.3025708162299212 0.9230585577165529
1191 0 0.185095015604988 0.8318396842542126
1192 0 0.420044959932506 0.8318382176772495
1193 0 0.2647185754348597 0.7818073993659913
1194 0 0.4106524352377837 0.9144078245067202
1195 0 0.1944870038920312 0.9144082776392327
1196 0 0.359364454739487 0.7779655688152177
1197 0 0.2602635354904886 0.8617474345801638
1198 0 0.336269129510841 0.8484708337769824
1199 0 0.4755095688454871 0.8645038913148927
1200 0 0.129627959735651 0.8645044583023147
1201 0.08533395603074577 0.3025710988320406 1
1202 0.1525345071497287 0.3392179685167699 1
1203 0.1505904226104889 0.2645496487287685 1
1204 0.09051938736165191 0.3672809947681288 1
1205 0.09013160032057677 0.2375875804296473 1
1206 1 0.4666363201449029 0.4902396441682247
1207 1 0.6793847436680828 0.07933170194979999
1208 1 0.9178958268865522 0.4339456306972365
1209 1 0.6854582840573994 0.7690253594668273
1210 1 0.4664299347697132 0.3130927550542801
1211 1 0.5026126978166189 0.7326974174410007
1212 1 0.9170788919961164 0.2274447458672538
1213 1 0.9215032093008784 0.6170462632196969
1214 1 0.4553843475558185 0.1022387770497501
1215 1 0.8655403750996586 0.7702322961946518
1216 1 0.8621411416741669 0.07670208638258313
1217 1 0.5037328387015315 0.1733384666975586
1218 1 0.5818462145829778 0.7693218379937199
1219 1 0.6290269646305207 0.6792673799037278
1220 1 0.7334931894207839 0.6827689517890494
1221 1 0.682882090121282 0.5946745180251394
1222 1 0.5374441442112485 0.635261058151305
1223 1 0.7752672556878488 0.5908799553110986
1224 1 0.7252364777198652 0.5086586984925917
1225 1 0.6278384624973441 0.5146185303527357
1226 1 0.6716783473600009 0.4255309007054694
1227 1 0.7669210733155725 0.4185101399934781
1228 1 0.7164778490727168 0.3364007212949419
1229 1 0.6203663700133661 0.3431343967253838
1230 1 0.6635188950658931 0.2538617465822018
1231 1 0.7629476232845068 0.2479570844176382
1232 1 0.5510401241119826 0.2640771982063587
1233 1 0.6088215682725597 0.157602823775581
1234 1 0.827789624270122 0.4961923200801361
1235 1 0.5605093089774418 0.4390624512601785
1236 1 0.8086394987405967 0.3320195185468754
1237 1 0.5350127056641487 0.09011560859430875
1238 1 0.8357464318242153 0.6733080266645042
1239 1 0.9043843258304192 0.330340486270953
1240 1 0.9199612895264393 0.526484163524927
1241 1 0.7709891026200592 0.07933170194979927
1242 1 0.8270826483398245 0.1712868225474383
1243 1 0.4583637858599941 0.5840646968738294
1244 1 0.4670329349025377 0.4001511279583059
1245 1 0.7786732551223753 0.765176637961172
1246 1 0.7160374289596967 0.1662386598305033
1247 1 0.4465999090115932 0.674156366981043
1248 1 0.9238864073818692 0.1386338836890648
1249 1 0.9262217045443943 0.7084733704771309
1250 1 0.5425451938090065 0.541801740888457
1251 1 0.5340201565938598 0.3531246808908853
1252 1 0.4905064547686661 0.04080993817241508
1253 1 0.842972962148411 0.259289706705391
1254 1 0.8451260698086526 0.4022016191177358
1255 1 0.6040993053708026 0.5915359080529003
1256 1 0.8534835137639785 0.5768337554015972
1257 1 0.9334017133101886 0.06732506385180259
1258 1 0.4585412082368263 0.2397853462047828
1259 1 0.9352132026045832 0.7817602042337132
1260 1 0.6046034000386493 0.06604363617329788
1261 1 0.5630768807667994 0.6999749828849597
1262 0.8016896043684925 0.9285060874405364 0
1263 0.7780178591176924 0.5963658358412177 0
1264 0.6525160321495975 0.8827480573863214 0
1265 0.9162561635385795 0.7725675036451538 0
1266 0.6587881168703191 0.7254654911606564 0
1267 0.9088123876806905 0.5676465852984351 0
1268 0.5844316233403571 0.7661323195356187 0
1269 0.9142596207982527 0.681557410474429 0
1270 0.8300639462974013 0.7337831277142834 0
1271 0.8373860080478064 0.8413257277778819 0
1272 0.7475117899709838 0.7826202095517669 0
1273 0.7395683385958293 0.6710650827541697 0
1274 0.9325466059369677 0.8707841642524322 0
1275 0.7143931439982075 0.9387338291441996 0
1276 0.5790536172378855 0.8354170642005191 0
1277 0.8824146300692086 0.9324689666658104 0
1278 0.8281565655625032 0.5640700736094991 0
1279 0.6664007138974501 0.8032778110398454 0
1280 0.7483792577648112 0.8652340730799167 0
1281 0.833097372887569 0.6422714127336782 0
1282 0.9471559936047772 0.9423297543932533 0
1283 0.7563972680324829 0.741027921749248 0.8478625968260001
1284 0.8399780616793201 0.9222414626209066 0.8478625968260001
1285 0.9200692257709286 0.7726955541295817 0.8478625968260001
1286 0.8746867228626465 0.676450033513847 0.8478625968260001
1287 0.7200536885168169 0.8270058779407135 0.8478625968260001
1288 0.8166480875459681 0.8235697876430919 0.8478625968260001
1289 0.9184226073637415 0.864150011651717 0.8478625968260001
1290 0.7598928204197526 0.8824104151971524 0.8478625968260001
1291 0.8400686448599507 0.7450213149575428 0.8478625968260001
1292 0.807711675401616 0.6832707201430276 0.8478625968260001
1293 0.9421649877990166 0.6815724155146677 0.8478625968260001
1294 0.9338402691862322 0.9353125153174043 0.8478625968260001
1295 0.6847868286605909 0.7749125559552923 0.8478625968260001
1296 0.7600170678270384 1 0.725612349474687
1297 0.9197448647208396 1 0.5221662697359792
1298 0.9184143835811156 1 0.3297243432101111
1299 0.7888384593690626 1 0.067634459156133
1300 0.7185360363197941 1 0.3910488462369229
1301 0.715107258231242 1 0.5822918517000872
1302 0.9212802312412558 1 0.7064412841805066
1303 0.7246549992196349 1 0.2011789451921486
1304 0.9230416308947174 1 0.136577782110417
1305 0.7098496361645601 1 0.06327743786920532
1306 0.7234580927103128 1 0.294426776280698
1307 0.8153386623351626 1 0.2573113444095542
1308 0.7109105374390929 1 0.4884403266822027
1309 0.7996736010269374 1 0.443150937224052
1310 0.8443997621751016 1 0.7677924545601003
1311 0.9184143835811157 1 0.2355173880072222
1312 0.8193938746771415 1 0.349105815408732
1313 0.9182533983334653 1 0.6129980648652661
1314 0.8249888955832828 1 0.5767245282335244
1315 0.9010079002808813 1 0.4267446907342659
1316 0.8374345340816041 1 0.6734532060996061
1317 0.8732660891006466 1 0.06828460378994648
1318 0.6851914157411723 1 0.6895749335483259
1319 0.8200141015901192 1 0.1563814720241513
1320 0.764547834292868 1 0.6495313738112461
1321 0.9311594337215435 1 0.779159483402403
1322 0.7368159936635905 1 0.1263978003112841
1323 0.7796368696717919 1 0.5138133968945759
1324 0.9434252904026149 1 0.05981386822065048
1325 0.8485743735392203 1 0.4955457225448301
1326 0.7964808087309377 0.922213414519785 1
1327 0.788028400052543 0.6115567642703725 1
1328 0.6479146408831721 0.8799385985092911 1
1329 0.9275832752102322 0.7703380897559367 1
1330 0.6552831784143361 0.7198294800861361 1
1331 0.8977244916673208 0.5486620400344568 1
1332 0.5844316233403575 0.7661323195356183 1
1333 0.8670426699509033 0.6291519797430383 1
1334 0.7943034873383777 0.7016237026358507 1
1335 0.9338810828195682 0.8663235209905902 1
1336 0.8338691568228981 0.8161720678897451 1
1337 0.7331665542601153 0.8532626724573472 1
1338 0.71238034233657 0.934492288252129 1
1339 0.5780722114361241 0.8350200911368189 1
1340 0.8812280980265648 0.9314270104234736 1
1341 0.7223320241138196 0.6687337375976635 1
1342 0.7351108606326231 0.7648035109386354 1
1343 0.6556631781611214 0.8031644454439744 1
1344 0.8332918152292156 0.5620209956499015 1
1345 0.9411521229289008 0.6788388450712706 1
1346 0.9411838569094251 0.6064427268561956 1
1347 0.8727901424502624 0.7192249370191682 1
1348 0.9471855825727687 0.9412292344924176 1
1349 1 0.5926919072621489 0.923660937555137
1350 1 0.860831080155781 0.9217996758165269
1351 1 0.7741705846856269 0.9231681865808101
1352 1 0.6830256216248358 0.9237590529646578
1353 1 0.9328181824252001 0.9122483760202981
1354 0.884929514586553 1 0.9275124488080255
1355 0.8134984021389119 1 0.9380385786549563
1356 0.9508448690052898 1 0.8972754979026465
1357 0.9539159782324662 1 0.9532357919338101
1358 1 0.1610492037595366 0.0979827990413235
1359 1 0.1493531838662279 0.5815680434324655
1360 1 0.1470339710646073 0.3936283716003804
1361 1 0.1351695923962645 0.2372227023417668
1362 1 0.08183661990325525 0.7255064678166026
1363 1 0.08158561641888436 0.1413104328043333
1364 1 0.08035032447493634 0.323140693599405
1365 1 0.1447901319699876 0.4834137469799138
1366 1 0.1585448581524129 0.6741586413022786
1367 1 0.07592618285986188 0.6206769706341317
1368 1 0.07048196939730116 0.5225474256392169
1369 1 0.04926883837689217 0.7958735474941678
1370 1 0.06899033563064219 0.4262276457061051
1371 1 0.1592241700365395 0.3150871438073413
1372 1 0.05942110665801703 0.2345417209519899
1373 1 0.1160762635319552 0.04662511239420698
1374 1 0.05034717590382567 0.05376420794347402
1375 0.8756118055195106 0.05519637049679838 0
1376 0.802046830044275 0.03278533070475245 0
1377 0.9424095210216417 0.05291319097018572 0
1378 0.7600170678270386 0 0.7256123494746869
1379 0.9197448647208397 0 0.5221662697359792
1380 0.9184143835811156 0 0.3297243432101111
1381 0.7888384593690626 0 0.067634459156133
1382 0.7185360363197941 0 0.3910488462369229
1383 0.715107258231242 0 0.5822918517000871
1384 0.9212802312412558 0 0.7064412841805067
1385 0.7246549992196349 0 0.2011789451921486
1386 0.9230416308947174 0 0.136577782110417
1387 0.7098496361645601 0 0.06327743786920531
1388 0.7234580927103128 0 0.294426776280698
1389 0.8153386623351626 0 0.2573113444095542
1390 0.7109105374390929 0 0.4884403266822027
1391 0.7996736010269374 0 0.443150937224052
1392 0.8443997621751016 0 0.7677924545601003
1393 0.9011966612112459 0 0.4263679860162504
1394 0.9184143835811157 0 0.2355173880072222
1395 0.8150397523856944 0 0.3539947084637957
1396 0.9182533983334653 0 0.612998064865266
1397 0.8249888955832828 0 0.5767245282335244
1398 0.8374345340816044 0 0.6734532060996061
1399 0.8732660891006466 0 0.06828460378994652
1400 0.6851914157411723 0 0.6895749335483254
1401 0.8200141015901192 0 0.1563814720241513
1402 0.764547834292868 0 0.649531373811246
1403 0.9311594337215438 0 0.779159483402403
1404 0.7368159936635905 0 0.1263978003112841
1405 0.7796368696717919 0 0.5138133968945759
1406 0.9434252904026149 0 0.05981386822065049
1407 0.8485842007430086 0 0.4955261106790442
1408 0.8849295145865531 0 0.9275124488080255
1409 0.8134984021389118 0 0.938038578654957
1410 0.9508448690052896 0 0.8972754979026465
1411 0.9539159782324663 0 0.9532357919338101
1412 1 0.04287493789545263 0.9018437176269072
1413 1 0.04183993290148792 0.9558307582289909
1414 0.8756118055195106 0.05519637049679836 1
1415 0.8020468300442747 0.03278533070475224 1
1416 0.9424095210216417 0.05291319097018574 1
1417 0.244181038560455 0.7197657890515914 0.3172442780811731
1418 0.2484518737069247 0.7370220470876402 0.5699312315323912
1419 0.1940811924409561 0.5683378459129126 0.1972182836750699
1420 0.1864795637143384 0.5398362507267281 0.5772633695621523
1421 0.1880349817326015 0.5514812722224083 0.3870004934365093
1422 0.3492344010910178 0.8012751411763297 0.6872046181895972
1423 0.1744809553797143 0.8273675322973844 0.4380428834734829
1424 0.3216740085128785 0.6863155433724305 0.1631473826754699
1425 0.3379304535710001 0.8382227716490366 0.3942520719367358
1426 0.1684723822652137 0.8336665445636572 0.6825050872803413
1427 0.1646774303864443 0.7776219786920623 0.1744126907903839
1428 0.1579665645984955 0.6612470980848185 0.6843529155785865
1429 0.3104826335217434 0.843723462160882 0.2252897602210881
1430 0.3334130083227893 0.6875100556532169 0.4449076783666922
1431 0.1463209786376499 0.6576301363741042 0.4886504707090763
1432 0.3422027518150794 0.853576790466102 0.5450480006118581
1433 0.1809294014811587 0.4356132298874775 0.200010328210589
1434 0.2946530345164392 0.616823460986017 0.6449464052462114
1435 0.3784367729917275 0.7183513455422544 0.2816359279106859
1436 0.1454448115224685 0.8585858096413177 0.2965411935594276
1437 0.1803713463310941 0.4278332581610453 0.6345199518709771
1438 0.1372532059860286 0.5325731618889661 0.7011397894170042
1439 0.2954940711469301 0.5970188663859727 0.2846947543819749
1440 0.1787219753504176 0.438401289372791 0.475497471066339
1441 0.1230696433857782 0.6589743461314437 0.1298894388911919
1442 0.1302975795297664 0.6415814717500403 0.2974277889707045
1443 0.1269373701482421 0.7948967849512615 0.5600970859696188
1444 0.3803934903907357 0.7278484329022956 0.5620427426825002
1445 0.2829797704574528 0.5666582103735569 0.4841997417814319
1446 0.2676622801450837 0.7112201677729555 0.7267107080454452
1447 0.3912527764219755 0.8775334763107863 0.1209009635358913
1448 0.2304216321025391 0.8806394522191079 0.1294624853414413
1449 0.1676725164868749 0.4328177817917461 0.3317750556601423
1450 0.2689151879051518 0.8807323807334789 0.7338681260325841
1451 0.1184526550491713 0.7270539507318359 0.3882030470519551
1452 0.2223270418110267 0.8753239591523786 0.5766469171759236
1453 0.2311938512884941 0.5894265578573522 0.7404677058330318
1454 0.1620634195360628 0.4640811259015349 0.1001135303825469
1455 0.3844060783767392 0.6887567669011755 0.6739724624412593
1456 0.1025859945533903 0.8972852139869418 0.7442837145023046
1457 0.1094888933029999 0.8748000365165214 0.1278055900061397
1458 0.1102959018227357 0.5235584127712679 0.2737892731817928
1459 0.2576749111653011 0.8877479128479252 0.3221017248152542
1460 0.1110359421076498 0.538229595548254 0.4828846689925418
1461 0.3931930939827515 0.7733452942382323 0.1775746005693068
1462 0.4095437899684342 0.890225555863519 0.6413841032880913
1463 0.2458764732387276 0.4940802785677719 0.2743639819946351
1464 0.2241840949471863 0.7232660157378915 0.4343313213711161
1465 0.2599228784160182 0.5081647647823583 0.659978969663338
1466 0.2102874292211407 0.6804964404631035 0.2149432165314406
1467 0.3064898280023332 0.5729697861229379 0.1726073321447472
1468 0.3015622277455858 0.789640188117859 0.104880988990754
1469 0.1062743380371287 0.6211014455800319 0.5899397723877768
1470 0.2657171445811551 0.8941085235179835 0.4668478725603483
1471 0.3960464001814449 0.8897137663981912 0.2996873642395966
1472 0.09769626059706257 0.9010856984255833 0.5721594348849303
1473 0.1098300018900225 0.7513158638426004 0.739967761936958
1474 0.4063433297188334 0.7745419726209867 0.4606199579320338
1475 0.361121044858118 0.6429423174330586 0.3533731606195785
1476 0.4071722484140634 0.8928279318929034 0.4629706049911916
1477 0.1122353705420542 0.7517738661076382 0.2727056131263965
1478 0.1063846136521593 0.9007108547052942 0.3910236851959967
1479 0.2304432972516861 0.6309655213176223 0.1110565442580535
1480 0.1051384745302565 0.4555923553142385 0.5572740771243888
1481 0.104745508851044 0.5507969462409134 0.1357086172292737
1482 0.257282184434888 0.6344105839198679 0.3823368600743672
1483 0.4258151605019869 0.8466406461159767 0.7257470400731347
1484 0.0965305026354447 0.611495202560926 0.4015873140538698
1485 0.2308259288718001 0.6333442024782984 0.549768490362683
1486 0.337133252523688 0.6316531684369825 0.5486086518023114
1487 0.3006576390104924 0.7832636824395054 0.4771441555988705
1488 0.2440755473629402 0.5281372450845199 0.1024011393511226
1489 0.09602606465122814 0.5022491416543983 0.3755835589161202
1490 0.2566647216139991 0.4780214984597707 0.5317957280956924
1491 0.09681584254965429 0.6128302975899219 0.752101978641515
1492 0.08902354873673743 0.4250829238068982 0.6577661449022504
1493 0.3060584340117684 0.8847868511740704 0.6371160986216871
1494 0.4024448686646988 0.7217657730611835 0.08997023410399485
1495 0.2218951714300696 0.8010438133654437 0.2573116757337769
1496 0.2126063563646241 0.9005053586939955 0.2296283847114532
1497 0.09323944452121702 0.7307302729126336 0.6373736670810698
1498 0.2596571191675259 0.4829096298317429 0.4239023424529807
1499 0.08743656669634781 0.460087682140823 0.1741745371615497
1500 0.2536679340976092 0.7847584541746354 0.6588381290305578
1501 0.0924402660237475 0.8622261153115692 0.4812111069314777
1502 0.09896544477774012 0.9069140373209916 0.2221117125535298
1503 0.2467743704509034 0.8025356410642541 0.3734439748119786
1504 0.596994513630712 0.3041020233486269 0.3803776916644816
1505 0.7419112718755241 0.3021605361868377 0.2305408892775035
1506 0.7140623194743577 0.3239809219250779 0.5448087709332146
1507 0.5613789898808719 0.4385688685600511 0.2632300862167909
1508 0.5461769748634555 0.2016965585921832 0.5320375069427332
1509 0.5655143124835221 0.4300167873925097 0.5126585363224015
1510 0.7999723720575586 0.3120630727745016 0.3941238198281564
1511 0.4429306552182135 0.2885783225742687 0.415806870635939
1512 0.6065537185222776 0.1846354374931393 0.2461608662670355
1513 0.5347353614169658 0.1615715205674618 0.3821925511463474
1514 0.4479278602161735 0.3384966245547517 0.2727691233734681
1515 0.8594387150763947 0.3035672549365245 0.5342818687223229
1516 0.679341242850295 0.2035571922208188 0.4589965297290336
1517 0.6920333905320905 0.4066518823676854 0.4254071337829665
1518 0.5485794648121022 0.4964672469654865 0.3903225535644239
1519 0.4532999465034762 0.3423455230481488 0.5534406709054898
1520 0.6782923818876301 0.4206906745224846 0.1840453725216351
1521 0.8630991804750853 0.3214866532431502 0.1658694031978426
1522 0.6877370090048373 0.1971686759065618 0.5989929106933376
1523 0.7156193424371708 0.207452162494508 0.3265383207032679
1524 0.5854236572138071 0.3189690065230014 0.5885315544377877
1525 0.5918826392735385 0.3161501487808756 0.2079872998439865
1526 0.4713526357451105 0.2026837764034097 0.2667705185993389
1527 0.6591023469760898 0.4275961743615411 0.6063713381935003
1528 0.7111219915045665 0.1903546874854312 0.1589239344325528
1529 0.7991119338883006 0.3515821756585037 0.6369392605182029
1530 0.6684499123682118 0.3768220214198146 0.3035344075968967
1531 0.8753155970849646 0.316008938376249 0.2920728843389862
1532 0.7934860143396343 0.2323388311236768 0.6420900691743415
1533 0.7799426897248507 0.3979520915915445 0.1223566999807711
1534 0.504890643655452 0.3839414897560268 0.3709354362214934
1535 0.6005961303579251 0.1124631624355102 0.4710453336326619
1536 0.5427690175204234 0.5151139974470175 0.598518088701756
1537 0.785000783585362 0.39177627961164 0.2938896759927122
1538 0.5759843657702278 0.5156827670572954 0.180243364407972
1539 0.5388693572216144 0.3071251959584262 0.4818601607880577
1540 0.7743547518937786 0.2733328031667731 0.1127684284212568
1541 0.7732711806796758 0.2254071135188178 0.5247562235075435
1542 0.6363175606211652 0.1237497361068913 0.3404811525997076
1543 0.592657906702828 0.1189714590822941 0.6114481802847672
1544 0.7926378310945695 0.3840598412208038 0.4845516021048537
1545 0.4432859316204085 0.228478009628386 0.5839077266614475
1546 0.8998000077219137 0.3217701986562211 0.6411317737187847
1547 0.4563793949543237 0.1847575265356226 0.4626984262386826
1548 0.5202757583218748 0.1134495625002918 0.2041819778289092
1549 0.8310403577076215 0.2362182281023147 0.2290835884666486
1550 0.5324733991507523 0.5410535385600337 0.2747678627390071
1551 0.8996290664126791 0.3300891590956961 0.4358858091862288
1552 0.6383896323058522 0.4788426328399067 0.3300175744257796
1553 0.4608758265916891 0.4188455720891168 0.4697331861249724
1554 0.6791107004743027 0.3168178490442141 0.1427700201665538
1555 0.5371278823023401 0.2828859022053982 0.2939781451303572
1556 0.4005232815788544 0.2459436876586674 0.3303111047366034
1557 0.6967067503807144 0.3004022469440241 0.4179337584863335
1558 0.8496928945538865 0.2372489465419561 0.4514451581363099
1559 0.6256235224686405 0.111658439484861 0.1607097357946191
1560 0.6987576342645448 0.3245839396888959 0.6482127600775662
1561 0.632373495751146 0.4893387171020671 0.4552383636635452
1562 0.5413657314222136 0.5328270050291211 0.492477251087009
1563 0.6435139832471272 0.275263149866941 0.2902907455544346
1564 0.4640603518107553 0.4298264837759671 0.2184167107576054
1565 0.5192486426377936 0.09939787574120468 0.5376283464932969
1566 0.8338095332186156 0.2266201108123833 0.3368874212354404
1567 0.5827300823577652 0.2219696957519512 0.6281588662868196
1568 0.4683148692688403 0.4452413016288687 0.5716826014880489
1569 0.6312200731368615 0.353253681519673 0.4900078215476371
1570 0.6152019525665643 0.2306952465706903 0.1530695656723255
1571 0.7145894087954929 0.4422379841764603 0.5200835793588131
1572 0.5811336428489329 0.4061004473748245 0.1658162161368532
1573 0.5568552826143263 0.4144279995920405 0.6139283786279683
1574 0.3716463853404715 0.3041799775487639 0.4947922545967744
1575 0.3967690833867367 0.2615228988845803 0.2295459902217217
1576 0.6999765788597896 0.1421399137822804 0.2488806631292189
1577 0.5830522684111561 0.2261016446189557 0.4419551429835216
1578 0.5922755736460896 0.4068125669247671 0.414624193294998
1579 0.3688708568713311 0.3285110657539101 0.8396426364883089
1580 0.5295974689755771 0.589883697651793 0.8596069540248547
1581 0.415766890894775 0.1473075931520295 0.8589623319547841
1582 0.436614503371979 0.4721969604773411 0.8522935272447195
1583 0.684520602061198 0.1466850558816548 0.8704997583604172
1584 0.5755538578647776 0.3157920764259234 0.8589963799028046
1585 0.6863043083926332 0.50189189395181 0.8711183836233726
1586 0.550566692328837 0.1794783685913812 0.8566315799303694
1587 0.5669069279138581 0.4478388505114619 0.8512950541270374
1588 0.6878102996320455 0.3743288512575361 0.8752262923979337
1589 0.3269125811699538 0.2246067668358408 0.8833001830379111
1590 0.470863428706955 0.2650835735984413 0.8262207919582258
1591 0.3251581713204673 0.4280927380692448 0.8686636104269377
1592 0.6776487988447363 0.2610602671829861 0.8521414562958577
1593 0.47250120859055 0.3655631665312189 0.8883465757248142
1594 0.5215223262837571 0.6830553105884095 0.8935202528522855
1595 0.4396008871763548 0.5599464139041415 0.9063463467046055
1596 0.3088476928998705 0.2927051864333583 0.7732003267427404
1597 0.382041382049935 0.4137141665855686 0.7853996048395929
1598 0.3816670274100969 0.2218017326757765 0.7949893684549854
1599 0.6647795927856216 0.07474578082409672 0.8176810018136551
1600 0.5966242138285752 0.09232139747552293 0.8983052538612005
1601 0.6168025726979828 0.5935647416972014 0.9119074669778777
1602 0.9048215687675109 0.4375484563786581 0.8655390366241352
1603 0.9048016400918559 0.1675995282788885 0.8655569755666479
1604 0.9016161874340577 0.2668538338887622 0.8818640688173734
1605 0.1785742214821038 0.1463484989320593 0.6269789878219252
1606 0.1728594220676236 0.147500589975519 0.1921915108369512
1607 0.1687587742240935 0.1483578299632524 0.3448558217504474
1608 0.197879803097332 0.1397793804588349 0.4830785834534052
1609 0.1947427930810135 0.1088111657003283 0.7222015602845849
1610 0.1038173056172127 0.1152172149148862 0.5449756516422668
1611 0.1015293549138845 0.1258158560154741 0.105132171364226
1612 0.2650991735184036 0.09624377216549959 0.3606357547373306
1613 0.1020030287448444 0.1161311785090694 0.4293651972766483
1614 0.2213394002100384 0.1016945908168064 0.09963467686025909
1615 0.09420720472912644 0.1198148387076952 0.6966551467809651
1616 0.2629469611306783 0.1004033537687873 0.5670006388182328
1617 0.250155490322823 0.09703069251109601 0.2517824562786424
1618 0.0951765130238561 0.161737056529896 0.2716630424497339
1619 0.191754992480653 0.2126534271669123 0.2687228454541486
1620 0.2871802872310225 0.09403725993827536 0.46520844861806
1621 0.1946119103171753 0.1850913852626899 0.1138331947859224
1622 0.089093829134435 0.09148081206447242 0.1993247141797412
1623 0.1062243044801444 0.2289460300916557 0.8670837660001636
1624 0.1108811759839566 0.3750938153940889 0.8676741791440779
1625 0.09151374880818221 0.3025704986624889 0.7999923158692294
1626 0.1289808359840042 0.3024717500111975 0.9198696641336708
1627 0.769800680955117 0.774634674577194 0.6238854295917466
1628 0.7754776435888844 0.7800259591316648 0.3982016521868271
1629 0.7991980022929198 0.7382162220108502 0.2000570016613027
1630 0.836941574112303 0.6700603019880285 0.5100984982837393
1631 0.6734066714883531 0.8421363420096398 0.5100955267154784
1632 0.6504470591178912 0.8227495281454662 0.6915670985457144
1633 0.6755659088622255 0.8346898102895361 0.2655568097877038
1634 0.8489759885290562 0.8477437205910587 0.514645837942194
1635 0.8470837080979545 0.6462747298463679 0.6626985847306687
1636 0.8387087208623905 0.6508845146620947 0.3401207542756347
1637 0.6650359454180204 0.7543885709212357 0.1434796730600999
1638 0.8636095272165264 0.8561400369433076 0.3099742514245435
1639 0.758753755390045 0.8607375586513535 0.1413151492847287
1640 0.8715952055553524 0.7705787099590197 0.7163821343561121
1641 0.7817677355871616 0.8688877189473635 0.7171991820966984
1642 0.7059260798688718 0.7092949433840501 0.521489499102939
1643 0.7149096515048171 0.711721857562573 0.3004603104473675
1644 0.6510059865635784 0.7161648940650788 0.6294636262532016
1645 0.6238186824065934 0.8641473104638985 0.1085190062333852
1646 0.6490867961268281 0.7458959640620313 0.4088707054161742
1647 0.6576381622662688 0.8715128174124569 0.3866694705136797
1648 0.8468612825736286 0.6299735746435292 0.1341377218310028
1649 0.8780731648646921 0.8083828318485904 0.1210324277489982
1650 0.8800256718833704 0.8794149334996717 0.635172490217171
1651 0.8952574260750452 0.5622855625292822 0.7027544331205895
1652 0.7742218100212557 0.7051903897329732 0.7358981306235208
1653 0.8847453037820842 0.5788727668975006 0.5711988688353089
1654 0.8844586667998747 0.7315616740422759 0.417574614117208
1655 0.7666712348239033 0.8913173900954863 0.6014546595724756
1656 0.886999850434992 0.7426806509043801 0.2809034824087867
1657 0.8834512054204261 0.7415080263076396 0.596634618609946
1658 0.7563665495568871 0.6661231104394785 0.4236252792549628
1659 0.7615572748577244 0.8878211211696068 0.4454084072411891
1660 0.8820404595855958 0.5875034747369421 0.4338011859046579
1661 0.8856144653551016 0.5908130294800956 0.2438612846017172
1662 0.7435852002881637 0.6752057468112441 0.1242510590097941
1663 0.7548766466916418 0.8930918643387411 0.3270213237627889
1664 0.8936949172752716 0.8823150871785334 0.4162302224995328
1665 0.8565652516997991 0.895451300000445 0.1984385332647211
1666 0.7489616989032603 0.6658804775699962 0.6143144027976806
1667 0.8990377161178378 0.8983271901178375 0.7417563021502677
1668 0.6474752590505048 0.8944432437961947 0.6056264723252125
1669 0.6884717099240889 0.8972672847273784 0.7342805483279076
1670 0.6225251687110523 0.7391700884830334 0.24506051367555
1671 0.7886593020822438 0.6396804815668237 0.2444224170356743
1672 0.9046177082029764 0.5514986371153623 0.1135413292088129
1673 0.7778469282924451 0.796902104931386 0.2866960714372712
1674 0.8420427168556409 0.9030201425695138 0.09346815427263055
1675 0.606909123463192 0.7671322959233293 0.5467193055387447
1676 0.7842495743952403 0.7681286849957427 0.1016702971137225
1677 0.6768664201790201 0.9069178784456358 0.188869317957627
1678 0.7918472088217059 0.7627046996096741 0.4990507933734726
1679 0.9039395005801384 0.5615425761790502 0.3387284919597405
1680 0.7208760352564078 0.7884647692055481 0.7548404843486166
1681 0.89740446142172 0.7069454355004408 0.1833527760746126
1682 0.5903069548861108 0.7657297370286755 0.7219563398665634
1683 0.9025947940092729 0.6544762521949955 0.7501850052324147
$EndNodes
$Elements
7323
1 4 2 1 1 511 487 123 515
2 4 2 1 1 487 511 468 515
3 4 2 1 1 487 123 121 511
4 4 2 1 1 468 506 487 515
5 4 2 1 1 492 506 468 515
6 4 2 1 1 506 123 487 515
7 4 2 1 1 515 468 492 513
8 4 2 1 1 492 506 515 513
9 4 2 1 1 509 487 511 468
10 4 2 1 1 513 514 459 479
11 4 2 1 1 492 488 459 468
12 4 2 1 1 487 472 488 468
13 4 2 1 1 506 487 492 468
14 4 2 1 1 487 509 472 468
15 4 2 1 1 479 514 459 451
16 4 2 1 1 459 99 514 513
17 4 2 1 1 488 457 459 468
18 4 2 1 1 451 98 494 505
19 4 2 1 1 472 480 509 488
20 4 2 1 1 96 509 511 468
21 4 2 1 1 513 459 492 479
22 4 2 1 1 99 459 514 451
23 4 2 1 1 488 492 487 468
24 4 2 1 1 488 509 472 487
25 4 2 1 1 514 98 451 505
26 4 2 1 1 100 468 515 513
27 4 2 1 1 451 494 514 505
28 4 2 1 1 494 479 514 505
29 4 2 1 1 459 492 468 513
30 4 2 1 1 479 459 493 451
31 4 2 1 1 492 459 488 493
32 4 2 1 1 512 472 480 509
33 4 2 1 1 488 459 457 493
34 4 2 1 1 488 472 457 468
35 4 2 1 1 505 514 98 517
36 4 2 1 1 472 95 512 450
37 4 2 1 1 121 113 123 487
38 4 2 1 1 511 123 12 515
39 4 2 1 1 472 512 95 509
40 4 2 1 1 515 506 123 513
41 4 2 1 1 512 510 497 450
42 4 2 1 1 470 457 459 493
43 4 2 1 1 451 494 98 460
44 4 2 1 1 480 472 512 450
45 4 2 1 1 509 96 472 468
46 4 2 1 1 493 492 459 479
47 4 2 1 1 477 497 473 482
48 4 2 1 1 514 479 494 451
49 4 2 1 1 486 517 505 460
50 4 2 1 1 480 509 488 487
51 4 2 1 1 12 121 123 511
52 4 2 1 1 504 480 472 488
53 4 2 1 1 468 100 459 513
54 4 2 1 1 472 480 504 450
55 4 2 1 1 451 493 494 461
56 4 2 1 1 487 113 123 506
57 4 2 1 1 470 493 451 461
58 4 2 1 1 108 497 477 482
59 4 2 1 1 94 510 512 450
60 4 2 1 1 450 504 472 457
61 4 2 1 1 457 504 472 488
62 4 2 1 1 467 474 486 460
63 4 2 1 1 505 494 486 460
64 4 2 1 1 487 121 509 511
65 4 2 1 1 501 474 486 467
66 4 2 1 1 470 457 493 495
67 4 2 1 1 459 470 493 451
68 4 2 1 1 473 477 482 454
69 4 2 1 1 494 479 493 451
70 4 2 1 1 461 493 494 503
71 4 2 1 1 477 473 93 454
72 4 2 1 1 510 94 497 450
73 4 2 1 1 460 451 494 461
74 4 2 1 1 480 512 497 450
75 4 2 1 1 497 473 94 510
76 4 2 1 1 493 457 488 495
77 4 2 1 1 476 470 495 458
78 4 2 1 1 450 473 497 454
79 4 2 1 1 495 457 504 456
80 4 2 1 1 503 470 495 476
81 4 2 1 1 507 518 516 474
82 4 2 1 1 500 467 486 460
83 4 2 1 1 470 493 461 503
84 4 2 1 1 482 477 93 454
85 4 2 1 1 467 486 501 500
86 4 2 1 1 485 450 497 454
87 4 2 1 1 497 473 110 477
88 4 2 1 1 457 450 504 456
89 4 2 1 1 500 460 461 475
90 4 2 1 1 460 494 500 461
91 4 2 1 1 488 457 504 495
92 4 2 1 1 497 504 450 485
93 4 2 1 1 110 473 497 510
94 4 2 1 1 97 517 486 460
95 4 2 1 1 474 486 507 501
96 4 2 1 1 6 516 518 474
97 4 2 1 1 513 117 514 479
98 4 2 1 1 107 1 465 502
99 4 2 1 1 497 94 473 450
100 4 2 1 1 492 117 513 479
101 4 2 1 1 470 457 495 458
102 4 2 1 1 93 108 477 482
103 4 2 1 1 497 510 512 480
104 4 2 1 1 97 486 474 460
105 4 2 1 1 457 495 458 456
106 4 2 1 1 100 99 459 513
107 4 2 1 1 503 461 469 475
108 4 2 1 1 486 494 500 460
109 4 2 1 1 495 496 503 476
110 4 2 1 1 507 516 486 474
111 4 2 1 1 497 473 482 454
112 4 2 1 1 110 108 497 477
113 4 2 1 1 503 470 493 495
114 4 2 1 1 452 481 491 475
115 4 2 1 1 504 480 497 450
116 4 2 1 1 468 511 5 515
117 4 2 1 1 469 491 503 475
118 4 2 1 1 500 503 491 475
119 4 2 1 1 494 500 461 503
120 4 2 1 1 476 495 496 458
121 4 2 1 1 489 485 484 455
122 4 2 1 1 503 500 461 475
123 4 2 1 1 489 471 456 455
124 4 2 1 1 120 518 507 501
125 4 2 1 1 485 456 450 454
126 4 2 1 1 504 495 456 485
127 4 2 1 1 516 97 486 474
128 4 2 1 1 518 516 122 507
129 4 2 1 1 491 481 500 475
130 4 2 1 1 472 95 96 509
131 4 2 1 1 497 112 8 510
132 4 2 1 1 482 485 497 454
133 4 2 1 1 509 480 111 487
134 4 2 1 1 486 517 97 516
135 4 2 1 1 485 489 456 455
136 4 2 1 1 518 120 103 501
137 4 2 1 1 122 6 516 518
138 4 2 1 1 458 495 489 456
139 4 2 1 1 456 450 504 485
140 4 2 1 1 461 503 469 476
141 4 2 1 1 496 469 503 476
142 4 2 1 1 503 461 470 476
143 4 2 1 1 517 97 98 460
144 4 2 1 1 456 495 489 485
145 4 2 1 1 463 496 489 458
146 4 2 1 1 460 500 467 475
147 4 2 1 1 511 12 5 515
148 4 2 1 1 471 455 498 464
149 4 2 1 1 458 489 471 456
150 4 2 1 1 95 94 512 450
151 4 2 1 1 486 115 517 516
152 4 2 1 1 506 492 117 513
153 4 2 1 1 101 118 7 490
154 4 2 1 1 471 463 489 458
155 4 2 1 1 491 481 452 490
156 4 2 1 1 109 93 453 482
157 4 2 1 1 93 109 108 482
158 4 2 1 1 514 98 99 451
159 4 2 1 1 480 111 512 509
160 4 2 1 1 103 120 119 501
161 4 2 1 1 489 496 495 458
162 4 2 1 1 510 497 112 480
163 4 2 1 1 512 510 112 480
164 4 2 1 1 499 466 491 462
165 4 2 1 1 485 484 455 454
166 4 2 1 1 5 100 468 515
167 4 2 1 1 473 110 94 510
168 4 2 1 1 466 469 491 462
169 4 2 1 1 455 498 464 465
170 4 2 1 1 497 8 110 510
171 4 2 1 1 486 114 115 516
172 4 2 1 1 463 508 449 471
173 4 2 1 1 118 101 481 490
174 4 2 1 1 509 9 121 487
175 4 2 1 1 110 108 8 497
176 4 2 1 1 511 5 96 468
177 4 2 1 1 116 514 505 517
178 4 2 1 1 93 2 109 453
179 4 2 1 1 517 505 115 486
180 4 2 1 1 508 449 462 463
181 4 2 1 1 481 452 467 475
182 4 2 1 1 509 111 9 487
183 4 2 1 1 453 455 484 454
184 4 2 1 1 490 466 491 499
185 4 2 1 1 503 491 469 496
186 4 2 1 1 491 499 462 508
187 4 2 1 1 466 491 452 490
188 4 2 1 1 481 467 500 475
189 4 2 1 1 496 463 476 458
190 4 2 1 1 102 103 501 467
191 4 2 1 1 462 469 491 508
192 4 2 1 1 482 93 453 454
193 4 2 1 1 116 514 479 505
194 4 2 1 1 484 485 482 454
195 4 2 1 1 469 491 452 466
196 4 2 1 1 508 462 469 463
197 4 2 1 1 502 465 484 483
198 4 2 1 1 104 466 490 499
199 4 2 1 1 102 103 119 501
200 4 2 1 1 498 455 484 465
201 4 2 1 1 505 115 116 517
202 4 2 1 1 467 501 102 481
203 4 2 1 1 469 452 491 475
204 4 2 1 1 484 498 465 502
205 4 2 1 1 501 467 500 481
206 4 2 1 1 456 485 455 454
207 4 2 1 1 471 489 478 498
208 4 2 1 1 514 117 116 479
209 4 2 1 1 482 453 484 454
210 4 2 1 1 499 105 104 462
211 4 2 1 1 106 105 478 449
212 4 2 1 1 10 123 506 513
213 4 2 1 1 496 463 469 476
214 4 2 1 1 113 121 9 487
215 4 2 1 1 122 120 518 507
216 4 2 1 1 501 103 474 467
217 4 2 1 1 506 117 10 513
218 4 2 1 1 462 499 105 478
219 4 2 1 1 473 93 4 477
220 4 2 1 1 107 106 498 464
221 4 2 1 1 478 105 462 449
222 4 2 1 1 120 122 11 507
223 4 2 1 1 119 118 102 481
224 4 2 1 1 7 104 466 490
225 4 2 1 1 449 478 106 464
226 4 2 1 1 501 119 102 481
227 4 2 1 1 453 484 465 483
228 4 2 1 1 114 11 122 507
229 4 2 1 1 109 2 3 483
230 4 2 1 1 516 486 114 507
231 4 2 1 1 463 491 508 496
232 4 2 1 1 518 103 6 474
233 4 2 1 1 498 106 478 464
234 4 2 1 1 465 455 484 453
235 4 2 1 1 516 114 122 507
236 4 2 1 1 483 109 453 482
237 4 2 1 1 101 452 481 490
238 4 2 1 1 483 453 484 482
239 4 2 1 1 463 469 491 496
240 4 2 1 1 508 469 491 463
241 4 2 1 1 452 102 101 481
242 4 2 1 1 118 101 102 481
243 4 2 1 1 499 104 466 462
244 4 2 1 1 452 467 102 481
245 4 2 1 1 516 6 97 474
246 4 2 1 1 466 101 7 490
247 4 2 1 1 502 92 91 483
248 4 2 1 1 2 109 453 483
249 4 2 1 1 452 101 466 490
250 4 2 1 1 508 463 489 471
251 4 2 1 1 465 91 453 483
252 4 2 1 1 94 4 110 473
253 4 2 1 1 4 110 473 477
254 4 2 1 1 123 113 10 506
255 4 2 1 1 508 463 496 489
256 4 2 1 1 512 112 111 480
257 4 2 1 1 478 462 499 508
258 4 2 1 1 462 478 449 508
259 4 2 1 1 3 91 92 483
260 4 2 1 1 91 465 502 483
261 4 2 1 1 453 91 2 483
262 4 2 1 1 91 3 2 483
263 4 2 1 1 505 460 98 494
264 4 2 1 1 98 460 505 517
265 4 2 1 1 464 478 471 449
266 4 2 1 1 464 471 478 498
267 4 2 1 1 518 501 474 507
268 4 2 1 1 474 501 518 103
269 4 2 1 1 489 455 498 471
270 4 2 1 1 498 455 489 484
271 4 2 1 1 471 478 508 449
272 4 2 1 1 471 508 478 489
273 4 2 1 1 502 91 1 465
274 4 2 1 1 502 1 91 92
275 4 2 1 1 498 465 107 464
276 4 2 1 1 107 465 498 502
277 4 2 2 2 137 129 17 131
278 4 2 2 2 124 127 13 133
279 4 2 2 2 530 137 18 529
280 4 2 2 2 134 529 524 522
281 4 2 2 2 131 137 129 529
282 4 2 2 2 526 132 520 521
283 4 2 2 2 15 127 519 528
284 4 2 2 2 529 134 130 522
285 4 2 2 2 527 135 136 525
286 4 2 2 2 525 136 527 522
287 4 2 2 2 124 127 133 528
288 4 2 2 2 529 136 134 524
289 4 2 2 2 527 525 522 523
290 4 2 2 2 526 527 136 522
291 4 2 2 2 520 526 521 522
292 4 2 2 2 524 128 16 522
293 4 2 2 2 523 135 126 528
294 4 2 2 2 520 125 124 528
295 4 2 2 2 523 126 125 528
296 4 2 2 2 18 134 530 529
297 4 2 2 2 524 529 136 522
298 4 2 2 2 520 124 133 528
299 4 2 2 2 525 135 126 523
300 4 2 2 2 134 18 136 529
301 4 2 2 2 126 135 15 528
302 4 2 2 2 525 126 14 523
303 4 2 2 2 530 134 130 529
304 4 2 2 2 136 525 524 522
305 4 2 2 2 526 529 131 521
306 4 2 2 2 520 133 132 527
307 4 2 2 2 130 129 529 521
308 4 2 2 2 526 131 132 521
309 4 2 2 2 522 520 527 523
310 4 2 2 2 525 527 135 523
311 4 2 2 2 529 129 131 521
312 4 2 2 2 526 520 527 522
313 4 2 2 2 126 125 14 523
314 4 2 2 2 527 132 520 526
315 4 2 2 2 526 136 529 522
316 4 2 2 2 523 125 520 528
317 4 2 2 2 521 529 130 522
318 4 2 2 2 523 527 135 528
319 4 2 2 2 527 520 133 528
320 4 2 2 2 130 129 530 529
321 4 2 2 2 519 126 15 528
322 4 2 2 2 521 526 529 522
323 4 2 2 2 525 14 128 523
324 4 2 2 2 519 124 125 528
325 4 2 2 2 125 126 519 528
326 4 2 2 2 520 527 523 528
327 4 2 2 2 522 525 128 523
328 4 2 2 2 530 129 137 529
329 4 2 2 2 524 525 128 522
330 4 2 2 2 127 124 519 528
331 4 2 2 2 522 134 16 524
332 4 2 2 2 522 16 134 130
333 4 2 3 3 643 1443 1431 1451
334 4 2 3 3 642 1443 643 1451
335 4 2 3 3 591 1482 1439 1498
336 4 2 3 3 1422 1446 738 1450
337 4 2 3 3 543 1435 1425 1471
338 4 2 3 3 185 738 743 1422
339 4 2 3 3 670 1469 1438 1480
340 4 2 3 3 654 549 1427 1441
341 4 2 3 3 1429 1435 1425 1503
342 4 2 3 3 642 1443 1451 1501
343 4 2 3 3 743 185 1422 1483
344 4 2 3 3 1430 1435 1425 1474
345 4 2 3 3 591 1475 1439 1482
346 4 2 3 3 539 1444 1422 1462
347 4 2 3 3 1426 1450 1446 1500
348 4 2 3 3 1427 1441 565 1479
349 4 2 3 3 738 1446 1422 1455
350 4 2 3 3 586 1435 1424 1439
351 4 2 3 3 1441 1442 635 1481
352 4 2 3 3 742 747 1426 1473
353 4 2 3 3 1427 1468 1424 1479
354 4 2 3 3 1434 1486 583 1490
355 4 2 3 3 1418 1431 1469 1497
356 4 2 3 3 1421 1442 1439 1463
357 4 2 3 3 1435 1474 1430 1475
358 4 2 3 3 600 1435 586 1439
359 4 2 3 3 654 1427 549 1457
360 4 2 3 3 1434 583 1465 1490
361 4 2 3 3 1439 1442 1419 1463
362 4 2 3 3 591 590 1482 1498
363 4 2 3 3 1418 1443 1431 1497
364 4 2 3 3 1424 1435 1429 1495
365 4 2 3 3 608 738 1422 1455
366 4 2 3 3 1423 1470 1459 1478
367 4 2 3 3 184 1446 738 1455
368 4 2 3 3 607 612 1434 1453
369 4 2 3 3 1447 1461 542 1471
370 4 2 3 3 1424 1417 1435 1495
371 4 2 3 3 574 568 632 1454
372 4 2 3 3 1425 1435 1429 1471
373 4 2 3 3 591 590 1475 1482
374 4 2 3 3 1429 1447 710 1471
375 4 2 3 3 742 1426 1446 1473
376 4 2 3 3 581 1430 1474 1475
377 4 2 3 3 682 1450 728 1456
378 4 2 3 3 742 1446 1426 1450
379 4 2 3 3 722 180 1437 1438
380 4 2 3 3 185 608 738 1422
381 4 2 3 3 1419 1442 1441 1481
382 4 2 3 3 721 1458 1449 1499
383 4 2 3 3 714 1470 1452 1501
384 4 2 3 3 1433 1463 99 1488
385 4 2 3 3 1417 1435 1430 1475
386 4 2 3 3 744 1428 736 1446
387 4 2 3 3 1445 1482 590 1498
388 4 2 3 3 1418 1469 1431 1485
389 4 2 3 3 1418 1469 1428 1497
390 4 2 3 3 1421 1458 1442 1463
391 4 2 3 3 1427 1424 1466 1479
392 4 2 3 3 643 1431 1443 1497
393 4 2 3 3 646 1469 670 1480
394 4 2 3 3 1439 1463 591 1498
395 4 2 3 3 725 613 180 1438
396 4 2 3 3 1442 1458 1419 1463
397 4 2 3 3 743 610 185 1483
398 4 2 3 3 540 1444 539 1462
399 4 2 3 3 742 738 1446 1450
400 4 2 3 3 1434 1445 1486 1490
401 4 2 3 3 643 1469 1431 1497
402 4 2 3 3 565 1427 549 1441
403 4 2 3 3 1418 1428 1469 1485
404 4 2 3 3 637 1442 1441 1477
405 4 2 3 3 534 1461 1435 1471
406 4 2 3 3 721 1449 1433 1499
407 4 2 3 3 1419 1458 1442 1481
408 4 2 3 3 542 1461 534 1471
409 4 2 3 3 1438 1469 1420 1480
410 4 2 3 3 1431 1443 1423 1451
411 4 2 3 3 731 1422 738 1450
412 4 2 3 3 1423 1451 1443 1501
413 4 2 3 3 1452 1470 1423 1501
414 4 2 3 3 612 1446 184 1455
415 4 2 3 3 711 1426 692 1450
416 4 2 3 3 559 1427 565 1468
417 4 2 3 3 560 517 1424 1467
418 4 2 3 3 593 99 1433 1463
419 4 2 3 3 668 1458 200 1499
420 4 2 3 3 568 632 1454 1481
421 4 2 3 3 612 1446 1434 1453
422 4 2 3 3 180 1438 613 1465
423 4 2 3 3 721 200 1458 1499
424 4 2 3 3 1463 1467 99 1488
425 4 2 3 3 692 1426 693 1452
426 4 2 3 3 573 1441 569 1479
427 4 2 3 3 654 1427 636 1441
428 4 2 3 3 608 184 738 1455
429 4 2 3 3 670 1480 1438 1492
430 4 2 3 3 574 1454 632 1499
431 4 2 3 3 742 747 733 1426
432 4 2 3 3 539 144 546 1483
433 4 2 3 3 1427 1424 1468 1495
434 4 2 3 3 621 1440 718 1489
435 4 2 3 3 573 569 1441 1481
436 4 2 3 3 586 1424 1461 1494
437 4 2 3 3 1459 1470 690 1478
438 4 2 3 3 1429 1461 1447 1471
439 4 2 3 3 141 581 1430 1474
440 4 2 3 3 1434 1446 612 1455
441 4 2 3 3 629 574 632 1499
442 4 2 3 3 662 1426 1443 1472
443 4 2 3 3 547 548 553 1494
444 4 2 3 3 1420 1445 1434 1490
445 4 2 3 3 533 1474 1435 1475
446 4 2 3 3 692 711 693 1426
447 4 2 3 3 721 1433 716 1499
448 4 2 3 3 608 1455 1422 1483
449 4 2 3 3 1432 1444 540 1462
450 4 2 3 3 608 144 1455 1483
451 4 2 3 3 1423 1443 1431 1464
452 4 2 3 3 714 689 1470 1501
453 4 2 3 3 560 1467 1424 1479
454 4 2 3 3 1449 1458 1433 1499
455 4 2 3 3 1420 1434 1445 1485
456 4 2 3 3 537 543 1425 1471
457 4 2 3 3 662 1443 675 1472
458 4 2 3 3 1423 1452 1418 1487
459 4 2 3 3 722 725 180 1438
460 4 2 3 3 742 1426 733 1450
461 4 2 3 3 710 1447 190 1471
462 4 2 3 3 725 613 1438 1453
463 4 2 3 3 548 1447 553 1494
464 4 2 3 3 662 1443 1426 1497
465 4 2 3 3 621 1460 1440 1489
466 4 2 3 3 1439 1482 1421 1498
467 4 2 3 3 1424 1427 1466 1495
468 4 2 3 3 1423 1443 1418 1452
469 4 2 3 3 1420 1434 1428 1453
470 4 2 3 3 1421 1463 1439 1498
471 4 2 3 3 1434 1455 1418 1500
472 4 2 3 3 533 1435 140 1475
473 4 2 3 3 1429 1468 1424 1495
474 4 2 3 3 725 32 613 1453
475 4 2 3 3 1420 1434 1465 1490
476 4 2 3 3 580 1437 592 1440
477 4 2 3 3 635 1441 637 1442
478 4 2 3 3 682 711 1450 1456
479 4 2 3 3 1421 1445 1431 1460
480 4 2 3 3 540 1444 1432 1474
481 4 2 3 3 592 1440 1437 1490
482 4 2 3 3 1445 1475 590 1482
483 4 2 3 3 586 1424 1435 1461
484 4 2 3 3 1422 1444 1432 1462
485 4 2 3 3 1431 1451 1423 1464
486 4 2 3 3 1434 1446 1455 1500
487 4 2 3 3 649 1477 1427 1502
488 4 2 3 3 99 100 1433 1488
489 4 2 3 3 539 1422 1444 1455
490 4 2 3 3 1424 1435 1417 1439
491 4 2 3 3 621 718 198 1489
492 4 2 3 3 693 1426 1456 1472
493 4 2 3 3 1424 1466 1417 1495
494 4 2 3 3 714 1452 1472 1501
495 4 2 3 3 593 99 100 1433
496 4 2 3 3 607 612 615 1434
497 4 2 3 3 537 1425 541 1471
498 4 2 3 3 649 1427 654 1457
499 4 2 3 3 618 1450 676 1483
500 4 2 3 3 610 144 608 1483
501 4 2 3 3 1435 1461 1429 1471
502 4 2 3 3 1431 1460 1445 1485
503 4 2 3 3 183 612 607 1453
504 4 2 3 3 662 1456 1426 1472
505 4 2 3 3 183 1446 612 1453
506 4 2 3 3 1445 1490 1460 1498
507 4 2 3 3 1420 1428 1438 1453
508 4 2 3 3 636 637 1441 1477
509 4 2 3 3 718 1440 717 1489
510 4 2 3 3 652 1451 1436 1478
511 4 2 3 3 1460 1490 1440 1498
512 4 2 3 3 1423 1478 1451 1501
513 4 2 3 3 1426 693 1452 1472
514 4 2 3 3 744 736 1428 1473
515 4 2 3 3 1432 1462 540 1476
516 4 2 3 3 608 612 184 1455
517 4 2 3 3 540 532 539 1444
518 4 2 3 3 693 1426 711 1456
519 4 2 3 3 1418 1497 1428 1500
520 4 2 3 3 654 622 562 1441
521 4 2 3 3 705 571 1447 1448
522 4 2 3 3 1435 1439 600 1475
523 4 2 3 3 1439 1442 1421 1482
524 4 2 3 3 1454 1481 632 1499
525 4 2 3 3 736 1446 1428 1473
526 4 2 3 3 1451 1478 652 1501
527 4 2 3 3 1431 1443 1418 1464
528 4 2 3 3 744 736 739 1446
529 4 2 3 3 681 1429 710 1471
530 4 2 3 3 685 1462 1432 1476
531 4 2 3 3 187 188 703 1450
532 4 2 3 3 1418 1455 1444 1500
533 4 2 3 3 1445 1460 1421 1498
534 4 2 3 3 625 1449 721 1458
535 4 2 3 3 1424 1439 1417 1466
536 4 2 3 3 643 1443 642 1501
537 4 2 3 3 642 1451 652 1501
538 4 2 3 3 721 200 625 1458
539 4 2 3 3 1434 1453 1420 1465
540 4 2 3 3 666 1460 1469 1480
541 4 2 3 3 717 1440 1449 1489
542 4 2 3 3 636 1441 1427 1477
543 4 2 3 3 1423 1418 1443 1464
544 4 2 3 3 588 591 1463 1498
545 4 2 3 3 666 1469 646 1480
546 4 2 3 3 1425 1459 1429 1503
547 4 2 3 3 1432 1444 1422 1500
548 4 2 3 3 559 1448 1427 1468
549 4 2 3 3 733 728 1450 1456
550 4 2 3 3 1420 1445 1460 1485
551 4 2 3 3 1429 1435 1424 1461
552 4 2 3 3 1437 1440 580 1480
553 4 2 3 3 1441 569 1479 1481
554 4 2 3 3 200 668 625 1458
555 4 2 3 3 1442 1466 1441 1477
556 4 2 3 3 742 731 738 1450
557 4 2 3 3 180 613 609 1465
558 4 2 3 3 539 1455 144 1483
559 4 2 3 3 1418 1444 1432 1500
560 4 2 3 3 656 621 198 1489
561 4 2 3 3 654 562 549 1441
562 4 2 3 3 662 647 675 1443
563 4 2 3 3 1434 1444 1418 1455
564 4 2 3 3 687 1425 694 1476
565 4 2 3 3 549 1427 559 1457
566 4 2 3 3 711 692 708 1450
567 4 2 3 3 652 1436 1451 1477
568 4 2 3 3 612 183 727 1446
569 4 2 3 3 654 649 636 1427
570 4 2 3 3 744 1473 1428 1491
571 4 2 3 3 1436 1451 1477 1503
572 4 2 3 3 725 737 32 1453
573 4 2 3 3 1426 1450 711 1456
574 4 2 3 3 150 1462 685 1476
575 4 2 3 3 1425 1459 694 1471
576 4 2 3 3 97 1424 517 1467
577 4 2 3 3 1424 550 1468 1494
578 4 2 3 3 582 173 1440 1449
579 4 2 3 3 1420 1460 1445 1490
580 4 2 3 3 1436 1451 1423 1478
581 4 2 3 3 1442 1482 1451 1484
582 4 2 3 3 187 618 188 1450
583 4 2 3 3 1418 1443 1497 1500
584 4 2 3 3 641 643 1431 1451
585 4 2 3 3 1418 1434 1428 1485
586 4 2 3 3 1428 1434 1420 1485
587 4 2 3 3 1451 1482 1464 1484
588 4 2 3 3 146 1447 542 1471
589 4 2 3 3 570 1447 571 1448
590 4 2 3 3 1440 1460 621 1480
591 4 2 3 3 742 736 747 1473
592 4 2 3 3 669 1477 649 1502
593 4 2 3 3 1422 1444 1455 1500
594 4 2 3 3 1464 1482 1431 1484
595 4 2 3 3 1430 1445 590 1486
596 4 2 3 3 636 1427 649 1477
597 4 2 3 3 1420 1453 1438 1465
598 4 2 3 3 517 1424 97 1494
599 4 2 3 3 539 1462 1422 1483
600 4 2 3 3 1445 1485 1434 1486
601 4 2 3 3 615 1434 612 1455
602 4 2 3 3 1419 1463 1433 1488
603 4 2 3 3 1431 1445 1421 1482
604 4 2 3 3 721 1449 625 1489
605 4 2 3 3 649 1427 1457 1502
606 4 2 3 3 142 596 1444 1474
607 4 2 3 3 1417 1477 1451 1503
608 4 2 3 3 1451 1464 1431 1484
609 4 2 3 3 586 97 1424 1494
610 4 2 3 3 1479 1481 569 1488
611 4 2 3 3 725 1438 737 1453
612 4 2 3 3 697 1447 1429 1448
613 4 2 3 3 221 737 725 1438
614 4 2 3 3 150 540 1462 1476
615 4 2 3 3 537 542 534 1471
616 4 2 3 3 687 694 680 1476
617 4 2 3 3 705 1447 697 1448
618 4 2 3 3 718 1440 621 1480
619 4 2 3 3 662 628 1456 1472
620 4 2 3 3 593 99 1463 1467
621 4 2 3 3 142 141 596 1474
622 4 2 3 3 1438 1453 613 1465
623 4 2 3 3 742 1446 736 1473
624 4 2 3 3 560 517 1467 1488
625 4 2 3 3 646 670 655 1480
626 4 2 3 3 1417 1442 1439 1482
627 4 2 3 3 141 533 581 1474
628 4 2 3 3 1428 1497 1426 1500
629 4 2 3 3 743 738 731 1422
630 4 2 3 3 1419 1467 1463 1488
631 4 2 3 3 733 1450 1426 1456
632 4 2 3 3 721 716 200 1499
633 4 2 3 3 718 717 198 1489
634 4 2 3 3 687 1470 1425 1476
635 4 2 3 3 662 647 1443 1497
636 4 2 3 3 1440 1421 1460 1498
637 4 2 3 3 1427 1468 1448 1495
638 4 2 3 3 1477 1495 1436 1503
639 4 2 3 3 1418 1464 1423 1487
640 4 2 3 3 1419 1442 1439 1466
641 4 2 3 3 1417 1439 1442 1466
642 4 2 3 3 602 597 1445 1486
643 4 2 3 3 706 694 1459 1471
644 4 2 3 3 618 731 1450 1483
645 4 2 3 3 1448 1468 1429 1495
646 4 2 3 3 710 1429 697 1447
647 4 2 3 3 513 1433 100 1488
648 4 2 3 3 1425 1471 694 1476
649 4 2 3 3 747 1456 1426 1473
650 4 2 3 3 141 140 581 533
651 4 2 3 3 1417 1495 1477 1503
652 4 2 3 3 1430 1444 596 1474
653 4 2 3 3 184 612 727 1446
654 4 2 3 3 599 1433 172 1449
655 4 2 3 3 184 727 738 1446
656 4 2 3 3 1426 1497 1443 1500
657 4 2 3 3 543 541 537 1425
658 4 2 3 3 643 650 1443 1501
659 4 2 3 3 705 695 571 1448
660 4 2 3 3 549 565 559 1427
661 4 2 3 3 582 1449 1440 1498
662 4 2 3 3 689 714 1478 1501
663 4 2 3 3 643 642 650 1501
664 4 2 3 3 1417 1451 1442 1482
665 4 2 3 3 570 1447 1448 1468
666 4 2 3 3 684 1456 628 1472
667 4 2 3 3 1423 1451 1436 1503
668 4 2 3 3 169 1440 173 1449
669 4 2 3 3 599 1433 1449 1463
670 4 2 3 3 659 1438 670 1469
671 4 2 3 3 1430 1464 1482 1485
672 4 2 3 3 1449 1458 625 1489
673 4 2 3 3 141 1430 596 1474
674 4 2 3 3 1430 1482 1445 1485
675 4 2 3 3 1431 1445 1482 1485
676 4 2 3 3 602 583 597 1486
677 4 2 3 3 1423 1470 1452 1487
678 4 2 3 3 1418 1444 1434 1486
679 4 2 3 3 192 694 1471 1476
680 4 2 3 3 187 703 676 1450
681 4 2 3 3 192 1471 148 1476
682 4 2 3 3 641 642 643 1451
683 4 2 3 3 167 1433 721 1449
684 4 2 3 3 644 1431 643 1469
685 4 2 3 3 674 642 652 1501
686 4 2 3 3 198 717 656 1489
687 4 2 3 3 601 592 1437 1490
688 4 2 3 3 514 1467 517 1488
689 4 2 3 3 1427 1466 1441 1479
690 4 2 3 3 564 559 565 1468
691 4 2 3 3 715 689 714 1478
692 4 2 3 3 734 1456 747 1473
693 4 2 3 3 1426 1428 1473 1497
694 4 2 3 3 1441 1442 1419 1466
695 4 2 3 3 728 733 734 1456
696 4 2 3 3 552 571 695 1448
697 4 2 3 3 590 1445 1430 1475
698 4 2 3 3 1431 1482 1464 1485
699 4 2 3 3 665 635 637 1442
700 4 2 3 3 99 513 100 1488
701 4 2 3 3 743 1422 731 1483
702 4 2 3 3 595 1435 600 1475
703 4 2 3 3 681 1459 1429 1471
704 4 2 3 3 142 544 141 1474
705 4 2 3 3 1467 1479 560 1488
706 4 2 3 3 547 545 548 1494
707 4 2 3 3 643 645 1469 1497
708 4 2 3 3 669 1436 1477 1502
709 4 2 3 3 146 190 1447 1471
710 4 2 3 3 721 625 199 1489
711 4 2 3 3 604 588 591 1463
712 4 2 3 3 172 1433 167 1449
713 4 2 3 3 1428 1453 744 1491
714 4 2 3 3 676 618 187 1450
715 4 2 3 3 1446 1450 1422 1500
716 4 2 3 3 662 1426 1473 1497
717 4 2 3 3 610 546 144 1483
718 4 2 3 3 1427 1448 559 1457
719 4 2 3 3 717 1449 721 1489
720 4 2 3 3 705 697 695 1448
721 4 2 3 3 713 684 628 1472
722 4 2 3 3 665 1458 634 1481
723 4 2 3 3 692 708 1450 1493
724 4 2 3 3 573 554 569 1481
725 4 2 3 3 539 1422 1455 1483
726 4 2 3 3 1427 1441 1466 1477
727 4 2 3 3 1423 1459 1436 1478
728 4 2 3 3 599 579 172 1433
729 4 2 3 3 590 596 1430 1486
730 4 2 3 3 183 739 727 1446
731 4 2 3 3 687 1459 1425 1470
732 4 2 3 3 687 680 1470 1476
733 4 2 3 3 693 1456 684 1472
734 4 2 3 3 1429 1459 1425 1471
735 4 2 3 3 721 167 716 1433
736 4 2 3 3 655 1480 670 1492
737 4 2 3 3 596 141 581 1430
738 4 2 3 3 1430 1487 1425 1503
739 4 2 3 3 698 1429 681 1459
740 4 2 3 3 142 1444 544 1474
741 4 2 3 3 686 1452 1432 1493
742 4 2 3 3 703 188 732 1450
743 4 2 3 3 1426 1456 662 1473
744 4 2 3 3 640 667 1458 1484
745 4 2 3 3 553 1447 563 1494
746 4 2 3 3 1430 1475 1445 1482
747 4 2 3 3 1418 1464 1430 1485
748 4 2 3 3 1420 1460 1431 1485
749 4 2 3 3 545 1447 548 1494
750 4 2 3 3 1438 1469 659 1491
751 4 2 3 3 666 646 655 1480
752 4 2 3 3 556 568 1454 1481
753 4 2 3 3 1436 1427 1477 1502
754 4 2 3 3 674 652 1478 1501
755 4 2 3 3 1422 1450 1483 1493
756 4 2 3 3 682 711 708 1450
757 4 2 3 3 1421 1482 1442 1484
758 4 2 3 3 601 1437 594 1490
759 4 2 3 3 553 557 547 1494
760 4 2 3 3 539 1444 532 1455
761 4 2 3 3 681 697 710 1429
762 4 2 3 3 1421 1431 1482 1484
763 4 2 3 3 1428 1491 1473 1497
764 4 2 3 3 586 1461 138 1494
765 4 2 3 3 1459 1495 1429 1503
766 4 2 3 3 1428 1420 1469 1485
767 4 2 3 3 1417 1464 1451 1482
768 4 2 3 3 595 140 1435 1475
769 4 2 3 3 540 544 1444 1474
770 4 2 3 3 541 1471 1425 1476
771 4 2 3 3 664 628 684 1456
772 4 2 3 3 573 1441 554 1481
773 4 2 3 3 568 633 632 1481
774 4 2 3 3 170 580 1440 1480
775 4 2 3 3 172 579 167 1433
776 4 2 3 3 1417 1464 1430 1503
777 4 2 3 3 717 721 199 1489
778 4 2 3 3 640 1458 1442 1484
779 4 2 3 3 616 618 676 1483
780 4 2 3 3 722 724 723 1492
781 4 2 3 3 565 549 562 1441
782 4 2 3 3 678 1436 653 1502
783 4 2 3 3 178 1434 583 1465
784 4 2 3 3 1420 1469 1460 1480
785 4 2 3 3 596 1444 1430 1486
786 4 2 3 3 558 1448 683 1457
787 4 2 3 3 1420 1440 1460 1490
788 4 2 3 3 723 626 1438 1492
789 4 2 3 3 1454 569 1481 1488
790 4 2 3 3 669 638 649 1477
791 4 2 3 3 97 517 98 1467
792 4 2 3 3 1420 1438 1428 1469
793 4 2 3 3 1473 1491 660 1497
794 4 2 3 3 575 1433 515 1454
795 4 2 3 3 590 1430 581 1475
796 4 2 3 3 1429 1461 1424 1468
797 4 2 3 3 1429 1459 698 1496
798 4 2 3 3 678 653 1436 1478
799 4 2 3 3 667 1458 1484 1489
800 4 2 3 3 183 739 1446 1453
801 4 2 3 3 652 669 1436 1477
802 4 2 3 3 664 662 628 1456
803 4 2 3 3 516 115 517 550
804 4 2 3 3 682 732 728 1450
805 4 2 3 3 685 686 1432 1493
806 4 2 3 3 560 514 517 1488
807 4 2 3 3 595 586 600 1435
808 4 2 3 3 697 1448 1429 1496
809 4 2 3 3 591 588 590 1498
810 4 2 3 3 1418 1432 1452 1500
811 4 2 3 3 1437 1438 1420 1480
812 4 2 3 3 636 637 635 1441
813 4 2 3 3 1428 1469 659 1497
814 4 2 3 3 1429 1448 1447 1468
815 4 2 3 3 614 607 1434 1453
816 4 2 3 3 717 1440 169 1449
817 4 2 3 3 618 676 186 616
818 4 2 3 3 1418 1485 1430 1486
819 4 2 3 3 560 1424 564 1479
820 4 2 3 3 599 1449 587 1463
821 4 2 3 3 1422 1450 731 1483
822 4 2 3 3 550 564 1424 1468
823 4 2 3 3 659 1491 1428 1497
824 4 2 3 3 1431 1460 644 1484
825 4 2 3 3 662 1456 630 1473
826 4 2 3 3 697 1429 698 1496
827 4 2 3 3 594 601 176 1437
828 4 2 3 3 587 1463 1449 1498
829 4 2 3 3 622 654 636 1441
830 4 2 3 3 614 1434 178 1465
831 4 2 3 3 661 626 203 724
832 4 2 3 3 516 550 517 1494
833 4 2 3 3 1443 1452 1423 1501
834 4 2 3 3 1422 1493 1432 1500
835 4 2 3 3 635 665 634 1481
836 4 2 3 3 532 1444 143 1455
837 4 2 3 3 564 1424 1468 1479
838 4 2 3 3 676 186 616 1462
839 4 2 3 3 552 570 571 1448
840 4 2 3 3 554 573 562 1441
841 4 2 3 3 730 630 1456 1473
842 4 2 3 3 690 1436 1459 1478
843 4 2 3 3 578 601 175 1437
844 4 2 3 3 560 550 564 1424
845 4 2 3 3 1438 1480 1437 1492
846 4 2 3 3 1418 1430 1444 1486
847 4 2 3 3 1444 1455 1434 1486
848 4 2 3 3 97 98 603 1467
849 4 2 3 3 693 684 713 1472
850 4 2 3 3 148 1471 541 1476
851 4 2 3 3 723 203 626 724
852 4 2 3 3 123 575 515 1454
853 4 2 3 3 720 29 171 1437
854 4 2 3 3 29 578 171 1437
855 4 2 3 3 563 1447 1468 1494
856 4 2 3 3 646 659 670 1469
857 4 2 3 3 578 30 611 1437
858 4 2 3 3 616 676 1462 1483
859 4 2 3 3 686 1432 1452 1470
860 4 2 3 3 723 1438 626 1491
861 4 2 3 3 681 698 697 1429
862 4 2 3 3 539 538 1462 1483
863 4 2 3 3 665 640 667 1458
864 4 2 3 3 686 1432 1470 1476
865 4 2 3 3 515 575 27 1433
866 4 2 3 3 706 1459 681 1471
867 4 2 3 3 600 603 584 1467
868 4 2 3 3 601 578 611 1437
869 4 2 3 3 682 703 732 1450
870 4 2 3 3 744 735 1473 1491
871 4 2 3 3 600 584 1439 1467
872 4 2 3 3 544 532 540 1444
873 4 2 3 3 618 731 188 1450
874 4 2 3 3 1423 1436 1459 1503
875 4 2 3 3 587 1449 582 1498
876 4 2 3 3 1430 1418 1444 1487
877 4 2 3 3 636 649 638 1477
878 4 2 3 3 1428 1469 1438 1491
879 4 2 3 3 594 1437 1465 1490
880 4 2 3 3 1418 1452 1432 1487
881 4 2 3 3 690 1459 1436 1496
882 4 2 3 3 115 560 517 550
883 4 2 3 3 594 1437 176 1465
884 4 2 3 3 728 704 682 1456
885 4 2 3 3 140 139 595 1435
886 4 2 3 3 554 1441 673 1481
887 4 2 3 3 631 654 549 1457
888 4 2 3 3 549 566 631 1457
889 4 2 3 3 652 1451 639 1477
890 4 2 3 3 533 543 140 1435
891 4 2 3 3 174 582 173 1440
892 4 2 3 3 644 1460 1431 1469
893 4 2 3 3 660 1491 659 1497
894 4 2 3 3 1425 1474 541 1476
895 4 2 3 3 626 661 670 1492
896 4 2 3 3 653 1436 669 1502
897 4 2 3 3 652 669 653 1436
898 4 2 3 3 1418 1452 1443 1500
899 4 2 3 3 590 605 591 1475
900 4 2 3 3 597 590 1445 1486
901 4 2 3 3 1459 1470 1423 1503
902 4 2 3 3 665 1442 640 1458
903 4 2 3 3 686 685 1432 1476
904 4 2 3 3 690 1459 687 1470
905 4 2 3 3 639 1451 1442 1477
906 4 2 3 3 1428 659 1469 1491
907 4 2 3 3 737 1453 1438 1491
908 4 2 3 3 593 1463 584 1467
909 4 2 3 3 657 662 630 1473
910 4 2 3 3 195 571 620 1447
911 4 2 3 3 722 723 1438 1492
912 4 2 3 3 585 606 143 1455
913 4 2 3 3 573 565 1441 1479
914 4 2 3 3 1432 1493 1452 1500
915 4 2 3 3 1426 1443 1452 1500
916 4 2 3 3 685 1432 1462 1493
917 4 2 3 3 590 596 581 1430
918 4 2 3 3 673 554 562 1441
919 4 2 3 3 221 725 723 1438
920 4 2 3 3 27 575 165 1433
921 4 2 3 3 143 532 142 1444
922 4 2 3 3 585 1455 1444 1486
923 4 2 3 3 653 652 1436 1478
924 4 2 3 3 1417 1475 1430 1482
925 4 2 3 3 1418 1430 1464 1487
926 4 2 3 3 722 1438 1437 1492
927 4 2 3 3 150 194 685 1462
928 4 2 3 3 607 615 614 1434
929 4 2 3 3 1422 1483 1462 1493
930 4 2 3 3 180 725 32 613
931 4 2 3 3 740 704 728 1456
932 4 2 3 3 1422 1455 1446 1500
933 4 2 3 3 555 571 570 1447
934 4 2 3 3 730 657 630 1473
935 4 2 3 3 1421 1449 1440 1489
936 4 2 3 3 221 737 32 725
937 4 2 3 3 696 1457 1496 1502
938 4 2 3 3 696 1457 1448 1496
939 4 2 3 3 1417 1439 1435 1475
940 4 2 3 3 573 569 561 1479
941 4 2 3 3 734 730 1456 1473
942 4 2 3 3 686 680 685 1476
943 4 2 3 3 726 611 30 1437
944 4 2 3 3 579 515 27 1433
945 4 2 3 3 683 1448 696 1457
946 4 2 3 3 626 670 1438 1492
947 4 2 3 3 185 184 738 608
948 4 2 3 3 1436 1496 1427 1502
949 4 2 3 3 644 643 645 1469
950 4 2 3 3 1442 1451 1417 1477
951 4 2 3 3 165 1433 575 1499
952 4 2 3 3 560 514 116 517
953 4 2 3 3 1421 1449 1458 1463
954 4 2 3 3 1427 1496 1457 1502
955 4 2 3 3 1442 1458 1421 1484
956 4 2 3 3 686 1470 680 1476
957 4 2 3 3 170 719 580 1480
958 4 2 3 3 1440 1449 1421 1498
959 4 2 3 3 586 1435 138 1461
960 4 2 3 3 1439 1466 1424 1467
961 4 2 3 3 643 644 641 1431
962 4 2 3 3 513 1454 1433 1488
963 4 2 3 3 640 1442 639 1451
964 4 2 3 3 1440 1480 1437 1490
965 4 2 3 3 624 660 1473 1491
966 4 2 3 3 1461 1468 1447 1494
967 4 2 3 3 706 698 681 1459
968 4 2 3 3 644 666 1460 1469
969 4 2 3 3 616 619 21 1462
970 4 2 3 3 685 688 686 1493
971 4 2 3 3 686 688 1452 1493
972 4 2 3 3 1443 1472 1452 1501
973 4 2 3 3 539 538 540 1462
974 4 2 3 3 640 1442 1451 1484
975 4 2 3 3 737 729 744 1491
976 4 2 3 3 737 744 1453 1491
977 4 2 3 3 552 695 683 1448
978 4 2 3 3 552 683 558 1448
979 4 2 3 3 152 620 162 1447
980 4 2 3 3 1449 1463 1421 1498
981 4 2 3 3 583 1434 598 1486
982 4 2 3 3 684 693 711 1456
983 4 2 3 3 1421 1484 1458 1489
984 4 2 3 3 1432 1444 1418 1487
985 4 2 3 3 585 143 1444 1455
986 4 2 3 3 1433 1454 575 1499
987 4 2 3 3 514 560 116 1488
988 4 2 3 3 516 517 97 1494
989 4 2 3 3 545 1461 1447 1494
990 4 2 3 3 1430 1464 1487 1503
991 4 2 3 3 515 27 12 579
992 4 2 3 3 599 172 587 1449
993 4 2 3 3 1434 1455 598 1486
994 4 2 3 3 220 723 626 1491
995 4 2 3 3 685 193 150 1476
996 4 2 3 3 539 532 143 1455
997 4 2 3 3 174 580 592 1440
998 4 2 3 3 593 584 99 1467
999 4 2 3 3 580 578 175 1437
1000 4 2 3 3 174 173 169 1440
1001 4 2 3 3 578 726 30 1437
1002 4 2 3 3 513 515 1433 1454
1003 4 2 3 3 723 725 722 1438
1004 4 2 3 3 628 662 675 1472
1005 4 2 3 3 619 616 34 1462
1006 4 2 3 3 556 554 568 1481
1007 4 2 3 3 690 678 1436 1478
1008 4 2 3 3 691 714 1452 1472
1009 4 2 3 3 639 1442 637 1477
1010 4 2 3 3 584 1463 1439 1467
1011 4 2 3 3 700 690 1436 1496
1012 4 2 3 3 590 597 596 1486
1013 4 2 3 3 515 579 5 1433
1014 4 2 3 3 730 630 745 1456
1015 4 2 3 3 1425 1430 1474 1487
1016 4 2 3 3 146 542 147 1471
1017 4 2 3 3 659 626 670 1438
1018 4 2 3 3 515 12 27 575
1019 4 2 3 3 707 678 653 1502
1020 4 2 3 3 734 747 730 1473
1021 4 2 3 3 618 189 731 1483
1022 4 2 3 3 744 735 736 1473
1023 4 2 3 3 1448 1457 1427 1496
1024 4 2 3 3 676 702 186 1462
1025 4 2 3 3 29 1437 720 1492
1026 4 2 3 3 29 726 578 1437
1027 4 2 3 3 1418 1431 1464 1485
1028 4 2 3 3 577 164 574 1454
1029 4 2 3 3 645 659 1469 1497
1030 4 2 3 3 577 1454 574 1499
1031 4 2 3 3 614 1453 1434 1465
1032 4 2 3 3 556 1454 569 1481
1033 4 2 3 3 562 622 673 1441
1034 4 2 3 3 1417 1430 1464 1482
1035 4 2 3 3 1420 1437 1480 1490
1036 4 2 3 3 573 561 565 1479
1037 4 2 3 3 1419 1466 1439 1467
1038 4 2 3 3 681 710 190 1471
1039 4 2 3 3 568 554 633 1481
1040 4 2 3 3 582 587 173 1449
1041 4 2 3 3 614 615 178 1434
1042 4 2 3 3 1426 1452 1443 1472
1043 4 2 3 3 1430 1485 1445 1486
1044 4 2 3 3 591 605 600 1475
1045 4 2 3 3 513 515 100 1433
1046 4 2 3 3 557 553 563 1494
1047 4 2 3 3 641 1431 644 1484
1048 4 2 3 3 643 1443 647 1497
1049 4 2 3 3 1419 1433 1458 1499
1050 4 2 3 3 608 144 19 1455
1051 4 2 3 3 709 671 572 1457
1052 4 2 3 3 697 705 679 1447
1053 4 2 3 3 586 139 138 1435
1054 4 2 3 3 1434 1446 1428 1453
1055 4 2 3 3 551 1479 569 1488
1056 4 2 3 3 708 703 682 1450
1057 4 2 3 3 144 539 19 1455
1058 4 2 3 3 580 171 578 1437
1059 4 2 3 3 143 142 585 1444
1060 4 2 3 3 609 611 181 1437
1061 4 2 3 3 601 611 176 1437
1062 4 2 3 3 601 578 31 611
1063 4 2 3 3 554 556 569 1481
1064 4 2 3 3 559 1448 558 1457
1065 4 2 3 3 586 138 97 1494
1066 4 2 3 3 572 558 709 1457
1067 4 2 3 3 1419 1481 1479 1488
1068 4 2 3 3 588 1463 587 1498
1069 4 2 3 3 593 1433 599 1463
1070 4 2 3 3 1431 1460 1420 1469
1071 4 2 3 3 1452 1470 1432 1487
1072 4 2 3 3 553 555 563 1447
1073 4 2 3 3 1417 1466 1442 1477
1074 4 2 3 3 585 598 1455 1486
1075 4 2 3 3 598 583 178 1434
1076 4 2 3 3 575 123 576 1454
1077 4 2 3 3 5 579 599 1433
1078 4 2 3 3 659 626 1438 1491
1079 4 2 3 3 641 1451 1431 1484
1080 4 2 3 3 165 575 577 1454
1081 4 2 3 3 29 726 1437 1492
1082 4 2 3 3 593 100 599 1433
1083 4 2 3 3 162 620 571 1447
1084 4 2 3 3 1421 1482 1445 1498
1085 4 2 3 3 199 656 717 1489
1086 4 2 3 3 553 152 162 1447
1087 4 2 3 3 27 165 716 1433
1088 4 2 3 3 595 581 140 1475
1089 4 2 3 3 1421 1460 1431 1484
1090 4 2 3 3 737 613 32 1453
1091 4 2 3 3 545 542 1447 1461
1092 4 2 3 3 651 644 1460 1484
1093 4 2 3 3 1419 1454 1433 1481
1094 4 2 3 3 609 176 611 1437
1095 4 2 3 3 585 598 606 1455
1096 4 2 3 3 689 690 687 1470
1097 4 2 3 3 702 1462 676 1493
1098 4 2 3 3 181 611 726 1437
1099 4 2 3 3 1427 1436 1495 1496
1100 4 2 3 3 712 740 746 1456
1101 4 2 3 3 714 701 1478 1501
1102 4 2 3 3 1421 1440 1460 1489
1103 4 2 3 3 540 150 536 1476
1104 4 2 3 3 598 1434 615 1455
1105 4 2 3 3 165 575 1454 1499
1106 4 2 3 3 1419 1481 1433 1499
1107 4 2 3 3 1419 1458 1481 1499
1108 4 2 3 3 709 558 683 1457
1109 4 2 3 3 1417 1451 1464 1503
1110 4 2 3 3 598 178 615 1434
1111 4 2 3 3 176 1437 609 1465
1112 4 2 3 3 142 596 585 1444
1113 4 2 3 3 730 745 734 1456
1114 4 2 3 3 1419 1458 1433 1463
1115 4 2 3 3 691 692 693 1452
1116 4 2 3 3 679 195 620 1447
1117 4 2 3 3 1433 1454 1419 1488
1118 4 2 3 3 169 717 718 1440
1119 4 2 3 3 620 152 531 1447
1120 4 2 3 3 652 638 669 1477
1121 4 2 3 3 701 715 714 1478
1122 4 2 3 3 555 1447 570 1468
1123 4 2 3 3 617 610 743 1483
1124 4 2 3 3 700 690 678 1436
1125 4 2 3 3 716 1433 165 1499
1126 4 2 3 3 620 195 162 571
1127 4 2 3 3 676 1450 708 1493
1128 4 2 3 3 692 1452 688 1493
1129 4 2 3 3 1433 1458 1449 1463
1130 4 2 3 3 569 1454 567 1488
1131 4 2 3 3 181 726 722 1437
1132 4 2 3 3 1418 1434 1485 1486
1133 4 2 3 3 1422 1462 1432 1493
1134 4 2 3 3 1420 1480 1440 1490
1135 4 2 3 3 165 577 574 1499
1136 4 2 3 3 513 123 515 1454
1137 4 2 3 3 585 1444 596 1486
1138 4 2 3 3 591 600 1439 1475
1139 4 2 3 3 146 147 190 1471
1140 4 2 3 3 702 619 34 1462
1141 4 2 3 3 696 699 1457 1502
1142 4 2 3 3 614 178 583 1465
1143 4 2 3 3 1420 1438 1437 1465
1144 4 2 3 3 563 1447 555 1468
1145 4 2 3 3 729 221 220 1491
1146 4 2 3 3 1452 1493 1426 1500
1147 4 2 3 3 1429 1447 1461 1468
1148 4 2 3 3 168 172 167 1449
1149 4 2 3 3 1417 1466 1477 1495
1150 4 2 3 3 139 534 138 1435
1151 4 2 3 3 576 10 567 1454
1152 4 2 3 3 566 549 559 1457
1153 4 2 3 3 168 169 173 1449
1154 4 2 3 3 619 21 34 616
1155 4 2 3 3 639 640 637 1442
1156 4 2 3 3 1433 1481 1454 1499
1157 4 2 3 3 743 731 189 1483
1158 4 2 3 3 551 561 569 1479
1159 4 2 3 3 220 626 648 1491
1160 4 2 3 3 140 543 139 1435
1161 4 2 3 3 660 624 659 1491
1162 4 2 3 3 551 116 560 1488
1163 4 2 3 3 740 728 734 1456
1164 4 2 3 3 534 138 1435 1461
1165 4 2 3 3 1426 1493 1450 1500
1166 4 2 3 3 1432 1476 1474 1487
1167 4 2 3 3 650 647 643 1443
1168 4 2 3 3 701 677 658 1501
1169 4 2 3 3 548 545 531 1447
1170 4 2 3 3 1474 1476 1425 1487
1171 4 2 3 3 699 683 696 1457
1172 4 2 3 3 595 139 586 1435
1173 4 2 3 3 1420 1431 1469 1485
1174 4 2 3 3 691 686 688 1452
1175 4 2 3 3 1429 1448 1495 1496
1176 4 2 3 3 1427 1495 1448 1496
1177 4 2 3 3 165 1454 577 1499
1178 4 2 3 3 682 704 711 1456
1179 4 2 3 3 692 688 708 1493
1180 4 2 3 3 691 1452 693 1472
1181 4 2 3 3 601 594 592 1490
1182 4 2 3 3 679 705 195 1447
1183 4 2 3 3 1424 1467 1466 1479
1184 4 2 3 3 1419 1466 1467 1479
1185 4 2 3 3 642 639 652 1451
1186 4 2 3 3 591 600 584 1439
1187 4 2 3 3 673 1441 635 1481
1188 4 2 3 3 700 1436 678 1502
1189 4 2 3 3 559 570 1448 1468
1190 4 2 3 3 1421 1458 1449 1489
1191 4 2 3 3 544 142 532 1444
1192 4 2 3 3 709 663 671 1457
1193 4 2 3 3 1439 1463 1419 1467
1194 4 2 3 3 1419 1441 1479 1481
1195 4 2 3 3 701 714 677 1501
1196 4 2 3 3 721 200 199 625
1197 4 2 3 3 634 1481 1458 1499
1198 4 2 3 3 567 1454 513 1488
1199 4 2 3 3 1417 1439 1475 1482
1200 4 2 3 3 172 173 587 1449
1201 4 2 3 3 675 1443 650 1472
1202 4 2 3 3 563 1468 550 1494
1203 4 2 3 3 662 1473 660 1497
1204 4 2 3 3 1420 1460 1440 1480
1205 4 2 3 3 691 688 692 1452
1206 4 2 3 3 188 731 732 1450
1207 4 2 3 3 588 604 587 1463
1208 4 2 3 3 698 1459 690 1496
1209 4 2 3 3 714 1472 677 1501
1210 4 2 3 3 742 733 731 1450
1211 4 2 3 3 624 657 205 1473
1212 4 2 3 3 672 712 746 1456
1213 4 2 3 3 1425 1470 1459 1503
1214 4 2 3 3 1423 1464 1451 1503
1215 4 2 3 3 513 576 123 1454
1216 4 2 3 3 562 573 565 1441
1217 4 2 3 3 1420 1465 1437 1490
1218 4 2 3 3 174 170 580 1440
1219 4 2 3 3 652 639 638 1477
1220 4 2 3 3 205 735 624 1473
1221 4 2 3 3 623 701 658 1501
1222 4 2 3 3 728 732 733 1450
1223 4 2 3 3 148 149 192 1476
1224 4 2 3 3 686 1452 691 1470
1225 4 2 3 3 675 647 650 1443
1226 4 2 3 3 710 697 679 1447
1227 4 2 3 3 653 627 707 1502
1228 4 2 3 3 694 192 680 1476
1229 4 2 3 3 624 1473 735 1491
1230 4 2 3 3 1419 1454 1481 1488
1231 4 2 3 3 640 1451 641 1484
1232 4 2 3 3 576 513 10 1454
1233 4 2 3 3 167 721 168 1449
1234 4 2 3 3 697 696 1448 1496
1235 4 2 3 3 739 736 742 1446
1236 4 2 3 3 178 177 614 583
1237 4 2 3 3 195 705 571 1447
1238 4 2 3 3 614 583 177 1465
1239 4 2 3 3 172 168 173 1449
1240 4 2 3 3 695 696 683 1448
1241 4 2 3 3 621 197 718 1480
1242 4 2 3 3 151 194 150 1462
1243 4 2 3 3 551 560 1479 1488
1244 4 2 3 3 1436 1477 1427 1495
1245 4 2 3 3 176 177 594 1465
1246 4 2 3 3 631 649 654 1457
1247 4 2 3 3 590 589 1445 1498
1248 4 2 3 3 174 592 582 1440
1249 4 2 3 3 730 205 657 1473
1250 4 2 3 3 742 738 727 1446
1251 4 2 3 3 613 1453 614 1465
1252 4 2 3 3 1432 1474 1444 1487
1253 4 2 3 3 1427 1477 1466 1495
1254 4 2 3 3 540 536 544 1474
1255 4 2 3 3 577 556 164 1454
1256 4 2 3 3 722 1437 726 1492
1257 4 2 3 3 205 730 735 1473
1258 4 2 3 3 551 569 567 1488
1259 4 2 3 3 156 622 562 654
1260 4 2 3 3 199 625 656 1489
1261 4 2 3 3 1470 1487 1423 1503
1262 4 2 3 3 640 639 641 1451
1263 4 2 3 3 565 561 564 1479
1264 4 2 3 3 162 571 555 1447
1265 4 2 3 3 633 554 673 1481
1266 4 2 3 3 597 583 598 1486
1267 4 2 3 3 619 538 21 1462
1268 4 2 3 3 626 220 202 723
1269 4 2 3 3 138 1461 535 1494
1270 4 2 3 3 584 593 604 1463
1271 4 2 3 3 706 681 694 1471
1272 4 2 3 3 183 607 182 1453
1273 4 2 3 3 704 740 712 1456
1274 4 2 3 3 162 555 553 1447
1275 4 2 3 3 677 1472 658 1501
1276 4 2 3 3 650 1472 1443 1501
1277 4 2 3 3 605 590 581 1475
1278 4 2 3 3 666 651 644 1460
1279 4 2 3 3 654 562 156 549
1280 4 2 3 3 572 566 558 1457
1281 4 2 3 3 552 558 559 1448
1282 4 2 3 3 676 708 688 1493
1283 4 2 3 3 645 660 659 1497
1284 4 2 3 3 643 647 645 1497
1285 4 2 3 3 623 1478 701 1501
1286 4 2 3 3 19 539 143 1455
1287 4 2 3 3 728 217 704 740
1288 4 2 3 3 635 673 622 1441
1289 4 2 3 3 700 698 690 1496
1290 4 2 3 3 168 717 169 1449
1291 4 2 3 3 1419 1441 1466 1479
1292 4 2 3 3 621 1460 666 1480
1293 4 2 3 3 663 709 699 1457
1294 4 2 3 3 695 160 552 683
1295 4 2 3 3 595 600 605 1475
1296 4 2 3 3 150 540 151 1462
1297 4 2 3 3 165 574 629 1499
1298 4 2 3 3 614 613 607 1453
1299 4 2 3 3 547 535 545 1494
1300 4 2 3 3 98 517 514 1467
1301 4 2 3 3 170 174 169 1440
1302 4 2 3 3 676 703 708 1450
1303 4 2 3 3 706 687 690 1459
1304 4 2 3 3 1438 1453 1428 1491
1305 4 2 3 3 636 638 637 1477
1306 4 2 3 3 1444 1474 1430 1487
1307 4 2 3 3 687 680 686 1470
1308 4 2 3 3 152 22 620 531
1309 4 2 3 3 19 143 606 1455
1310 4 2 3 3 644 646 666 1469
1311 4 2 3 3 616 1462 21 1483
1312 4 2 3 3 683 160 552 558
1313 4 2 3 3 740 745 746 1456
1314 4 2 3 3 567 163 576 1454
1315 4 2 3 3 587 593 599 1463
1316 4 2 3 3 617 743 189 1483
1317 4 2 3 3 598 615 179 1455
1318 4 2 3 3 679 36 710 1447
1319 4 2 3 3 602 1445 589 1490
1320 4 2 3 3 668 634 1458 1499
1321 4 2 3 3 193 685 150 194
1322 4 2 3 3 513 567 10 1454
1323 4 2 3 3 653 669 627 1502
1324 4 2 3 3 157 566 631 549
1325 4 2 3 3 176 609 177 1465
1326 4 2 3 3 654 157 631 549
1327 4 2 3 3 655 670 661 1492
1328 4 2 3 3 198 656 717 199
1329 4 2 3 3 148 541 149 1476
1330 4 2 3 3 746 745 672 1456
1331 4 2 3 3 1436 1495 1459 1503
1332 4 2 3 3 566 559 558 1457
1333 4 2 3 3 682 728 217 704
1334 4 2 3 3 635 622 636 1441
1335 4 2 3 3 617 546 610 1483
1336 4 2 3 3 620 531 22 1447
1337 4 2 3 3 641 644 651 1484
1338 4 2 3 3 702 676 688 1493
1339 4 2 3 3 719 718 197 1480
1340 4 2 3 3 674 650 642 1501
1341 4 2 3 3 567 569 556 1454
1342 4 2 3 3 1436 700 1496 1502
1343 4 2 3 3 1423 1487 1464 1503
1344 4 2 3 3 626 220 648 202
1345 4 2 3 3 624 648 741 204
1346 4 2 3 3 682 216 732 703
1347 4 2 3 3 657 660 662 1473
1348 4 2 3 3 171 170 719 580
1349 4 2 3 3 216 728 682 732
1350 4 2 3 3 592 1490 589 1498
1351 4 2 3 3 686 691 689 1470
1352 4 2 3 3 545 542 146 1447
1353 4 2 3 3 745 206 630 730
1354 4 2 3 3 1424 1468 1461 1494
1355 4 2 3 3 580 175 174 592
1356 4 2 3 3 683 699 709 1457
1357 4 2 3 3 1425 1487 1470 1503
1358 4 2 3 3 597 589 602 1445
1359 4 2 3 3 719 196 720 1492
1360 4 2 3 3 741 648 624 1491
1361 4 2 3 3 209 707 627 1502
1362 4 2 3 3 649 1457 663 1502
1363 4 2 3 3 515 12 5 579
1364 4 2 3 3 707 700 678 1502
1365 4 2 3 3 629 165 28 574
1366 4 2 3 3 187 35 703 188
1367 4 2 3 3 615 612 608 1455
1368 4 2 3 3 697 696 695 1448
1369 4 2 3 3 567 513 117 1488
1370 4 2 3 3 685 680 193 1476
1371 4 2 3 3 637 640 665 1442
1372 4 2 3 3 183 182 739 1453
1373 4 2 3 3 719 1480 196 1492
1374 4 2 3 3 21 1462 538 1483
1375 4 2 3 3 211 701 623 1478
1376 4 2 3 3 550 563 564 1468
1377 4 2 3 3 663 1457 699 1502
1378 4 2 3 3 744 739 737 1453
1379 4 2 3 3 691 693 714 1472
1380 4 2 3 3 726 30 29 578
1381 4 2 3 3 587 582 588 1498
1382 4 2 3 3 582 592 589 1498
1383 4 2 3 3 625 1458 667 1489
1384 4 2 3 3 727 739 742 1446
1385 4 2 3 3 568 154 632 633
1386 4 2 3 3 169 718 170 1440
1387 4 2 3 3 531 545 146 1447
1388 4 2 3 3 181 30 726 611
1389 4 2 3 3 576 577 575 1454
1390 4 2 3 3 646 645 659 1469
1391 4 2 3 3 696 1496 700 1502
1392 4 2 3 3 701 212 623 658
1393 4 2 3 3 211 678 701 1478
1394 4 2 3 3 624 741 735 204
1395 4 2 3 3 196 1480 655 1492
1396 4 2 3 3 147 191 190 1471
1397 4 2 3 3 212 701 677 658
1398 4 2 3 3 713 213 677 1472
1399 4 2 3 3 668 634 625 1458
1400 4 2 3 3 699 707 209 1502
1401 4 2 3 3 713 628 213 1472
1402 4 2 3 3 139 543 534 1435
1403 4 2 3 3 690 715 678 1478
1404 4 2 3 3 539 546 538 1483
1405 4 2 3 3 99 1467 514 1488
1406 4 2 3 3 642 641 639 1451
1407 4 2 3 3 559 564 570 1468
1408 4 2 3 3 138 6 97 1494
1409 4 2 3 3 590 588 589 1498
1410 4 2 3 3 633 568 154 554
1411 4 2 3 3 571 161 552 695
1412 4 2 3 3 741 624 735 1491
1413 4 2 3 3 651 1484 1460 1489
1414 4 2 3 3 188 618 189 731
1415 4 2 3 3 657 630 206 730
1416 4 2 3 3 559 570 552 1448
1417 4 2 3 3 594 177 583 1465
1418 4 2 3 3 560 564 561 1479
1419 4 2 3 3 697 698 696 1496
1420 4 2 3 3 610 33 617 743
1421 4 2 3 3 148 537 541 1471
1422 4 2 3 3 684 712 672 1456
1423 4 2 3 3 220 648 741 1491
1424 4 2 3 3 194 702 685 1462
1425 4 2 3 3 161 571 705 695
1426 4 2 3 3 551 560 561 1479
1427 4 2 3 3 681 190 191 1471
1428 4 2 3 3 655 196 197 1480
1429 4 2 3 3 662 660 647 1497
1430 4 2 3 3 197 196 719 1480
1431 4 2 3 3 610 617 20 546
1432 4 2 3 3 35 732 703 188
1433 4 2 3 3 631 671 663 1457
1434 4 2 3 3 625 665 667 1458
1435 4 2 3 3 589 597 590 1445
1436 4 2 3 3 182 613 737 1453
1437 4 2 3 3 138 545 535 1461
1438 4 2 3 3 658 677 213 1472
1439 4 2 3 3 163 577 576 1454
1440 4 2 3 3 1460 1484 1421 1489
1441 4 2 3 3 658 213 628 1472
1442 4 2 3 3 630 662 664 1456
1443 4 2 3 3 619 702 194 1462
1444 4 2 3 3 138 535 6 1494
1445 4 2 3 3 1422 1450 1493 1500
1446 4 2 3 3 609 613 614 1465
1447 4 2 3 3 563 555 570 1468
1448 4 2 3 3 535 1461 545 1494
1449 4 2 3 3 633 673 635 1481
1450 4 2 3 3 585 597 598 1486
1451 4 2 3 3 649 663 627 1502
1452 4 2 3 3 628 713 214 684
1453 4 2 3 3 36 679 620 1447
1454 4 2 3 3 638 639 637 1477
1455 4 2 3 3 667 1484 651 1489
1456 4 2 3 3 717 168 721 1449
1457 4 2 3 3 606 179 19 1455
1458 4 2 3 3 621 198 718 197
1459 4 2 3 3 621 666 655 1480
1460 4 2 3 3 633 1481 634 1499
1461 4 2 3 3 651 666 621 1460
1462 4 2 3 3 589 1490 1445 1498
1463 4 2 3 3 151 538 619 1462
1464 4 2 3 3 214 664 628 684
1465 4 2 3 3 218 746 712 740
1466 4 2 3 3 623 674 652 1478
1467 4 2 3 3 618 616 189 1483
1468 4 2 3 3 598 179 606 1455
1469 4 2 3 3 724 722 726 1492
1470 4 2 3 3 1419 1479 1467 1488
1471 4 2 3 3 707 678 210 653
1472 4 2 3 3 547 557 122 1494
1473 4 2 3 3 732 731 733 1450
1474 4 2 3 3 587 604 593 1463
1475 4 2 3 3 22 531 146 1447
1476 4 2 3 3 627 669 649 1502
1477 4 2 3 3 698 706 690 1459
1478 4 2 3 3 653 623 652 1478
1479 4 2 3 3 629 633 634 1499
1480 4 2 3 3 607 613 182 1453
1481 4 2 3 3 696 700 699 1502
1482 4 2 3 3 684 672 664 1456
1483 4 2 3 3 516 97 6 1494
1484 4 2 3 3 659 648 626 1491
1485 4 2 3 3 163 556 577 1454
1486 4 2 3 3 673 554 155 562
1487 4 2 3 3 663 649 631 1457
1488 4 2 3 3 513 99 514 1488
1489 4 2 3 3 1429 1495 1459 1496
1490 4 2 3 3 210 627 707 653
1491 4 2 3 3 623 674 1478 1501
1492 4 2 3 3 634 665 625 1458
1493 4 2 3 3 672 745 630 1456
1494 4 2 3 3 581 595 605 1475
1495 4 2 3 3 585 596 597 1486
1496 4 2 3 3 179 608 19 1455
1497 4 2 3 3 147 148 191 1471
1498 4 2 3 3 536 541 1474 1476
1499 4 2 3 3 619 194 151 1462
1500 4 2 3 3 680 192 193 1476
1501 4 2 3 3 675 650 658 1472
1502 4 2 3 3 21 538 145 1483
1503 4 2 3 3 736 735 730 1473
1504 4 2 3 3 513 10 123 576
1505 4 2 3 3 99 584 98 1467
1506 4 2 3 3 658 1472 650 1501
1507 4 2 3 3 623 658 674 1501
1508 4 2 3 3 615 608 179 1455
1509 4 2 3 3 740 734 745 1456
1510 4 2 3 3 572 671 158 631
1511 4 2 3 3 554 154 633 673
1512 4 2 3 3 1459 1495 1436 1496
1513 4 2 3 3 537 147 542 1471
1514 4 2 3 3 547 122 535 1494
1515 4 2 3 3 191 694 681 1471
1516 4 2 3 3 514 99 98 1467
1517 4 2 3 3 635 634 633 1481
1518 4 2 3 3 545 534 542 1461
1519 4 2 3 3 149 193 192 1476
1520 4 2 3 3 616 21 145 1483
1521 4 2 3 3 578 30 31 611
1522 4 2 3 3 622 673 155 562
1523 4 2 3 3 616 617 189 1483
1524 4 2 3 3 684 704 712 1456
1525 4 2 3 3 182 737 739 1453
1526 4 2 3 3 646 644 645 1469
1527 4 2 3 3 545 138 534 1461
1528 4 2 3 3 141 544 533 1474
1529 4 2 3 3 567 117 551 1488
1530 4 2 3 3 149 150 193 1476
1531 4 2 3 3 540 538 151 1462
1532 4 2 3 3 657 624 660 1473
1533 4 2 3 3 122 557 114 1494
1534 4 2 3 3 629 201 165 1499
1535 4 2 3 3 747 736 730 1473
1536 4 2 3 3 712 215 684 672
1537 4 2 3 3 729 220 741 1491
1538 4 2 3 3 516 122 114 1494
1539 4 2 3 3 667 651 656 1489
1540 4 2 3 3 712 704 218 740
1541 4 2 3 3 177 609 614 1465
1542 4 2 3 3 737 182 32 613
1543 4 2 3 3 709 159 558 572
1544 4 2 3 3 711 704 684 1456
1545 4 2 3 3 513 117 10 567
1546 4 2 3 3 584 603 98 1467
1547 4 2 3 3 687 686 689 1470
1548 4 2 3 3 558 683 159 709
1549 4 2 3 3 516 6 122 1494
1550 4 2 3 3 656 625 667 1489
1551 4 2 3 3 147 537 148 1471
1552 4 2 3 3 197 621 655 1480
1553 4 2 3 3 566 572 158 631
1554 4 2 3 3 677 714 693 1472
1555 4 2 3 3 567 556 163 1454
1556 4 2 3 3 624 648 659 1491
1557 4 2 3 3 202 203 626 723
1558 4 2 3 3 617 145 546 1483
1559 4 2 3 3 619 151 21 538
1560 4 2 3 3 10 163 576 567
1561 4 2 3 3 201 165 28 629
1562 4 2 3 3 628 675 658 1472
1563 4 2 3 3 592 594 602 1490
1564 4 2 3 3 560 116 115 517
1565 4 2 3 3 729 735 744 1491
1566 4 2 3 3 640 651 667 1484
1567 4 2 3 3 672 630 664 1456
1568 4 2 3 3 195 26 162 571
1569 4 2 3 3 513 514 117 1488
1570 4 2 3 3 215 664 684 672
1571 4 2 3 3 701 678 715 1478
1572 4 2 3 3 544 536 533 1474
1573 4 2 3 3 641 651 640 1484
1574 4 2 3 3 741 735 729 1491
1575 4 2 3 3 550 516 114 1494
1576 4 2 3 3 661 196 655 1492
1577 4 2 3 3 564 563 570 1468
1578 4 2 3 3 166 629 574 632
1579 4 2 3 3 201 716 165 1499
1580 4 2 3 3 713 677 693 1472
1581 4 2 3 3 709 208 671 663
1582 4 2 3 3 536 541 533 1474
1583 4 2 3 3 648 220 38 202
1584 4 2 3 3 709 208 663 699
1585 4 2 3 3 6 535 122 1494
1586 4 2 3 3 678 210 653 211
1587 4 2 3 3 37 661 724 1492
1588 4 2 3 3 699 700 707 1502
1589 4 2 3 3 114 115 516 550
1590 4 2 3 3 207 672 746 745
1591 4 2 3 3 654 156 157 549
1592 4 2 3 3 696 698 700 1496
1593 4 2 3 3 556 164 163 577
1594 4 2 3 3 550 114 557 1494
1595 4 2 3 3 682 728 216 217
1596 4 2 3 3 598 615 178 179
1597 4 2 3 3 727 184 183 612
1598 4 2 3 3 671 25 709 572
1599 4 2 3 3 515 123 12 575
1600 4 2 3 3 660 645 647 1497
1601 4 2 3 3 557 563 550 1494
1602 4 2 3 3 219 724 726 1492
1603 4 2 3 3 629 634 668 1499
1604 4 2 3 3 741 220 38 648
1605 4 2 3 3 159 160 683 558
1606 4 2 3 3 622 155 156 562
1607 4 2 3 3 209 663 208 699
1608 4 2 3 3 149 536 150 1476
1609 4 2 3 3 592 602 589 1490
1610 4 2 3 3 617 145 20 546
1611 4 2 3 3 674 658 650 1501
1612 4 2 3 3 582 589 588 1498
1613 4 2 3 3 218 704 217 740
1614 4 2 3 3 538 546 145 1483
1615 4 2 3 3 599 5 172 579
1616 4 2 3 3 735 205 624 204
1617 4 2 3 3 661 37 196 1492
1618 4 2 3 3 212 677 213 658
1619 4 2 3 3 746 39 712 672
1620 4 2 3 3 196 219 720 1492
1621 4 2 3 3 557 153 553 547
1622 4 2 3 3 578 31 175 601
1623 4 2 3 3 206 657 730 205
1624 4 2 3 3 31 176 601 611
1625 4 2 3 3 566 158 157 631
1626 4 2 3 3 745 207 672 630
1627 4 2 3 3 732 216 35 703
1628 4 2 3 3 37 724 219 1492
1629 4 2 3 3 571 195 26 705
1630 4 2 3 3 211 212 623 701
1631 4 2 3 3 203 37 661 724
1632 4 2 3 3 536 149 541 1476
1633 4 2 3 3 548 553 153 547
1634 4 2 3 3 161 160 552 695
1635 4 2 3 3 617 616 145 1483
1636 4 2 3 3 37 219 196 1492
1637 4 2 3 3 207 745 206 630
1638 4 2 3 3 707 209 627 210
1639 4 2 3 3 25 159 709 572
1640 4 2 3 3 671 158 25 572
1641 4 2 3 3 187 676 186 618
1642 4 2 3 3 672 746 39 207
1643 4 2 3 3 155 154 554 673
1644 4 2 3 3 28 166 629 574
1645 4 2 3 3 619 34 194 702
1646 4 2 3 3 668 201 629 1499
1647 4 2 3 3 712 39 215 672
1648 4 2 3 3 746 39 218 712
1649 4 2 3 3 23 152 162 553
1650 4 2 3 3 189 617 33 743
1651 4 2 3 3 25 709 208 671
1652 4 2 3 3 684 214 664 215
1653 4 2 3 3 628 713 213 214
1654 4 2 3 3 557 122 11 547
1655 4 2 3 3 617 20 33 610
1656 4 2 3 3 23 152 553 548
1657 4 2 3 3 610 20 144 546
1658 4 2 3 3 122 11 114 557
1659 4 2 3 3 648 38 741 204
1660 4 2 3 3 36 679 195 620
1661 4 2 3 3 557 11 153 547
1662 4 2 3 3 743 610 33 185
1663 4 2 3 3 24 154 632 568
1664 4 2 3 3 571 26 161 705
1665 4 2 3 3 553 153 23 548
1666 4 2 3 3 1503 1435 1430 1417
1667 4 2 3 3 1503 1430 1435 1425
1668 4 2 3 3 565 1468 1479 564
1669 4 2 3 3 1479 1468 565 1427
1670 4 2 3 3 1481 665 1442 635
1671 4 2 3 3 1481 1442 665 1458
1672 4 2 3 3 608 1483 185 610
1673 4 2 3 3 185 1483 608 1422
1674 4 2 3 3 1465 180 1437 609
1675 4 2 3 3 1465 1437 180 1438
1676 4 2 3 3 1446 744 1453 739
1677 4 2 3 3 1446 1453 744 1428
1678 4 2 3 3 1456 747 733 734
1679 4 2 3 3 1456 733 747 1426
1680 4 2 3 3 1486 602 1490 1445
1681 4 2 3 3 1486 1490 602 583
1682 4 2 3 3 1478 689 690 715
1683 4 2 3 3 1478 690 689 1470
1684 4 2 3 3 694 1459 687 706
1685 4 2 3 3 687 1459 694 1425
1686 4 2 3 3 1424 550 517 560
1687 4 2 3 3 1424 517 550 1494
1688 4 2 3 3 180 1437 181 722
1689 4 2 3 3 181 1437 180 609
1690 4 2 3 3 1475 533 581 140
1691 4 2 3 3 1475 581 533 1474
1692 4 2 3 3 1483 1493 676 1462
1693 4 2 3 3 676 1493 1483 1450
1694 4 2 3 3 1500 1434 1428 1418
1695 4 2 3 3 1500 1428 1434 1446
1696 4 2 3 3 1435 1495 1503 1429
1697 4 2 3 3 1503 1495 1435 1417
1698 4 2 3 3 1470 1478 1501 689
1699 4 2 3 3 1501 1478 1470 1423
1700 4 2 3 3 1493 1426 692 1452
1701 4 2 3 3 1493 692 1426 1450
1702 4 2 3 3 533 1435 1425 543
1703 4 2 3 3 1425 1435 533 1474
1704 4 2 3 3 1425 541 533 543
1705 4 2 3 3 533 541 1425 1474
1706 4 2 3 3 1446 1426 1428 1473
1707 4 2 3 3 1428 1426 1446 1500
1708 4 2 3 3 1424 1467 586 1439
1709 4 2 3 3 600 586 1467 1439
1710 4 2 3 3 600 1467 586 603
1711 4 2 3 3 1470 714 691 689
1712 4 2 3 3 1470 691 714 1452
1713 4 2 3 3 1471 543 534 537
1714 4 2 3 3 1471 534 543 1435
1715 4 2 3 3 724 626 1492 661
1716 4 2 3 3 724 1492 626 723
1717 4 2 3 3 1471 192 191 694
1718 4 2 3 3 1471 191 192 148
1719 4 2 3 3 591 1463 584 604
1720 4 2 3 3 584 1463 591 1439
1721 4 2 3 3 1499 200 201 716
1722 4 2 3 3 1499 201 200 668
1723 4 2 3 3 5 100 1433 599
1724 4 2 3 3 5 1433 100 515
1725 4 2 3 3 1476 540 1474 536
1726 4 2 3 3 1476 1474 540 1432
1727 4 2 3 3 1490 583 594 602
1728 4 2 3 3 1490 594 583 1465
1729 4 2 3 3 1492 29 219 720
1730 4 2 3 3 1492 219 29 726
1731 4 2 3 3 175 1437 592 580
1732 4 2 3 3 592 1437 175 601
1733 4 2 3 3 1491 221 737 729
1734 4 2 3 3 1491 737 221 1438
1735 4 2 3 3 1454 164 568 556
1736 4 2 3 3 1454 568 164 574
1737 4 2 3 3 1491 723 221 220
1738 4 2 3 3 1491 221 723 1438
1739 4 2 3 3 1480 170 718 1440
1740 4 2 3 3 1480 718 170 719
1741 4 2 3 3 1462 186 34 702
1742 4 2 3 3 1462 34 186 616
1743 4 2 3 3 1489 621 651 656
1744 4 2 3 3 1489 651 621 1460
1745 4 2 3 3 1487 1476 1470 1432
1746 4 2 3 3 1487 1470 1476 1425
1747 4 2 3 3 1493 702 685 688
1748 4 2 3 3 1493 685 702 1462
1749 4 2 3 3 1447 548 152 531
1750 4 2 3 3 1447 152 548 553
1751 4 2 3 3 568 24 166 632
1752 4 2 3 3 166 24 568 164
1753 4 2 3 3 166 574 568 632
1754 4 2 3 3 568 574 166 164
1755 4 2 3 3 1498 592 1440 582
1756 4 2 3 3 1498 1440 592 1490
1757 4 2 3 3 1447 190 36 710
1758 4 2 3 3 1447 36 190 146
1759 4 2 3 3 1492 719 1437 720
1760 4 2 3 3 1492 1437 719 1480
1761 4 2 3 3 171 1437 719 720
1762 4 2 3 3 22 36 1447 146
1763 4 2 3 3 22 1447 36 620
1764 4 2 3 3 1478 211 653 623
1765 4 2 3 3 1478 653 211 678
1766 4 2 3 3 167 27 1433 579
1767 4 2 3 3 167 1433 27 716
1768 4 2 3 3 209 1502 663 699
1769 4 2 3 3 663 1502 209 627
1770 4 2 3 3 1499 633 632 629
1771 4 2 3 3 1499 632 633 1481
1772 4 2 3 3 1488 116 117 551
1773 4 2 3 3 1488 117 116 514
1774 4 2 3 3 572 631 1457 671
1775 4 2 3 3 1457 631 572 566
1776 4 2 3 3 1467 586 97 1424
1777 4 2 3 3 1467 97 586 603
1778 4 2 3 3 1437 719 580 171
1779 4 2 3 3 1437 580 719 1480
1780 4 2 4 4 1508 1522 1516 1524
1781 4 2 4 4 791 1526 1513 1548
1782 4 2 4 4 1516 1522 1506 1524
1783 4 2 4 4 457 1525 1526 1570
1784 4 2 4 4 591 1534 1507 1550
1785 4 2 4 4 591 1518 1534 1550
1786 4 2 4 4 601 879 799 1574
1787 4 2 4 4 1507 1534 1518 1550
1788 4 2 4 4 1517 1537 818 1544
1789 4 2 4 4 816 818 1537 1544
1790 4 2 4 4 591 1507 1534 1564
1791 4 2 4 4 1506 1516 1524 1569
1792 4 2 4 4 1508 1524 1516 1577
1793 4 2 4 4 1524 1569 1516 1577
1794 4 2 4 4 834 816 818 1537
1795 4 2 4 4 601 1519 879 1574
1796 4 2 4 4 816 1537 1510 1544
1797 4 2 4 4 788 1535 1513 1565
1798 4 2 4 4 834 1510 816 1537
1799 4 2 4 4 591 1550 1507 1564
1800 4 2 4 4 1510 1537 1517 1544
1801 4 2 4 4 587 1514 1511 1556
1802 4 2 4 4 1511 1514 588 1534
1803 4 2 4 4 604 1534 1514 1564
1804 4 2 4 4 862 1545 1543 1565
1805 4 2 4 4 850 1531 225 1551
1806 4 2 4 4 879 1545 799 1574
1807 4 2 4 4 225 1551 1531 1566
1808 4 2 4 4 769 1523 1516 1558
1809 4 2 4 4 1505 1510 1530 1557
1810 4 2 4 4 1505 1523 1510 1557
1811 4 2 4 4 457 1526 1525 1555
1812 4 2 4 4 1505 1523 1557 1563
1813 4 2 4 4 1505 1557 1530 1563
1814 4 2 4 4 604 591 1534 1564
1815 4 2 4 4 754 881 1522 1543
1816 4 2 4 4 1513 1542 781 1548
1817 4 2 4 4 779 775 754 1522
1818 4 2 4 4 457 1525 1514 1555
1819 4 2 4 4 862 1543 1545 1567
1820 4 2 4 4 1512 1542 1513 1548
1821 4 2 4 4 457 1526 1555 1575
1822 4 2 4 4 457 1555 1514 1575
1823 4 2 4 4 879 1519 1545 1574
1824 4 2 4 4 588 1511 587 1514
1825 4 2 4 4 1519 1524 867 1545
1826 4 2 4 4 752 1522 1516 1535
1827 4 2 4 4 1514 1525 470 1564
1828 4 2 4 4 475 1520 452 1538
1829 4 2 4 4 1517 818 1537 1552
1830 4 2 4 4 1543 1545 1508 1565
1831 4 2 4 4 1509 1536 1527 1561
1832 4 2 4 4 1512 1548 1526 1570
1833 4 2 4 4 1508 1545 1543 1567
1834 4 2 4 4 1510 1558 1523 1566
1835 4 2 4 4 1512 1526 1525 1570
1836 4 2 4 4 763 1522 1535 1543
1837 4 2 4 4 769 1523 1558 1566
1838 4 2 4 4 788 783 1513 1535
1839 4 2 4 4 833 452 1520 1538
1840 4 2 4 4 242 791 794 1513
1841 4 2 4 4 769 765 1516 1523
1842 4 2 4 4 788 783 1535 1565
1843 4 2 4 4 769 1516 765 1558
1844 4 2 4 4 236 1542 1512 1548
1845 4 2 4 4 1527 1536 845 1561
1846 4 2 4 4 1516 1541 765 1558
1847 4 2 4 4 605 1518 591 1550
1848 4 2 4 4 793 1547 1513 1556
1849 4 2 4 4 1526 1548 456 1570
1850 4 2 4 4 1542 1563 1513 1577
1851 4 2 4 4 777 881 754 1543
1852 4 2 4 4 872 867 1519 1524
1853 4 2 4 4 1512 1525 1526 1555
1854 4 2 4 4 1511 1553 582 1574
1855 4 2 4 4 1505 1530 1510 1537
1856 4 2 4 4 763 1522 752 1535
1857 4 2 4 4 794 1513 791 1526
1858 4 2 4 4 827 809 1527 1529
1859 4 2 4 4 587 1511 582 1556
1860 4 2 4 4 834 828 1510 1531
1861 4 2 4 4 764 1516 752 1522
1862 4 2 4 4 469 452 475 1520
1863 4 2 4 4 452 466 805 1520
1864 4 2 4 4 457 470 1514 1525
1865 4 2 4 4 1504 1513 1563 1577
1866 4 2 4 4 1523 1563 1542 1577
1867 4 2 4 4 1517 1537 1530 1552
1868 4 2 4 4 1516 1523 765 1542
1869 4 2 4 4 599 796 798 1575
1870 4 2 4 4 852 225 850 1531
1871 4 2 4 4 457 1526 456 1570
1872 4 2 4 4 821 822 1520 1552
1873 4 2 4 4 236 1548 1512 1559
1874 4 2 4 4 834 1531 1510 1537
1875 4 2 4 4 822 1538 1520 1552
1876 4 2 4 4 867 872 1519 1545
1877 4 2 4 4 520 773 523 1521
1878 4 2 4 4 470 1564 1525 1572
1879 4 2 4 4 756 773 1521 1549
1880 4 2 4 4 107 464 1528 1540
1881 4 2 4 4 886 809 847 1529
1882 4 2 4 4 833 1520 848 1538
1883 4 2 4 4 1513 1526 1512 1548
1884 4 2 4 4 825 1533 1521 1537
1885 4 2 4 4 786 582 1511 1556
1886 4 2 4 4 876 1527 809 1529
1887 4 2 4 4 107 464 465 1528
1888 4 2 4 4 1511 1534 588 1553
1889 4 2 4 4 815 1544 1529 1571
1890 4 2 4 4 107 1528 749 1540
1891 4 2 4 4 1522 1524 1508 1567
1892 4 2 4 4 756 773 520 1521
1893 4 2 4 4 1510 1531 828 1551
1894 4 2 4 4 1504 1563 1523 1577
1895 4 2 4 4 821 1537 818 1552
1896 4 2 4 4 759 1516 765 1542
1897 4 2 4 4 1511 1504 1513 1555
1898 4 2 4 4 1511 1513 1504 1577
1899 4 2 4 4 582 587 588 1511
1900 4 2 4 4 1513 1542 1512 1563
1901 4 2 4 4 788 1513 1547 1565
1902 4 2 4 4 1521 1540 756 1549
1903 4 2 4 4 241 788 783 1513
1904 4 2 4 4 828 816 834 1510
1905 4 2 4 4 582 1511 588 1553
1906 4 2 4 4 604 588 1514 1534
1907 4 2 4 4 827 815 1529 1571
1908 4 2 4 4 797 793 1513 1556
1909 4 2 4 4 827 1529 1527 1571
1910 4 2 4 4 803 1511 801 1547
1911 4 2 4 4 457 458 1525 1570
1912 4 2 4 4 867 1545 1524 1567
1913 4 2 4 4 765 1523 760 1542
1914 4 2 4 4 1507 1530 1504 1555
1915 4 2 4 4 1511 1555 1513 1556
1916 4 2 4 4 1539 1569 1524 1577
1917 4 2 4 4 1507 1504 1534 1555
1918 4 2 4 4 1520 1538 1507 1552
1919 4 2 4 4 759 765 760 1542
1920 4 2 4 4 845 823 1527 1561
1921 4 2 4 4 1512 1555 1513 1563
1922 4 2 4 4 236 1512 1542 1576
1923 4 2 4 4 880 1519 594 1568
1924 4 2 4 4 236 1559 1512 1576
1925 4 2 4 4 1513 1555 1504 1563
1926 4 2 4 4 1511 1539 1519 1545
1927 4 2 4 4 1539 1545 1511 1547
1928 4 2 4 4 828 816 1510 1551
1929 4 2 4 4 225 750 1551 1566
1930 4 2 4 4 797 1513 1526 1556
1931 4 2 4 4 797 793 794 1513
1932 4 2 4 4 849 1531 1521 1549
1933 4 2 4 4 520 756 1521 1540
1934 4 2 4 4 1508 1539 1524 1577
1935 4 2 4 4 1516 1522 1508 1535
1936 4 2 4 4 1507 1504 1530 1534
1937 4 2 4 4 872 1524 1519 1573
1938 4 2 4 4 1505 1521 1533 1537
1939 4 2 4 4 1510 1523 1505 1566
1940 4 2 4 4 1513 1555 1526 1556
1941 4 2 4 4 862 790 1545 1565
1942 4 2 4 4 452 469 466 1520
1943 4 2 4 4 797 1513 794 1526
1944 4 2 4 4 1511 1545 1519 1574
1945 4 2 4 4 1508 1535 1522 1543
1946 4 2 4 4 763 764 752 1522
1947 4 2 4 4 600 1550 591 1564
1948 4 2 4 4 593 1514 599 1575
1949 4 2 4 4 236 781 1542 1548
1950 4 2 4 4 782 1513 783 1535
1951 4 2 4 4 466 805 1520 1533
1952 4 2 4 4 1511 1547 1545 1574
1953 4 2 4 4 846 1521 825 1533
1954 4 2 4 4 759 1535 1516 1542
1955 4 2 4 4 862 1543 865 1565
1956 4 2 4 4 107 749 133 1540
1957 4 2 4 4 523 773 855 1521
1958 4 2 4 4 871 1522 881 1543
1959 4 2 4 4 604 591 588 1534
1960 4 2 4 4 845 1561 1536 1562
1961 4 2 4 4 601 592 594 1519
1962 4 2 4 4 823 1527 1561 1571
1963 4 2 4 4 825 1521 835 1531
1964 4 2 4 4 1523 1542 1516 1577
1965 4 2 4 4 794 782 242 1513
1966 4 2 4 4 1505 1533 1520 1537
1967 4 2 4 4 825 1521 1531 1537
1968 4 2 4 4 599 587 796 1575
1969 4 2 4 4 872 869 867 1524
1970 4 2 4 4 872 869 1524 1573
1971 4 2 4 4 1536 1561 1509 1562
1972 4 2 4 4 591 1518 590 1534
1973 4 2 4 4 1510 1505 1531 1566
1974 4 2 4 4 822 836 1538 1552
1975 4 2 4 4 1510 1541 1544 1557
1976 4 2 4 4 1506 1544 1541 1557
1977 4 2 4 4 821 818 820 1552
1978 4 2 4 4 824 1520 1533 1537
1979 4 2 4 4 803 786 801 1511
1980 4 2 4 4 450 456 1526 1548
1981 4 2 4 4 786 1511 582 1574
1982 4 2 4 4 582 786 173 1556
1983 4 2 4 4 841 827 815 1529
1984 4 2 4 4 601 592 1519 1574
1985 4 2 4 4 849 1521 753 1549
1986 4 2 4 4 107 465 749 1528
1987 4 2 4 4 599 1514 587 1575
1988 4 2 4 4 849 753 1531 1549
1989 4 2 4 4 1507 1534 1530 1578
1990 4 2 4 4 1505 1510 1531 1537
1991 4 2 4 4 1510 1530 1517 1537
1992 4 2 4 4 862 866 1543 1567
1993 4 2 4 4 1504 1530 1534 1578
1994 4 2 4 4 1514 1556 587 1575
1995 4 2 4 4 815 1515 1529 1544
1996 4 2 4 4 873 881 871 1522
1997 4 2 4 4 589 582 1553 1574
1998 4 2 4 4 1520 1538 475 1572
1999 4 2 4 4 848 822 842 1538
2000 4 2 4 4 586 474 840 1538
2001 4 2 4 4 848 1520 805 1533
2002 4 2 4 4 1517 1530 1510 1557
2003 4 2 4 4 1507 1525 1514 1564
2004 4 2 4 4 793 803 801 1547
2005 4 2 4 4 793 794 1513 1547
2006 4 2 4 4 801 792 1547 1574
2007 4 2 4 4 590 1534 1518 1553
2008 4 2 4 4 241 783 782 1513
2009 4 2 4 4 815 1515 814 1529
2010 4 2 4 4 595 804 1518 1550
2011 4 2 4 4 834 807 828 1531
2012 4 2 4 4 466 1520 462 1533
2013 4 2 4 4 848 1520 822 1538
2014 4 2 4 4 813 845 829 1536
2015 4 2 4 4 593 459 1514 1575
2016 4 2 4 4 752 1516 759 1535
2017 4 2 4 4 105 132 1533 1540
2018 4 2 4 4 753 1521 773 1549
2019 4 2 4 4 593 599 468 1575
2020 4 2 4 4 757 1540 1528 1549
2021 4 2 4 4 172 796 798 599
2022 4 2 4 4 1507 1525 1530 1555
2023 4 2 4 4 761 1523 1549 1576
2024 4 2 4 4 591 605 590 1518
2025 4 2 4 4 582 173 587 1556
2026 4 2 4 4 827 841 809 1529
2027 4 2 4 4 879 880 872 1519
2028 4 2 4 4 587 1556 796 1575
2029 4 2 4 4 595 804 581 1518
2030 4 2 4 4 605 595 1518 1550
2031 4 2 4 4 1527 1529 1506 1571
2032 4 2 4 4 816 1544 1510 1551
2033 4 2 4 4 459 1514 470 1564
2034 4 2 4 4 803 1511 1547 1556
2035 4 2 4 4 764 1516 1522 1541
2036 4 2 4 4 1505 1563 1528 1576
2037 4 2 4 4 1523 1505 1549 1576
2038 4 2 4 4 1519 1568 872 1573
2039 4 2 4 4 588 587 604 1514
2040 4 2 4 4 469 1520 475 1572
2041 4 2 4 4 873 748 779 1532
2042 4 2 4 4 605 595 581 1518
2043 4 2 4 4 758 1528 465 1559
2044 4 2 4 4 876 1527 1529 1560
2045 4 2 4 4 1528 1549 1505 1576
2046 4 2 4 4 845 1527 829 1536
2047 4 2 4 4 749 1528 757 1540
2048 4 2 4 4 242 782 781 1513
2049 4 2 4 4 249 1531 850 1551
2050 4 2 4 4 810 1521 846 1533
2051 4 2 4 4 872 879 1519 1545
2052 4 2 4 4 770 225 1531 1566
2053 4 2 4 4 1505 1528 1563 1570
2054 4 2 4 4 1511 1513 1547 1556
2055 4 2 4 4 466 469 462 1520
2056 4 2 4 4 822 836 842 1538
2057 4 2 4 4 781 1513 782 1542
2058 4 2 4 4 600 605 591 1550
2059 4 2 4 4 460 1538 603 1564
2060 4 2 4 4 788 241 794 1513
2061 4 2 4 4 754 1522 763 1543
2062 4 2 4 4 590 588 1534 1553
2063 4 2 4 4 756 1540 757 1549
2064 4 2 4 4 1510 1541 1515 1544
2065 4 2 4 4 860 873 1522 1532
2066 4 2 4 4 603 1538 1550 1564
2067 4 2 4 4 886 847 261 1529
2068 4 2 4 4 521 1521 810 1533
2069 4 2 4 4 1507 1514 1525 1555
2070 4 2 4 4 880 594 861 1568
2071 4 2 4 4 841 847 809 1529
2072 4 2 4 4 846 810 837 1521
2073 4 2 4 4 775 779 748 1532
2074 4 2 4 4 1515 1541 1510 1558
2075 4 2 4 4 824 1533 825 1537
2076 4 2 4 4 1529 1544 1506 1571
2077 4 2 4 4 753 855 773 1521
2078 4 2 4 4 249 852 850 1531
2079 4 2 4 4 457 456 458 1570
2080 4 2 4 4 589 582 588 1553
2081 4 2 4 4 792 1547 1545 1565
2082 4 2 4 4 226 849 753 1531
2083 4 2 4 4 752 765 759 1516
2084 4 2 4 4 756 133 749 1540
2085 4 2 4 4 836 1550 1538 1552
2086 4 2 4 4 777 864 881 1543
2087 4 2 4 4 876 809 886 1529
2088 4 2 4 4 1505 1523 1563 1576
2089 4 2 4 4 249 828 1531 1551
2090 4 2 4 4 591 590 588 1534
2091 4 2 4 4 818 1517 819 1552
2092 4 2 4 4 1525 1564 1507 1572
2093 4 2 4 4 885 1560 1522 1567
2094 4 2 4 4 870 1527 1524 1573
2095 4 2 4 4 821 1520 824 1537
2096 4 2 4 4 885 860 1522 1560
2097 4 2 4 4 457 458 470 1525
2098 4 2 4 4 1528 1563 1512 1576
2099 4 2 4 4 223 851 853 1515
2100 4 2 4 4 803 1547 793 1556
2101 4 2 4 4 863 809 876 1527
2102 4 2 4 4 521 1533 132 1540
2103 4 2 4 4 769 760 765 1523
2104 4 2 4 4 521 837 810 1521
2105 4 2 4 4 851 814 1515 1546
2106 4 2 4 4 1512 1563 1528 1570
2107 4 2 4 4 862 865 790 1565
2108 4 2 4 4 756 749 757 1540
2109 4 2 4 4 474 586 460 1538
2110 4 2 4 4 870 1524 1527 1560
2111 4 2 4 4 1512 1526 1513 1555
2112 4 2 4 4 1508 1545 1539 1547
2113 4 2 4 4 1545 1547 792 1574
2114 4 2 4 4 1506 1515 1529 1541
2115 4 2 4 4 835 1521 849 1531
2116 4 2 4 4 521 1521 1533 1540
2117 4 2 4 4 862 1545 867 1567
2118 4 2 4 4 450 456 457 1526
2119 4 2 4 4 1515 1532 1529 1541
2120 4 2 4 4 1506 1529 1532 1541
2121 4 2 4 4 818 819 820 1552
2122 4 2 4 4 814 251 851 1515
2123 4 2 4 4 762 761 1523 1549
2124 4 2 4 4 863 829 809 1527
2125 4 2 4 4 1508 1524 1545 1567
2126 4 2 4 4 801 795 792 1574
2127 4 2 4 4 1506 1524 1522 1560
2128 4 2 4 4 860 1532 1522 1560
2129 4 2 4 4 801 1547 1511 1574
2130 4 2 4 4 762 1549 1523 1566
2131 4 2 4 4 855 753 849 1521
2132 4 2 4 4 593 468 459 1575
2133 4 2 4 4 1505 1563 1554 1570
2134 4 2 4 4 768 1515 853 1551
2135 4 2 4 4 1513 1535 782 1542
2136 4 2 4 4 593 587 599 1514
2137 4 2 4 4 755 1532 1515 1541
2138 4 2 4 4 853 1515 251 1551
2139 4 2 4 4 1505 1531 1521 1537
2140 4 2 4 4 223 853 768 1515
2141 4 2 4 4 788 1513 794 1547
2142 4 2 4 4 1507 1534 1514 1555
2143 4 2 4 4 865 1543 785 1565
2144 4 2 4 4 763 1535 233 1543
2145 4 2 4 4 462 1520 469 1554
2146 4 2 4 4 241 782 794 1513
2147 4 2 4 4 775 1522 767 1541
2148 4 2 4 4 838 581 804 1518
2149 4 2 4 4 1535 1547 1513 1565
2150 4 2 4 4 758 749 465 1528
2151 4 2 4 4 249 828 807 1531
2152 4 2 4 4 786 1511 803 1556
2153 4 2 4 4 835 825 846 1521
2154 4 2 4 4 462 1533 1520 1554
2155 4 2 4 4 795 799 1545 1574
2156 4 2 4 4 599 172 796 587
2157 4 2 4 4 764 1522 775 1541
2158 4 2 4 4 452 467 475 1538
2159 4 2 4 4 459 457 470 1514
2160 4 2 4 4 833 848 842 1538
2161 4 2 4 4 824 848 805 1533
2162 4 2 4 4 786 801 1511 1574
2163 4 2 4 4 460 461 1538 1564
2164 4 2 4 4 857 772 1532 1546
2165 4 2 4 4 853 851 251 1515
2166 4 2 4 4 754 763 777 1543
2167 4 2 4 4 826 1518 1550 1552
2168 4 2 4 4 1506 1529 1527 1560
2169 4 2 4 4 765 1516 764 1541
2170 4 2 4 4 775 767 1522 1532
2171 4 2 4 4 603 1550 600 1564
2172 4 2 4 4 767 1522 1532 1541
2173 4 2 4 4 1509 1561 1527 1571
2174 4 2 4 4 601 799 175 1574
2175 4 2 4 4 455 465 1528 1559
2176 4 2 4 4 797 794 791 1526
2177 4 2 4 4 817 1517 818 1544
2178 4 2 4 4 1538 1550 1507 1552
2179 4 2 4 4 756 753 773 1549
2180 4 2 4 4 860 873 871 1522
2181 4 2 4 4 815 814 841 1529
2182 4 2 4 4 796 587 173 1556
2183 4 2 4 4 1504 1511 1534 1555
2184 4 2 4 4 876 863 886 809
2185 4 2 4 4 875 829 863 1527
2186 4 2 4 4 755 1541 1515 1558
2187 4 2 4 4 814 1529 1515 1546
2188 4 2 4 4 786 796 173 1556
2189 4 2 4 4 824 1520 848 1533
2190 4 2 4 4 1528 1540 464 1554
2191 4 2 4 4 879 877 799 1545
2192 4 2 4 4 826 1518 804 1550
2193 4 2 4 4 520 133 756 1540
2194 4 2 4 4 870 1524 869 1573
2195 4 2 4 4 1506 1522 1516 1541
2196 4 2 4 4 1505 1554 1528 1570
2197 4 2 4 4 1538 1564 461 1572
2198 4 2 4 4 1513 1511 1547 1577
2199 4 2 4 4 857 776 772 1546
2200 4 2 4 4 260 1532 1529 1546
2201 4 2 4 4 755 1515 1532 1546
2202 4 2 4 4 462 469 463 1554
2203 4 2 4 4 770 225 852 1531
2204 4 2 4 4 819 1552 1517 1561
2205 4 2 4 4 1522 1560 1524 1567
2206 4 2 4 4 471 1528 464 1554
2207 4 2 4 4 1511 1504 1539 1577
2208 4 2 4 4 883 844 813 1536
2209 4 2 4 4 1506 1557 1516 1569
2210 4 2 4 4 1530 1555 1525 1563
2211 4 2 4 4 870 874 1527 1573
2212 4 2 4 4 1505 1549 1531 1566
2213 4 2 4 4 1507 1530 1552 1578
2214 4 2 4 4 602 589 1519 1574
2215 4 2 4 4 459 593 1514 1564
2216 4 2 4 4 1554 1563 1525 1570
2217 4 2 4 4 792 1545 790 1565
2218 4 2 4 4 1507 1530 1525 1572
2219 4 2 4 4 1525 1530 1520 1572
2220 4 2 4 4 460 451 461 1564
2221 4 2 4 4 1507 1520 1530 1572
2222 4 2 4 4 589 602 1519 1553
2223 4 2 4 4 755 767 1532 1541
2224 4 2 4 4 754 775 763 1522
2225 4 2 4 4 872 877 879 1545
2226 4 2 4 4 1507 1530 1520 1552
2227 4 2 4 4 452 833 467 1538
2228 4 2 4 4 752 764 765 1516
2229 4 2 4 4 589 1553 1519 1574
2230 4 2 4 4 768 1515 1551 1558
2231 4 2 4 4 795 1545 792 1574
2232 4 2 4 4 234 782 1535 1542
2233 4 2 4 4 260 857 1532 1546
2234 4 2 4 4 885 868 1560 1567
2235 4 2 4 4 750 1558 1551 1566
2236 4 2 4 4 251 1515 806 1551
2237 4 2 4 4 1523 1504 1557 1563
2238 4 2 4 4 755 1532 772 1546
2239 4 2 4 4 1514 1534 1507 1564
2240 4 2 4 4 826 1550 836 1552
2241 4 2 4 4 875 1536 1527 1573
2242 4 2 4 4 1514 1534 1511 1555
2243 4 2 4 4 884 872 1568 1573
2244 4 2 4 4 758 453 778 1559
2245 4 2 4 4 1515 1541 1506 1544
2246 4 2 4 4 1523 1549 1505 1566
2247 4 2 4 4 1520 1530 1505 1537
2248 4 2 4 4 834 807 1531 1537
2249 4 2 4 4 764 775 767 1541
2250 4 2 4 4 868 1524 870 1560
2251 4 2 4 4 849 248 835 1531
2252 4 2 4 4 827 809 829 1527
2253 4 2 4 4 1511 1514 1555 1556
2254 4 2 4 4 1524 1560 868 1567
2255 4 2 4 4 1504 1555 1530 1563
2256 4 2 4 4 821 822 824 1520
2257 4 2 4 4 885 1522 871 1567
2258 4 2 4 4 765 1541 766 1558
2259 4 2 4 4 1516 1542 1535 1577
2260 4 2 4 4 474 586 97 460
2261 4 2 4 4 763 752 233 1535
2262 4 2 4 4 789 799 877 1545
2263 4 2 4 4 1522 1532 1506 1560
2264 4 2 4 4 815 806 814 1515
2265 4 2 4 4 806 1515 815 1544
2266 4 2 4 4 236 1542 751 1576
2267 4 2 4 4 1509 1524 1519 1539
2268 4 2 4 4 603 460 586 1538
2269 4 2 4 4 844 883 606 1536
2270 4 2 4 4 768 853 224 1551
2271 4 2 4 4 825 835 807 1531
2272 4 2 4 4 861 884 872 1568
2273 4 2 4 4 1531 1551 1510 1566
2274 4 2 4 4 869 867 1524 1567
2275 4 2 4 4 885 860 871 1522
2276 4 2 4 4 1513 1535 1508 1547
2277 4 2 4 4 1519 1524 1509 1573
2278 4 2 4 4 1506 1529 1515 1544
2279 4 2 4 4 758 465 453 1559
2280 4 2 4 4 602 1519 592 1574
2281 4 2 4 4 604 587 593 1514
2282 4 2 4 4 1516 1569 1557 1577
2283 4 2 4 4 107 106 464 1540
2284 4 2 4 4 1545 1547 1508 1565
2285 4 2 4 4 1506 1532 1522 1541
2286 4 2 4 4 759 234 1535 1542
2287 4 2 4 4 1518 1561 838 1562
2288 4 2 4 4 789 795 799 1545
2289 4 2 4 4 814 806 251 1515
2290 4 2 4 4 602 594 1519 1568
2291 4 2 4 4 882 1529 260 1532
2292 4 2 4 4 830 586 840 1538
2293 4 2 4 4 1508 1547 1535 1565
2294 4 2 4 4 449 464 1540 1554
2295 4 2 4 4 604 1514 593 1564
2296 4 2 4 4 774 756 757 1549
2297 4 2 4 4 450 1526 457 1575
2298 4 2 4 4 826 804 836 1550
2299 4 2 4 4 105 1533 449 1540
2300 4 2 4 4 755 772 776 1546
2301 4 2 4 4 1504 1534 1511 1539
2302 4 2 4 4 862 866 865 1543
2303 4 2 4 4 590 1553 1518 1562
2304 4 2 4 4 878 1568 1536 1573
2305 4 2 4 4 592 602 594 1519
2306 4 2 4 4 770 750 225 1566
2307 4 2 4 4 817 818 816 1544
2308 4 2 4 4 821 820 822 1552
2309 4 2 4 4 523 855 522 1521
2310 4 2 4 4 811 847 841 1529
2311 4 2 4 4 1507 1518 1534 1578
2312 4 2 4 4 457 1514 459 1575
2313 4 2 4 4 826 838 1518 1561
2314 4 2 4 4 594 583 861 1568
2315 4 2 4 4 802 1547 792 1565
2316 4 2 4 4 849 226 852 1531
2317 4 2 4 4 224 768 1551 1558
2318 4 2 4 4 1505 1533 1521 1540
2319 4 2 4 4 599 468 100 593
2320 4 2 4 4 874 875 1527 1573
2321 4 2 4 4 868 869 870 1524
2322 4 2 4 4 825 1531 807 1537
2323 4 2 4 4 870 869 874 1573
2324 4 2 4 4 1520 1533 1505 1554
2325 4 2 4 4 462 449 1533 1554
2326 4 2 4 4 838 804 826 1518
2327 4 2 4 4 770 1531 753 1549
2328 4 2 4 4 1539 1547 1511 1577
2329 4 2 4 4 1522 1508 1543 1567
2330 4 2 4 4 449 471 464 1554
2331 4 2 4 4 1513 1508 1535 1577
2332 4 2 4 4 1511 1519 1539 1553
2333 4 2 4 4 1507 1552 1518 1578
2334 4 2 4 4 851 1515 755 1546
2335 4 2 4 4 1548 1559 456 1570
2336 4 2 4 4 449 1540 1533 1554
2337 4 2 4 4 819 818 817 1517
2338 4 2 4 4 851 223 755 1515
2339 4 2 4 4 839 838 1561 1562
2340 4 2 4 4 845 839 1561 1562
2341 4 2 4 4 1512 1542 1523 1563
2342 4 2 4 4 233 1543 1535 1565
2343 4 2 4 4 1521 1531 1505 1549
2344 4 2 4 4 462 449 105 1533
2345 4 2 4 4 1513 1535 1542 1577
2346 4 2 4 4 811 261 847 1529
2347 4 2 4 4 882 1529 1532 1560
2348 4 2 4 4 603 600 584 1564
2349 4 2 4 4 871 881 864 1543
2350 4 2 4 4 600 591 584 1564
2351 4 2 4 4 824 846 825 1533
2352 4 2 4 4 1519 1553 1511 1574
2353 4 2 4 4 523 522 520 1521
2354 4 2 4 4 1512 1559 1548 1570
2355 4 2 4 4 862 867 866 1567
2356 4 2 4 4 1506 1541 1516 1557
2357 4 2 4 4 581 1518 838 1562
2358 4 2 4 4 1506 1532 1529 1560
2359 4 2 4 4 239 865 785 1565
2360 4 2 4 4 1534 1553 1539 1578
2361 4 2 4 4 226 753 770 1531
2362 4 2 4 4 760 1523 769 1566
2363 4 2 4 4 476 458 463 1554
2364 4 2 4 4 1508 1513 1547 1577
2365 4 2 4 4 875 863 874 1527
2366 4 2 4 4 835 846 837 1521
2367 4 2 4 4 831 844 606 1536
2368 4 2 4 4 793 788 794 1547
2369 4 2 4 4 1539 1553 1509 1578
2370 4 2 4 4 857 858 776 1546
2371 4 2 4 4 234 235 782 1542
2372 4 2 4 4 802 792 790 1565
2373 4 2 4 4 471 1528 1554 1570
2374 4 2 4 4 811 841 814 1529
2375 4 2 4 4 845 823 829 1527
2376 4 2 4 4 817 1517 1544 1571
2377 4 2 4 4 885 871 868 1567
2378 4 2 4 4 1511 1539 1534 1553
2379 4 2 4 4 107 133 106 1540
2380 4 2 4 4 1528 1540 1505 1549
2381 4 2 4 4 826 839 838 1561
2382 4 2 4 4 755 1515 768 1558
2383 4 2 4 4 760 762 761 1523
2384 4 2 4 4 819 1517 817 1571
2385 4 2 4 4 760 762 1523 1566
2386 4 2 4 4 602 592 589 1574
2387 4 2 4 4 1522 1543 871 1567
2388 4 2 4 4 811 1529 814 1546
2389 4 2 4 4 1551 1558 1510 1566
2390 4 2 4 4 882 260 860 1532
2391 4 2 4 4 1515 1544 806 1551
2392 4 2 4 4 470 1525 458 1572
2393 4 2 4 4 807 835 248 1531
2394 4 2 4 4 852 249 807 1531
2395 4 2 4 4 472 787 800 1575
2396 4 2 4 4 1533 1540 1505 1554
2397 4 2 4 4 1529 1532 1515 1546
2398 4 2 4 4 773 855 753 227
2399 4 2 4 4 603 1538 586 1550
2400 4 2 4 4 1527 1536 1509 1573
2401 4 2 4 4 240 783 788 1565
2402 4 2 4 4 1509 1527 1524 1569
2403 4 2 4 4 1524 1527 1506 1569
2404 4 2 4 4 755 766 1541 1558
2405 4 2 4 4 760 1542 1523 1576
2406 4 2 4 4 1517 1544 1506 1557
2407 4 2 4 4 757 749 758 1528
2408 4 2 4 4 759 235 234 1542
2409 4 2 4 4 785 1543 784 1565
2410 4 2 4 4 1516 1535 1508 1577
2411 4 2 4 4 592 601 175 1574
2412 4 2 4 4 1518 1553 1509 1562
2413 4 2 4 4 1519 1509 1539 1553
2414 4 2 4 4 450 457 472 1575
2415 4 2 4 4 760 1523 761 1576
2416 4 2 4 4 812 467 833 1538
2417 4 2 4 4 1509 1527 1569 1571
2418 4 2 4 4 581 590 1518 1562
2419 4 2 4 4 882 1532 860 1560
2420 4 2 4 4 236 781 235 1542
2421 4 2 4 4 764 763 775 1522
2422 4 2 4 4 602 1519 1553 1568
2423 4 2 4 4 455 453 465 1559
2424 4 2 4 4 522 837 521 1521
2425 4 2 4 4 586 603 97 460
2426 4 2 4 4 458 1554 1525 1570
2427 4 2 4 4 1506 1527 1524 1560
2428 4 2 4 4 787 1526 800 1575
2429 4 2 4 4 1518 1509 1553 1578
2430 4 2 4 4 476 1554 463 1572
2431 4 2 4 4 780 1548 236 1559
2432 4 2 4 4 1524 1527 1509 1573
2433 4 2 4 4 261 876 886 1529
2434 4 2 4 4 821 824 825 1537
2435 4 2 4 4 465 464 455 1528
2436 4 2 4 4 1507 1550 1538 1564
2437 4 2 4 4 856 1529 811 1546
2438 4 2 4 4 823 827 1527 1571
2439 4 2 4 4 865 239 790 1565
2440 4 2 4 4 583 878 861 1568
2441 4 2 4 4 581 590 605 1518
2442 4 2 4 4 840 474 812 1538
2443 4 2 4 4 1507 1538 1520 1572
2444 4 2 4 4 468 459 100 593
2445 4 2 4 4 831 813 844 1536
2446 4 2 4 4 461 1564 470 1572
2447 4 2 4 4 819 1561 1517 1571
2448 4 2 4 4 755 222 851 1546
2449 4 2 4 4 814 851 252 1546
2450 4 2 4 4 1519 1509 1568 1573
2451 4 2 4 4 521 810 131 1533
2452 4 2 4 4 807 248 852 1531
2453 4 2 4 4 822 848 824 1520
2454 4 2 4 4 223 768 755 1515
2455 4 2 4 4 235 781 782 1542
2456 4 2 4 4 471 455 464 1528
2457 4 2 4 4 1510 1544 1515 1551
2458 4 2 4 4 770 852 226 1531
2459 4 2 4 4 850 224 853 1551
2460 4 2 4 4 840 586 97 474
2461 4 2 4 4 878 884 1568 1573
2462 4 2 4 4 800 450 1526 1548
2463 4 2 4 4 1504 1557 1569 1577
2464 4 2 4 4 798 468 599 1575
2465 4 2 4 4 823 827 829 1527
2466 4 2 4 4 771 1528 758 1559
2467 4 2 4 4 856 260 1529 1546
2468 4 2 4 4 1509 1569 1561 1571
2469 4 2 4 4 869 1524 868 1567
2470 4 2 4 4 1508 1547 1539 1577
2471 4 2 4 4 884 869 872 1573
2472 4 2 4 4 224 1551 750 1558
2473 4 2 4 4 806 1544 816 1551
2474 4 2 4 4 1518 1553 1534 1578
2475 4 2 4 4 584 591 604 1564
2476 4 2 4 4 867 877 872 1545
2477 4 2 4 4 597 1553 1562 1568
2478 4 2 4 4 819 826 1552 1561
2479 4 2 4 4 1518 1552 826 1561
2480 4 2 4 4 1515 1510 1551 1558
2481 4 2 4 4 845 839 823 1561
2482 4 2 4 4 776 222 755 1546
2483 4 2 4 4 1510 1544 1517 1557
2484 4 2 4 4 471 455 1528 1570
2485 4 2 4 4 1530 1557 1504 1563
2486 4 2 4 4 845 1536 831 1562
2487 4 2 4 4 467 812 474 1538
2488 4 2 4 4 1507 1564 1538 1572
2489 4 2 4 4 789 792 795 1545
2490 4 2 4 4 471 1554 458 1570
2491 4 2 4 4 880 594 177 861
2492 4 2 4 4 851 222 854 1546
2493 4 2 4 4 1509 1562 1553 1568
2494 4 2 4 4 454 456 1548 1559
2495 4 2 4 4 855 849 753 227
2496 4 2 4 4 869 868 867 1567
2497 4 2 4 4 770 1531 1549 1566
2498 4 2 4 4 252 814 251 851
2499 4 2 4 4 1506 1517 1557 1569
2500 4 2 4 4 597 1553 590 1562
2501 4 2 4 4 769 765 766 1558
2502 4 2 4 4 175 799 795 1574
2503 4 2 4 4 876 870 1527 1560
2504 4 2 4 4 1523 1512 1563 1576
2505 4 2 4 4 878 884 861 1568
2506 4 2 4 4 522 521 520 1521
2507 4 2 4 4 470 461 451 1564
2508 4 2 4 4 835 247 849 1521
2509 4 2 4 4 803 793 797 1556
2510 4 2 4 4 236 771 1559 1576
2511 4 2 4 4 1505 1540 1521 1549
2512 4 2 4 4 849 852 248 1531
2513 4 2 4 4 1517 1506 1544 1571
2514 4 2 4 4 831 1536 585 1562
2515 4 2 4 4 787 1556 1526 1575
2516 4 2 4 4 834 825 807 1537
2517 4 2 4 4 762 774 761 1549
2518 4 2 4 4 178 878 861 583
2519 4 2 4 4 767 755 766 1541
2520 4 2 4 4 1506 1569 1527 1571
2521 4 2 4 4 784 1543 233 1565
2522 4 2 4 4 878 598 1536 1568
2523 4 2 4 4 791 800 1526 1548
2524 4 2 4 4 868 870 885 1560
2525 4 2 4 4 597 1562 1536 1568
2526 4 2 4 4 584 98 603 1564
2527 4 2 4 4 1519 1509 1553 1568
2528 4 2 4 4 787 800 95 472
2529 4 2 4 4 830 842 836 1538
2530 4 2 4 4 1505 1540 1528 1554
2531 4 2 4 4 819 826 820 1552
2532 4 2 4 4 248 249 807 852
2533 4 2 4 4 856 857 260 1546
2534 4 2 4 4 837 247 835 1521
2535 4 2 4 4 236 235 751 1542
2536 4 2 4 4 1504 1534 1539 1578
2537 4 2 4 4 245 862 790 1545
2538 4 2 4 4 883 813 875 1536
2539 4 2 4 4 834 818 821 1537
2540 4 2 4 4 788 1547 802 1565
2541 4 2 4 4 878 583 598 1568
2542 4 2 4 4 245 790 789 1545
2543 4 2 4 4 1535 1543 1508 1565
2544 4 2 4 4 471 463 458 1554
2545 4 2 4 4 1507 1550 1518 1552
2546 4 2 4 4 1517 1552 1530 1578
2547 4 2 4 4 830 1538 836 1550
2548 4 2 4 4 242 794 241 782
2549 4 2 4 4 104 832 466 1533
2550 4 2 4 4 586 1538 830 1550
2551 4 2 4 4 1504 1569 1557 1578
2552 4 2 4 4 876 1529 882 1560
2553 4 2 4 4 1557 1569 1517 1578
2554 4 2 4 4 876 870 874 1527
2555 4 2 4 4 856 261 811 1529
2556 4 2 4 4 244 789 799 877
2557 4 2 4 4 866 871 1543 1567
2558 4 2 4 4 766 755 768 1558
2559 4 2 4 4 760 751 1542 1576
2560 4 2 4 4 1506 1517 1569 1571
2561 4 2 4 4 245 877 862 1545
2562 4 2 4 4 776 854 222 1546
2563 4 2 4 4 786 803 796 1556
2564 4 2 4 4 466 832 805 1533
2565 4 2 4 4 791 242 243 1548
2566 4 2 4 4 873 259 748 1532
2567 4 2 4 4 244 799 879 877
2568 4 2 4 4 236 780 781 1548
2569 4 2 4 4 865 864 785 1543
2570 4 2 4 4 1561 1569 1517 1571
2571 4 2 4 4 757 1528 771 1576
2572 4 2 4 4 1524 1539 1509 1569
2573 4 2 4 4 476 470 458 1572
2574 4 2 4 4 593 459 99 1564
2575 4 2 4 4 756 125 520 773
2576 4 2 4 4 104 466 462 1533
2577 4 2 4 4 240 241 788 783
2578 4 2 4 4 874 863 876 1527
2579 4 2 4 4 597 585 1536 1562
2580 4 2 4 4 789 877 245 1545
2581 4 2 4 4 472 800 95 450
2582 4 2 4 4 753 756 774 1549
2583 4 2 4 4 131 810 832 1533
2584 4 2 4 4 455 1559 1528 1570
2585 4 2 4 4 817 1544 815 1571
2586 4 2 4 4 864 232 785 1543
2587 4 2 4 4 606 883 598 1536
2588 4 2 4 4 1512 1525 1563 1570
2589 4 2 4 4 755 767 772 1532
2590 4 2 4 4 748 259 772 1532
2591 4 2 4 4 1504 1569 1539 1577
2592 4 2 4 4 140 581 595 804
2593 4 2 4 4 460 467 474 1538
2594 4 2 4 4 766 765 764 1541
2595 4 2 4 4 104 462 105 1533
2596 4 2 4 4 584 451 98 1564
2597 4 2 4 4 1512 1525 1555 1563
2598 4 2 4 4 234 752 759 1535
2599 4 2 4 4 787 797 1526 1556
2600 4 2 4 4 833 842 812 1538
2601 4 2 4 4 808 845 831 1562
2602 4 2 4 4 827 817 815 1571
2603 4 2 4 4 775 748 767 1532
2604 4 2 4 4 602 583 594 1568
2605 4 2 4 4 808 831 585 1562
2606 4 2 4 4 804 595 139 1550
2607 4 2 4 4 224 750 768 1558
2608 4 2 4 4 130 810 521 837
2609 4 2 4 4 771 757 758 1528
2610 4 2 4 4 771 758 778 1559
2611 4 2 4 4 598 883 878 1536
2612 4 2 4 4 105 106 132 1540
2613 4 2 4 4 523 520 125 773
2614 4 2 4 4 605 600 595 1550
2615 4 2 4 4 176 601 594 880
2616 4 2 4 4 454 1548 780 1559
2617 4 2 4 4 585 831 606 1536
2618 4 2 4 4 861 594 177 583
2619 4 2 4 4 463 469 476 1572
2620 4 2 4 4 878 178 598 583
2621 4 2 4 4 581 838 596 1562
2622 4 2 4 4 761 757 771 1576
2623 4 2 4 4 456 1559 455 1570
2624 4 2 4 4 475 1538 461 1572
2625 4 2 4 4 1523 1542 1512 1576
2626 4 2 4 4 1509 1536 1562 1568
2627 4 2 4 4 876 261 882 1529
2628 4 2 4 4 859 843 854 1546
2629 4 2 4 4 105 449 106 1540
2630 4 2 4 4 849 247 855 1521
2631 4 2 4 4 1528 1559 1512 1570
2632 4 2 4 4 822 820 836 1552
2633 4 2 4 4 233 1535 783 1565
2634 4 2 4 4 581 140 838 804
2635 4 2 4 4 462 463 449 1554
2636 4 2 4 4 816 806 815 1544
2637 4 2 4 4 601 176 879 880
2638 4 2 4 4 1512 1559 1528 1576
2639 4 2 4 4 1528 1559 771 1576
2640 4 2 4 4 840 812 830 1538
2641 4 2 4 4 249 850 250 1551
2642 4 2 4 4 581 596 590 1562
2643 4 2 4 4 93 780 237 1559
2644 4 2 4 4 593 99 584 1564
2645 4 2 4 4 828 806 816 1551
2646 4 2 4 4 597 1536 598 1568
2647 4 2 4 4 867 862 877 1545
2648 4 2 4 4 242 781 243 1548
2649 4 2 4 4 1517 1561 1552 1578
2650 4 2 4 4 1520 1554 1525 1572
2651 4 2 4 4 604 593 584 1564
2652 4 2 4 4 1509 1561 1518 1562
2653 4 2 4 4 236 751 771 1576
2654 4 2 4 4 859 856 843 1546
2655 4 2 4 4 239 785 784 1565
2656 4 2 4 4 753 849 226 227
2657 4 2 4 4 759 760 751 1542
2658 4 2 4 4 1509 1569 1539 1578
2659 4 2 4 4 856 811 843 1546
2660 4 2 4 4 823 1561 819 1571
2661 4 2 4 4 93 454 780 1559
2662 4 2 4 4 249 250 828 1551
2663 4 2 4 4 772 259 857 1532
2664 4 2 4 4 234 782 783 1535
2665 4 2 4 4 454 473 780 1548
2666 4 2 4 4 797 791 800 1526
2667 4 2 4 4 813 831 845 1536
2668 4 2 4 4 802 788 792 1547
2669 4 2 4 4 854 776 858 1546
2670 4 2 4 4 864 866 871 1543
2671 4 2 4 4 756 133 124 749
2672 4 2 4 4 1509 1518 1561 1578
2673 4 2 4 4 520 133 124 756
2674 4 2 4 4 1504 1539 1569 1578
2675 4 2 4 4 1509 1561 1569 1578
2676 4 2 4 4 1517 1569 1561 1578
2677 4 2 4 4 748 229 772 259
2678 4 2 4 4 602 1553 597 1568
2679 4 2 4 4 131 104 105 1533
2680 4 2 4 4 595 586 139 1550
2681 4 2 4 4 804 139 830 1550
2682 4 2 4 4 797 800 787 1526
2683 4 2 4 4 128 522 523 855
2684 4 2 4 4 259 260 857 1532
2685 4 2 4 4 233 232 763 1543
2686 4 2 4 4 790 792 789 1545
2687 4 2 4 4 597 585 598 1536
2688 4 2 4 4 460 461 475 1538
2689 4 2 4 4 845 808 839 1562
2690 4 2 4 4 253 859 856 843
2691 4 2 4 4 589 592 582 1574
2692 4 2 4 4 451 459 470 1564
2693 4 2 4 4 240 788 802 1565
2694 4 2 4 4 590 589 588 1553
2695 4 2 4 4 767 748 772 1532
2696 4 2 4 4 260 261 856 1529
2697 4 2 4 4 810 846 832 1533
2698 4 2 4 4 469 475 461 1572
2699 4 2 4 4 454 456 450 1548
2700 4 2 4 4 451 99 459 1564
2701 4 2 4 4 582 174 786 1574
2702 4 2 4 4 796 1556 787 1575
2703 4 2 4 4 456 454 455 1559
2704 4 2 4 4 233 784 232 1543
2705 4 2 4 4 811 253 856 843
2706 4 2 4 4 260 882 261 1529
2707 4 2 4 4 811 814 843 1546
2708 4 2 4 4 603 586 600 1550
2709 4 2 4 4 823 819 817 1571
2710 4 2 4 4 243 473 94 1548
2711 4 2 4 4 878 883 875 1536
2712 4 2 4 4 596 838 808 1562
2713 4 2 4 4 1552 1561 1518 1578
2714 4 2 4 4 172 173 796 587
2715 4 2 4 4 798 796 787 1575
2716 4 2 4 4 760 769 762 1566
2717 4 2 4 4 232 864 777 1543
2718 4 2 4 4 837 522 16 247
2719 4 2 4 4 764 767 766 1541
2720 4 2 4 4 232 784 785 1543
2721 4 2 4 4 874 884 875 1573
2722 4 2 4 4 816 815 817 1544
2723 4 2 4 4 586 830 139 1550
2724 4 2 4 4 451 584 99 1564
2725 4 2 4 4 5 798 468 599
2726 4 2 4 4 259 860 260 1532
2727 4 2 4 4 860 259 873 1532
2728 4 2 4 4 175 795 174 1574
2729 4 2 4 4 839 808 838 1562
2730 4 2 4 4 831 585 142 808
2731 4 2 4 4 592 175 174 1574
2732 4 2 4 4 232 777 763 1543
2733 4 2 4 4 233 783 784 1565
2734 4 2 4 4 124 125 520 756
2735 4 2 4 4 882 860 885 1560
2736 4 2 4 4 836 820 826 1552
2737 4 2 4 4 864 238 865 785
2738 4 2 4 4 596 581 141 838
2739 4 2 4 4 832 824 805 1533
2740 4 2 4 4 802 790 239 1565
2741 4 2 4 4 464 106 449 1540
2742 4 2 4 4 865 790 246 862
2743 4 2 4 4 234 233 752 1535
2744 4 2 4 4 460 475 467 1538
2745 4 2 4 4 843 252 854 1546
2746 4 2 4 4 254 847 811 261
2747 4 2 4 4 858 857 856 1546
2748 4 2 4 4 779 873 41 748
2749 4 2 4 4 864 865 866 1543
2750 4 2 4 4 597 590 596 1562
2751 4 2 4 4 225 770 852 226
2752 4 2 4 4 770 1549 762 1566
2753 4 2 4 4 755 223 851 222
2754 4 2 4 4 1536 1568 1509 1573
2755 4 2 4 4 589 597 602 1553
2756 4 2 4 4 786 795 801 1574
2757 4 2 4 4 812 842 830 1538
2758 4 2 4 4 468 457 459 1575
2759 4 2 4 4 596 808 585 1562
2760 4 2 4 4 772 857 228 776
2761 4 2 4 4 104 131 832 1533
2762 4 2 4 4 804 830 836 1550
2763 4 2 4 4 793 801 792 1547
2764 4 2 4 4 791 243 800 1548
2765 4 2 4 4 250 850 853 1551
2766 4 2 4 4 522 130 521 837
2767 4 2 4 4 454 473 93 780
2768 4 2 4 4 854 858 258 859
2769 4 2 4 4 772 229 857 259
2770 4 2 4 4 473 450 94 1548
2771 4 2 4 4 234 783 233 1535
2772 4 2 4 4 473 243 780 1548
2773 4 2 4 4 810 129 131 832
2774 4 2 4 4 826 819 839 1561
2775 4 2 4 4 808 596 141 838
2776 4 2 4 4 96 798 787 1575
2777 4 2 4 4 853 223 768 224
2778 4 2 4 4 31 601 879 799
2779 4 2 4 4 858 859 854 1546
2780 4 2 4 4 843 814 252 1546
2781 4 2 4 4 785 864 238 232
2782 4 2 4 4 597 596 585 1562
2783 4 2 4 4 798 96 468 1575
2784 4 2 4 4 800 243 94 1548
2785 4 2 4 4 449 463 471 1554
2786 4 2 4 4 821 825 834 1537
2787 4 2 4 4 844 606 143 831
2788 4 2 4 4 237 780 236 1559
2789 4 2 4 4 257 886 863 809
2790 4 2 4 4 858 228 857 776
2791 4 2 4 4 866 868 871 1567
2792 4 2 4 4 829 257 863 809
2793 4 2 4 4 759 751 235 1542
2794 4 2 4 4 810 131 129 521
2795 4 2 4 4 454 450 473 1548
2796 4 2 4 4 597 598 583 1568
2797 4 2 4 4 839 819 823 1561
2798 4 2 4 4 762 753 774 1549
2799 4 2 4 4 824 832 846 1533
2800 4 2 4 4 858 856 859 1546
2801 4 2 4 4 237 778 453 1559
2802 4 2 4 4 792 788 793 1547
2803 4 2 4 4 452 101 833 805
2804 4 2 4 4 832 7 104 466
2805 4 2 4 4 770 753 762 1549
2806 4 2 4 4 94 450 800 1548
2807 4 2 4 4 246 239 790 865
2808 4 2 4 4 585 596 142 808
2809 4 2 4 4 589 590 597 1553
2810 4 2 4 4 748 873 41 259
2811 4 2 4 4 96 787 472 1575
2812 4 2 4 4 787 796 797 1556
2813 4 2 4 4 780 243 781 1548
2814 4 2 4 4 237 236 771 1559
2815 4 2 4 4 833 467 102 452
2816 4 2 4 4 461 476 469 1572
2817 4 2 4 4 832 805 7 466
2818 4 2 4 4 252 851 854 1546
2819 4 2 4 4 805 452 101 466
2820 4 2 4 4 98 99 451 584
2821 4 2 4 4 760 761 751 1576
2822 4 2 4 4 461 470 476 1572
2823 4 2 4 4 586 97 138 840
2824 4 2 4 4 884 874 869 1573
2825 4 2 4 4 840 138 586 830
2826 4 2 4 4 855 523 14 773
2827 4 2 4 4 250 806 828 1551
2828 4 2 4 4 606 179 598 883
2829 4 2 4 4 754 881 777 231
2830 4 2 4 4 855 128 522 247
2831 4 2 4 4 174 582 592 1574
2832 4 2 4 4 585 606 598 1536
2833 4 2 4 4 174 795 786 1574
2834 4 2 4 4 128 16 522 247
2835 4 2 4 4 247 835 849 248
2836 4 2 4 4 868 866 867 1567
2837 4 2 4 4 179 878 598 883
2838 4 2 4 4 811 856 254 261
2839 4 2 4 4 44 854 258 859
2840 4 2 4 4 459 99 100 593
2841 4 2 4 4 847 45 886 261
2842 4 2 4 4 586 595 600 1550
2843 4 2 4 4 750 769 1558 1566
2844 4 2 4 4 823 817 827 1571
2845 4 2 4 4 883 844 255 813
2846 4 2 4 4 876 882 870 1560
2847 4 2 4 4 472 468 96 1575
2848 4 2 4 4 42 238 864 232
2849 4 2 4 4 237 771 778 1559
2850 4 2 4 4 239 240 802 1565
2851 4 2 4 4 244 245 789 877
2852 4 2 4 4 865 43 239 785
2853 4 2 4 4 784 783 240 1565
2854 4 2 4 4 239 784 240 1565
2855 4 2 4 4 585 143 606 831
2856 4 2 4 4 471 458 456 1570
2857 4 2 4 4 751 761 771 1576
2858 4 2 4 4 812 467 102 833
2859 4 2 4 4 882 885 870 1560
2860 4 2 4 4 453 455 454 1559
2861 4 2 4 4 602 597 583 1568
2862 4 2 4 4 840 97 6 474
2863 4 2 4 4 253 856 254 811
2864 4 2 4 4 797 796 803 1556
2865 4 2 4 4 873 230 881 779
2866 4 2 4 4 472 457 468 1575
2867 4 2 4 4 237 2 93 453
2868 4 2 4 4 864 777 42 232
2869 4 2 4 4 98 97 603 460
2870 4 2 4 4 857 228 229 772
2871 4 2 4 4 858 854 40 776
2872 4 2 4 4 847 886 45 809
2873 4 2 4 4 96 5 798 468
2874 4 2 4 4 19 606 844 883
2875 4 2 4 4 786 173 174 582
2876 4 2 4 4 471 456 455 1570
2877 4 2 4 4 229 748 41 259
2878 4 2 4 4 749 91 465 1
2879 4 2 4 4 468 100 5 599
2880 4 2 4 4 799 879 31 244
2881 4 2 4 4 881 777 231 864
2882 4 2 4 4 881 230 754 779
2883 4 2 4 4 139 140 595 804
2884 4 2 4 4 601 31 175 799
2885 4 2 4 4 5 172 798 599
2886 4 2 4 4 768 750 766 1558
2887 4 2 4 4 246 43 239 865
2888 4 2 4 4 581 140 141 838
2889 4 2 4 4 473 243 4 780
2890 4 2 4 4 1 107 465 749
2891 4 2 4 4 601 176 31 879
2892 4 2 4 4 769 770 762 1566
2893 4 2 4 4 861 177 178 583
2894 4 2 4 4 255 875 883 813
2895 4 2 4 4 473 4 93 780
2896 4 2 4 4 749 91 758 465
2897 4 2 4 4 2 237 778 453
2898 4 2 4 4 103 840 474 812
2899 4 2 4 4 787 95 96 472
2900 4 2 4 4 750 770 769 1566
2901 4 2 4 4 467 103 474 812
2902 4 2 4 4 522 16 130 837
2903 4 2 4 4 245 246 790 862
2904 4 2 4 4 766 750 769 1558
2905 4 2 4 4 129 130 810 521
2906 4 2 4 4 102 101 833 452
2907 4 2 4 4 257 863 256 829
2908 4 2 4 4 177 176 594 880
2909 4 2 4 4 585 142 143 831
2910 4 2 4 4 805 101 7 466
2911 4 2 4 4 596 141 142 808
2912 4 2 4 4 243 4 94 473
2913 4 2 4 4 858 40 854 258
2914 4 2 4 4 138 97 6 840
2915 4 2 4 4 104 17 7 832
2916 4 2 4 4 228 858 40 776
2917 4 2 4 4 523 125 14 773
2918 4 2 4 4 776 854 40 222
2919 4 2 4 4 754 230 881 231
2920 4 2 4 4 606 143 19 844
2921 4 2 4 4 94 95 800 450
2922 4 2 4 4 230 873 41 779
2923 4 2 4 4 606 19 179 883
2924 4 2 4 4 45 847 254 261
2925 4 2 4 4 813 255 875 256
2926 4 2 4 4 104 131 17 832
2927 4 2 4 4 773 14 855 227
2928 4 2 4 4 138 139 586 830
2929 4 2 4 4 131 129 17 832
2930 4 2 4 4 467 102 103 812
2931 4 2 4 4 878 598 178 179
2932 4 2 4 4 257 45 886 809
2933 4 2 4 4 43 865 238 785
2934 4 2 4 4 231 777 42 864
2935 4 2 4 4 1 13 107 749
2936 4 2 4 4 883 844 19 255
2937 4 2 4 4 6 103 840 474
2938 4 2 4 4 14 128 523 855
2939 4 2 4 4 253 44 859 843
2940 4 2 4 4 778 91 2 453
2941 4 2 4 4 1555 1575 1556 1514
2942 4 2 4 4 1556 1575 1555 1526
2943 4 2 4 4 1522 779 1532 873
2944 4 2 4 4 1522 1532 779 775
2945 4 2 4 4 833 1520 805 848
2946 4 2 4 4 805 1520 833 452
2947 4 2 4 4 880 601 1519 879
2948 4 2 4 4 880 1519 601 594
2949 4 2 4 4 779 881 1522 754
2950 4 2 4 4 779 1522 881 873
2951 4 2 4 4 1552 1537 1520 821
2952 4 2 4 4 1552 1520 1537 1530
2953 4 2 4 4 829 1536 875 813
2954 4 2 4 4 875 1536 829 1527
2955 4 2 4 4 225 1551 224 850
2956 4 2 4 4 224 1551 225 750
2957 4 2 4 4 1541 1510 1516 1557
2958 4 2 4 4 1541 1516 1510 1558
2959 4 2 4 4 1523 1516 1510 1557
2960 4 2 4 4 1523 1510 1516 1558
2961 4 2 4 4 1545 1539 1524 1508
2962 4 2 4 4 1545 1524 1539 1519
2963 4 2 4 4 872 1568 880 861
2964 4 2 4 4 880 1568 872 1519
2965 4 2 4 4 1540 521 520 132
2966 4 2 4 4 1540 520 521 1521
2967 4 2 4 4 1577 1557 1523 1504
2968 4 2 4 4 1577 1523 1557 1516
2969 4 2 4 4 757 1549 761 774
2970 4 2 4 4 251 1551 250 853
2971 4 2 4 4 250 1551 251 806
2972 4 2 4 4 1575 450 800 472
2973 4 2 4 4 1575 800 450 1526
2974 4 2 4 4 453 758 91 465
2975 4 2 4 4 453 91 758 778
2976 4 2 4 4 1554 469 1572 1520
2977 4 2 4 4 1554 1572 469 463
2978 4 2 4 4 1563 1554 1530 1505
2979 4 2 4 4 1563 1530 1554 1525
2980 4 2 4 4 1520 1530 1554 1505
2981 4 2 4 4 1520 1554 1530 1525
2982 4 2 4 4 1548 242 1513 791
2983 4 2 4 4 1548 1513 242 781
2984 4 2 4 4 247 522 1521 837
2985 4 2 4 4 247 1521 522 855
2986 4 2 4 4 1564 98 460 451
2987 4 2 4 4 1564 460 98 603
2988 4 2 4 4 458 1572 1554 476
2989 4 2 4 4 1554 1572 458 1525
2990 4 2 4 4 1576 757 1549 761
2991 4 2 4 4 1576 1549 757 1528
2992 4 2 4 4 1557 1578 1530 1504
2993 4 2 4 4 1530 1578 1557 1517
2994 4 2 4 4 875 829 256 863
2995 4 2 4 4 256 829 875 813
2996 4 2 4 4 1573 878 875 1536
2997 4 2 4 4 1573 875 878 884
2998 4 2 4 4 843 854 44 859
2999 4 2 4 4 843 44 854 252
3000 4 2 4 4 1559 93 453 237
3001 4 2 4 4 1559 453 93 454
3002 4 2 4 4 132 133 1540 106
3003 4 2 4 4 132 1540 133 520
3004 4 2 4 4 131 132 1533 105
3005 4 2 4 4 1533 132 131 521
3006 4 2 4 4 749 133 13 107
3007 4 2 4 4 749 13 133 124
3008 4 2 1 9 941 1581 1586 1600
3009 4 2 1 9 946 901 272 1583
3010 4 2 1 9 1580 1582 878 1587
3011 4 2 1 9 1580 1585 256 1601
3012 4 2 1 9 272 901 273 1583
3013 4 2 1 9 1584 1587 869 1593
3014 4 2 1 9 1583 1586 928 1592
3015 4 2 1 9 918 865 1581 1586
3016 4 2 1 9 962 920 963 1581
3017 4 2 1 9 872 1590 869 1593
3018 4 2 1 9 875 1585 1580 1587
3019 4 2 1 9 941 916 1581 1600
3020 4 2 1 9 918 913 1586 1600
3021 4 2 1 9 889 922 895 276
3022 4 2 1 9 965 962 959 1581
3023 4 2 1 9 944 1587 1582 1595
3024 4 2 1 9 878 1580 615 1582
3025 4 2 1 9 862 1581 1586 1590
3026 4 2 1 9 1580 1587 1585 1601
3027 4 2 1 9 940 1584 1587 1588
3028 4 2 1 9 944 1580 1587 1595
3029 4 2 1 9 1590 1593 872 1597
3030 4 2 1 9 256 1580 875 1585
3031 4 2 1 9 922 889 895 1592
3032 4 2 1 9 922 942 895 276
3033 4 2 1 9 948 1586 1581 1590
3034 4 2 1 9 938 1582 944 1587
3035 4 2 1 9 865 862 1581 1586
3036 4 2 1 9 938 944 1582 1595
3037 4 2 1 9 272 927 946 1583
3038 4 2 1 9 869 1590 1584 1593
3039 4 2 1 9 939 1584 1586 1590
3040 4 2 1 9 925 1585 1587 1601
3041 4 2 1 9 941 916 917 1581
3042 4 2 1 9 913 865 918 1586
3043 4 2 1 9 1579 1593 1590 1597
3044 4 2 1 9 940 1587 935 1588
3045 4 2 1 9 1579 932 1589 1590
3046 4 2 1 9 941 1586 929 1600
3047 4 2 1 9 864 1586 913 1600
3048 4 2 1 9 875 1580 878 1587
3049 4 2 1 9 274 894 943 892
3050 4 2 1 9 932 1590 1579 1593
3051 4 2 1 9 884 869 1587 1593
3052 4 2 1 9 914 916 918 1581
3053 4 2 1 9 872 1593 884 1597
3054 4 2 1 9 865 963 914 1581
3055 4 2 1 9 939 1586 929 1590
3056 4 2 1 9 933 928 1586 1592
3057 4 2 1 9 929 1586 948 1590
3058 4 2 1 9 923 1591 1582 1593
3059 4 2 1 9 942 922 895 1592
3060 4 2 1 9 884 872 869 1593
3061 4 2 1 9 895 1583 942 1592
3062 4 2 1 9 942 1583 928 1592
3063 4 2 1 9 943 934 274 892
3064 4 2 1 9 925 1587 944 1601
3065 4 2 1 9 963 962 286 920
3066 4 2 1 9 925 1585 935 1587
3067 4 2 1 9 940 1587 1584 1593
3068 4 2 1 9 941 1581 929 1586
3069 4 2 1 9 892 894 943 1588
3070 4 2 1 9 870 1587 1584 1588
3071 4 2 1 9 913 864 865 1586
3072 4 2 1 9 965 1581 959 1589
3073 4 2 1 9 277 895 893 1583
3074 4 2 1 9 615 1582 1580 1595
3075 4 2 1 9 862 1586 866 1590
3076 4 2 1 9 884 1593 1582 1597
3077 4 2 1 9 865 866 862 1586
3078 4 2 1 9 944 1587 1580 1601
3079 4 2 1 9 1582 884 1587 1593
3080 4 2 1 9 912 19 883 1580
3081 4 2 1 9 952 1584 1588 1592
3082 4 2 1 9 1579 1590 872 1597
3083 4 2 1 9 1585 1587 876 1588
3084 4 2 1 9 920 289 917 1581
3085 4 2 1 9 1582 1587 1580 1595
3086 4 2 1 9 925 935 944 1587
3087 4 2 1 9 607 1582 612 1595
3088 4 2 1 9 947 1582 1587 1593
3089 4 2 1 9 863 876 1585 1587
3090 4 2 1 9 933 1586 1584 1592
3091 4 2 1 9 1581 1590 862 1598
3092 4 2 1 9 870 874 1587 1588
3093 4 2 1 9 890 1583 895 1592
3094 4 2 1 9 868 1584 1586 1592
3095 4 2 1 9 920 962 966 1581
3096 4 2 1 9 277 942 895 1583
3097 4 2 1 9 936 969 1579 1589
3098 4 2 1 9 873 1583 890 1592
3099 4 2 1 9 863 1585 875 1587
3100 4 2 1 9 883 878 875 1580
3101 4 2 1 9 959 1589 1581 1598
3102 4 2 1 9 887 1585 886 1588
3103 4 2 1 9 938 947 1582 1587
3104 4 2 1 9 935 1587 1585 1588
3105 4 2 1 9 898 921 273 1583
3106 4 2 1 9 973 959 299 1589
3107 4 2 1 9 941 929 926 1600
3108 4 2 1 9 963 285 865 914
3109 4 2 1 9 941 926 916 1600
3110 4 2 1 9 889 922 1588 1592
3111 4 2 1 9 938 1582 947 1593
3112 4 2 1 9 939 1584 933 1586
3113 4 2 1 9 965 966 962 1581
3114 4 2 1 9 1579 1591 936 1593
3115 4 2 1 9 866 865 864 1586
3116 4 2 1 9 864 1599 1586 1600
3117 4 2 1 9 275 894 889 1588
3118 4 2 1 9 873 890 860 1592
3119 4 2 1 9 230 900 898 1599
3120 4 2 1 9 901 946 893 1583
3121 4 2 1 9 888 230 898 1599
3122 4 2 1 9 964 959 962 1581
3123 4 2 1 9 874 869 1584 1587
3124 4 2 1 9 886 891 887 1588
3125 4 2 1 9 615 612 607 1582
3126 4 2 1 9 954 949 923 1595
3127 4 2 1 9 868 1586 1584 1590
3128 4 2 1 9 954 1582 923 1591
3129 4 2 1 9 936 950 969 1589
3130 4 2 1 9 289 920 966 1581
3131 4 2 1 9 954 923 1582 1595
3132 4 2 1 9 876 1587 874 1588
3133 4 2 1 9 939 929 948 1590
3134 4 2 1 9 884 878 1582 1587
3135 4 2 1 9 870 874 1584 1587
3136 4 2 1 9 863 256 875 1585
3137 4 2 1 9 184 612 608 1595
3138 4 2 1 9 863 874 876 1587
3139 4 2 1 9 963 920 914 1581
3140 4 2 1 9 940 947 1587 1593
3141 4 2 1 9 935 952 940 1588
3142 4 2 1 9 932 939 1590 1593
3143 4 2 1 9 952 1584 940 1588
3144 4 2 1 9 923 937 1591 1593
3145 4 2 1 9 952 1588 922 1592
3146 4 2 1 9 862 866 867 1590
3147 4 2 1 9 178 861 878 1582
3148 4 2 1 9 246 963 865 1581
3149 4 2 1 9 942 928 933 1592
3150 4 2 1 9 868 1586 871 1592
3151 4 2 1 9 1584 1590 939 1593
3152 4 2 1 9 935 934 943 1588
3153 4 2 1 9 1582 1591 607 1597
3154 4 2 1 9 607 612 183 1595
3155 4 2 1 9 936 931 950 1589
3156 4 2 1 9 935 1585 934 1588
3157 4 2 1 9 892 934 53 906
3158 4 2 1 9 861 1582 178 1597
3159 4 2 1 9 888 898 1583 1599
3160 4 2 1 9 965 959 973 1589
3161 4 2 1 9 917 916 914 1581
3162 4 2 1 9 898 921 1583 1599
3163 4 2 1 9 887 892 1585 1588
3164 4 2 1 9 608 179 883 1580
3165 4 2 1 9 954 607 1582 1591
3166 4 2 1 9 952 933 1584 1592
3167 4 2 1 9 895 889 890 1592
3168 4 2 1 9 969 950 931 1589
3169 4 2 1 9 609 1579 1591 1596
3170 4 2 1 9 934 906 892 1585
3171 4 2 1 9 609 1591 967 1596
3172 4 2 1 9 938 944 947 1587
3173 4 2 1 9 964 959 1581 1598
3174 4 2 1 9 911 1580 256 1601
3175 4 2 1 9 614 607 1591 1597
3176 4 2 1 9 614 1582 607 1597
3177 4 2 1 9 275 889 922 1588
3178 4 2 1 9 968 1579 1589 1596
3179 4 2 1 9 1583 1586 871 1599
3180 4 2 1 9 967 1579 968 1596
3181 4 2 1 9 871 1586 1583 1592
3182 4 2 1 9 914 918 865 1581
3183 4 2 1 9 609 1591 1579 1597
3184 4 2 1 9 615 612 1582 1595
3185 4 2 1 9 887 891 892 1588
3186 4 2 1 9 912 608 19 1580
3187 4 2 1 9 928 1586 1583 1600
3188 4 2 1 9 299 959 960 1589
3189 4 2 1 9 967 1591 1579 1596
3190 4 2 1 9 936 1579 969 1591
3191 4 2 1 9 872 1579 880 1596
3192 4 2 1 9 178 878 615 1582
3193 4 2 1 9 932 939 948 1590
3194 4 2 1 9 614 178 1582 1597
3195 4 2 1 9 1579 1596 609 1597
3196 4 2 1 9 876 891 886 1588
3197 4 2 1 9 278 906 1585 1601
3198 4 2 1 9 936 932 1579 1593
3199 4 2 1 9 946 277 893 1583
3200 4 2 1 9 295 954 949 923
3201 4 2 1 9 918 916 913 1600
3202 4 2 1 9 613 614 607 1591
3203 4 2 1 9 864 913 1599 1600
3204 4 2 1 9 608 883 19 1580
3205 4 2 1 9 870 876 874 1588
3206 4 2 1 9 869 870 874 1584
3207 4 2 1 9 888 890 873 1583
3208 4 2 1 9 943 894 275 1588
3209 4 2 1 9 966 291 289 1581
3210 4 2 1 9 182 613 607 1591
3211 4 2 1 9 964 1581 862 1598
3212 4 2 1 9 898 900 921 1599
3213 4 2 1 9 870 1588 1584 1592
3214 4 2 1 9 880 1596 1579 1597
3215 4 2 1 9 911 256 1585 1601
3216 4 2 1 9 1589 1590 1581 1598
3217 4 2 1 9 1579 1596 872 1598
3218 4 2 1 9 876 886 1585 1588
3219 4 2 1 9 954 1582 607 1595
3220 4 2 1 9 936 1579 932 1589
3221 4 2 1 9 880 1579 872 1597
3222 4 2 1 9 273 921 919 1583
3223 4 2 1 9 963 964 962 1581
3224 4 2 1 9 864 871 1586 1599
3225 4 2 1 9 872 880 879 1596
3226 4 2 1 9 893 895 890 1583
3227 4 2 1 9 937 936 1591 1593
3228 4 2 1 9 868 1584 869 1590
3229 4 2 1 9 919 927 1583 1600
3230 4 2 1 9 872 1590 1579 1598
3231 4 2 1 9 608 615 179 1580
3232 4 2 1 9 942 277 946 1583
3233 4 2 1 9 960 1589 959 1598
3234 4 2 1 9 899 900 230 1599
3235 4 2 1 9 955 184 608 1595
3236 4 2 1 9 929 1581 948 1586
3237 4 2 1 9 966 965 291 1581
3238 4 2 1 9 952 922 933 1592
3239 4 2 1 9 930 951 945 1580
3240 4 2 1 9 608 1580 912 1594
3241 4 2 1 9 965 924 1581 1589
3242 4 2 1 9 892 891 894 1588
3243 4 2 1 9 968 1579 969 1589
3244 4 2 1 9 178 615 614 1582
3245 4 2 1 9 940 947 935 1587
3246 4 2 1 9 929 939 933 1586
3247 4 2 1 9 262 898 230 900
3248 4 2 1 9 176 880 609 1596
3249 4 2 1 9 882 1588 870 1592
3250 4 2 1 9 930 945 944 1580
3251 4 2 1 9 278 906 934 1585
3252 4 2 1 9 888 1583 230 1599
3253 4 2 1 9 230 888 873 1583
3254 4 2 1 9 908 1580 911 1601
3255 4 2 1 9 914 963 286 920
3256 4 2 1 9 930 951 1580 1594
3257 4 2 1 9 885 882 870 1592
3258 4 2 1 9 957 612 184 1595
3259 4 2 1 9 969 968 967 1579
3260 4 2 1 9 922 943 275 1588
3261 4 2 1 9 954 923 956 1591
3262 4 2 1 9 965 924 291 1581
3263 4 2 1 9 862 246 865 1581
3264 4 2 1 9 930 1580 944 1595
3265 4 2 1 9 944 1580 945 1601
3266 4 2 1 9 872 1596 879 1598
3267 4 2 1 9 1582 1591 1579 1593
3268 4 2 1 9 1579 1590 1589 1598
3269 4 2 1 9 945 1580 951 1594
3270 4 2 1 9 885 870 1584 1592
3271 4 2 1 9 868 885 1584 1592
3272 4 2 1 9 866 864 871 1586
3273 4 2 1 9 861 884 878 1582
3274 4 2 1 9 612 957 183 1595
3275 4 2 1 9 874 884 869 1587
3276 4 2 1 9 1579 1591 1582 1597
3277 4 2 1 9 918 865 285 914
3278 4 2 1 9 1582 1593 1579 1597
3279 4 2 1 9 959 973 61 965
3280 4 2 1 9 906 903 907 1585
3281 4 2 1 9 882 891 876 1588
3282 4 2 1 9 897 907 909 1585
3283 4 2 1 9 969 1579 967 1591
3284 4 2 1 9 871 1583 873 1592
3285 4 2 1 9 880 609 1596 1597
3286 4 2 1 9 930 1594 1580 1595
3287 4 2 1 9 914 920 917 1581
3288 4 2 1 9 911 907 903 1585
3289 4 2 1 9 936 937 932 1593
3290 4 2 1 9 908 912 1580 1594
3291 4 2 1 9 868 869 867 1590
3292 4 2 1 9 887 897 269 1585
3293 4 2 1 9 884 1582 861 1597
3294 4 2 1 9 969 950 936 1591
3295 4 2 1 9 912 883 255 1580
3296 4 2 1 9 862 1590 867 1598
3297 4 2 1 9 908 1594 1580 1601
3298 4 2 1 9 180 967 609 1591
3299 4 2 1 9 1586 1599 1583 1600
3300 4 2 1 9 870 868 885 1584
3301 4 2 1 9 230 888 898 262
3302 4 2 1 9 144 912 910 1594
3303 4 2 1 9 278 903 906 1601
3304 4 2 1 9 230 1583 873 1599
3305 4 2 1 9 877 872 879 1598
3306 4 2 1 9 937 936 923 1591
3307 4 2 1 9 948 929 941 1581
3308 4 2 1 9 903 1585 906 1601
3309 4 2 1 9 940 1584 939 1593
3310 4 2 1 9 182 607 954 1591
3311 4 2 1 9 919 1583 1599 1600
3312 4 2 1 9 947 944 935 1587
3313 4 2 1 9 291 924 941 1581
3314 4 2 1 9 911 909 907 1585
3315 4 2 1 9 615 607 614 1582
3316 4 2 1 9 973 299 968 1589
3317 4 2 1 9 956 954 295 923
3318 4 2 1 9 285 865 246 963
3319 4 2 1 9 607 183 954 1595
3320 4 2 1 9 609 967 181 1596
3321 4 2 1 9 925 278 1585 1601
3322 4 2 1 9 919 1583 921 1599
3323 4 2 1 9 875 256 255 1580
3324 4 2 1 9 144 608 912 1594
3325 4 2 1 9 871 868 866 1586
3326 4 2 1 9 884 875 878 1587
3327 4 2 1 9 945 1594 280 1601
3328 4 2 1 9 960 1596 1589 1598
3329 4 2 1 9 911 255 256 1580
3330 4 2 1 9 935 925 934 1585
3331 4 2 1 9 933 928 929 1586
3332 4 2 1 9 614 1591 613 1597
3333 4 2 1 9 898 893 888 1583
3334 4 2 1 9 894 891 889 1588
3335 4 2 1 9 908 255 911 1580
3336 4 2 1 9 942 933 922 1592
3337 4 2 1 9 871 873 860 1592
3338 4 2 1 9 882 896 1588 1592
3339 4 2 1 9 881 230 873 1599
3340 4 2 1 9 933 940 952 1584
3341 4 2 1 9 896 889 1588 1592
3342 4 2 1 9 957 184 955 1595
3343 4 2 1 9 951 280 945 1594
3344 4 2 1 9 278 934 925 1585
3345 4 2 1 9 970 969 931 1589
3346 4 2 1 9 908 910 912 1594
3347 4 2 1 9 299 960 968 1589
3348 4 2 1 9 908 905 1594 1601
3349 4 2 1 9 180 972 967 1591
3350 4 2 1 9 609 181 611 1596
3351 4 2 1 9 927 928 1583 1600
3352 4 2 1 9 928 946 927 1583
3353 4 2 1 9 930 955 1594 1595
3354 4 2 1 9 868 871 885 1592
3355 4 2 1 9 872 877 1590 1598
3356 4 2 1 9 935 943 952 1588
3357 4 2 1 9 964 960 959 1598
3358 4 2 1 9 868 870 869 1584
3359 4 2 1 9 945 1580 1594 1601
3360 4 2 1 9 863 876 886 1585
3361 4 2 1 9 931 936 932 1589
3362 4 2 1 9 892 906 268 1585
3363 4 2 1 9 909 269 897 1585
3364 4 2 1 9 614 861 178 1597
3365 4 2 1 9 176 609 611 1596
3366 4 2 1 9 881 873 1583 1599
3367 4 2 1 9 892 897 887 1585
3368 4 2 1 9 924 948 1581 1589
3369 4 2 1 9 896 891 882 1588
3370 4 2 1 9 912 255 908 1580
3371 4 2 1 9 888 893 890 1583
3372 4 2 1 9 876 886 891 261
3373 4 2 1 9 863 875 874 1587
3374 4 2 1 9 867 872 877 1590
3375 4 2 1 9 968 1589 960 1596
3376 4 2 1 9 929 1586 928 1600
3377 4 2 1 9 867 869 872 1590
3378 4 2 1 9 917 941 287 916
3379 4 2 1 9 891 886 887 261
3380 4 2 1 9 903 911 1585 1601
3381 4 2 1 9 887 257 886 1585
3382 4 2 1 9 875 255 883 1580
3383 4 2 1 9 871 881 873 1583
3384 4 2 1 9 905 280 1594 1601
3385 4 2 1 9 940 933 939 1584
3386 4 2 1 9 965 973 301 1589
3387 4 2 1 9 245 964 862 1598
3388 4 2 1 9 970 968 969 1589
3389 4 2 1 9 926 287 941 916
3390 4 2 1 9 882 876 870 1588
3391 4 2 1 9 892 268 897 1585
3392 4 2 1 9 891 882 876 261
3393 4 2 1 9 872 884 861 1597
3394 4 2 1 9 284 902 910 1594
3395 4 2 1 9 877 867 1590 1598
3396 4 2 1 9 950 297 296 1591
3397 4 2 1 9 176 879 880 1596
3398 4 2 1 9 957 954 183 1595
3399 4 2 1 9 901 946 51 893
3400 4 2 1 9 896 890 889 1592
3401 4 2 1 9 887 269 257 1585
3402 4 2 1 9 972 969 967 1591
3403 4 2 1 9 297 950 969 1591
3404 4 2 1 9 180 609 613 1591
3405 4 2 1 9 928 942 946 1583
3406 4 2 1 9 908 284 910 1594
3407 4 2 1 9 270 900 899 1599
3408 4 2 1 9 907 282 911 903
3409 4 2 1 9 910 902 610 1594
3410 4 2 1 9 871 881 1583 1599
3411 4 2 1 9 144 910 610 1594
3412 4 2 1 9 608 185 955 1594
3413 4 2 1 9 274 934 53 892
3414 4 2 1 9 860 873 259 890
3415 4 2 1 9 908 283 905 1601
3416 4 2 1 9 256 863 257 1585
3417 4 2 1 9 906 53 892 268
3418 4 2 1 9 922 952 943 1588
3419 4 2 1 9 889 891 896 1588
3420 4 2 1 9 930 944 938 1595
3421 4 2 1 9 910 56 610 902
3422 4 2 1 9 144 610 608 1594
3423 4 2 1 9 882 860 896 1592
3424 4 2 1 9 877 862 867 1598
3425 4 2 1 9 860 890 896 1592
3426 4 2 1 9 180 613 972 1591
3427 4 2 1 9 874 875 884 1587
3428 4 2 1 9 907 282 909 911
3429 4 2 1 9 972 613 32 1591
3430 4 2 1 9 953 33 55 902
3431 4 2 1 9 610 902 953 1594
3432 4 2 1 9 290 924 965 1589
3433 4 2 1 9 256 257 909 1585
3434 4 2 1 9 950 296 936 1591
3435 4 2 1 9 296 956 923 1591
3436 4 2 1 9 51 47 901 893
3437 4 2 1 9 954 956 182 1591
3438 4 2 1 9 609 613 1591 1597
3439 4 2 1 9 937 939 932 1593
3440 4 2 1 9 608 185 184 955
3441 4 2 1 9 293 958 951 1594
3442 4 2 1 9 937 938 947 1593
3443 4 2 1 9 970 931 301 1589
3444 4 2 1 9 296 923 936 1591
3445 4 2 1 9 915 1599 913 1600
3446 4 2 1 9 290 965 301 1589
3447 4 2 1 9 274 53 48 892
3448 4 2 1 9 873 259 890 888
3449 4 2 1 9 276 889 922 275
3450 4 2 1 9 610 33 953 902
3451 4 2 1 9 967 971 181 1596
3452 4 2 1 9 972 32 956 1591
3453 4 2 1 9 909 257 269 1585
3454 4 2 1 9 886 257 863 1585
3455 4 2 1 9 956 613 182 1591
3456 4 2 1 9 947 940 939 1593
3457 4 2 1 9 871 864 881 1599
3458 4 2 1 9 972 297 969 1591
3459 4 2 1 9 905 284 908 1594
3460 4 2 1 9 911 256 909 1585
3461 4 2 1 9 960 244 1596 1598
3462 4 2 1 9 301 931 290 1589
3463 4 2 1 9 180 967 181 609
3464 4 2 1 9 284 905 902 1594
3465 4 2 1 9 289 58 917 291
3466 4 2 1 9 924 932 948 1589
3467 4 2 1 9 971 611 181 1596
3468 4 2 1 9 945 280 279 1601
3469 4 2 1 9 972 180 32 613
3470 4 2 1 9 33 56 55 902
3471 4 2 1 9 968 960 300 1596
3472 4 2 1 9 244 960 245 1598
3473 4 2 1 9 32 613 956 1591
3474 4 2 1 9 185 608 610 1594
3475 4 2 1 9 273 921 898 900
3476 4 2 1 9 921 900 270 1599
3477 4 2 1 9 908 911 283 1601
3478 4 2 1 9 56 33 610 902
3479 4 2 1 9 301 970 59 931
3480 4 2 1 9 882 885 860 1592
3481 4 2 1 9 244 245 877 1598
3482 4 2 1 9 610 20 56 910
3483 4 2 1 9 924 948 941 1581
3484 4 2 1 9 941 917 58 291
3485 4 2 1 9 860 885 871 1592
3486 4 2 1 9 56 33 20 610
3487 4 2 1 9 905 283 903 1601
3488 4 2 1 9 608 179 19 883
3489 4 2 1 9 972 956 32 297
3490 4 2 1 9 1579 1589 1596 1598
3491 4 2 1 9 883 19 912 255
3492 4 2 1 9 297 972 956 1591
3493 4 2 1 9 290 301 59 931
3494 4 2 1 9 970 301 973 1589
3495 4 2 1 9 919 1599 915 1600
3496 4 2 1 9 968 299 300 960
3497 4 2 1 9 971 967 968 1596
3498 4 2 1 9 895 942 277 276
3499 4 2 1 9 961 300 960 1596
3500 4 2 1 9 52 927 272 919
3501 4 2 1 9 905 279 280 1601
3502 4 2 1 9 609 614 613 1597
3503 4 2 1 9 611 30 961 1596
3504 4 2 1 9 971 961 30 1596
3505 4 2 1 9 861 880 872 1597
3506 4 2 1 9 911 903 283 1601
3507 4 2 1 9 944 945 925 1601
3508 4 2 1 9 926 929 928 1600
3509 4 2 1 9 293 955 958 1594
3510 4 2 1 9 611 971 30 1596
3511 4 2 1 9 924 290 931 1589
3512 4 2 1 9 943 275 894 274
3513 4 2 1 9 915 913 916 1600
3514 4 2 1 9 920 962 57 966
3515 4 2 1 9 919 921 915 1599
3516 4 2 1 9 956 296 297 1591
3517 4 2 1 9 969 292 970 931
3518 4 2 1 9 930 293 955 294
3519 4 2 1 9 953 958 904 281
3520 4 2 1 9 969 292 931 950
3521 4 2 1 9 176 611 879 1596
3522 4 2 1 9 961 31 611 1596
3523 4 2 1 9 904 951 958 1594
3524 4 2 1 9 609 880 177 1597
3525 4 2 1 9 955 930 294 1595
3526 4 2 1 9 964 245 960 1598
3527 4 2 1 9 57 286 962 920
3528 4 2 1 9 298 959 61 965
3529 4 2 1 9 280 951 904 1594
3530 4 2 1 9 909 897 49 907
3531 4 2 1 9 296 956 295 923
3532 4 2 1 9 32 182 956 613
3533 4 2 1 9 245 964 246 862
3534 4 2 1 9 245 862 877 1598
3535 4 2 1 9 973 61 299 959
3536 4 2 1 9 961 960 244 1596
3537 4 2 1 9 924 931 932 1589
3538 4 2 1 9 281 904 953 902
3539 4 2 1 9 949 954 294 1595
3540 4 2 1 9 280 904 905 1594
3541 4 2 1 9 300 961 971 1596
3542 4 2 1 9 41 873 230 888
3543 4 2 1 9 278 279 903 1601
3544 4 2 1 9 925 279 278 1601
3545 4 2 1 9 273 52 272 919
3546 4 2 1 9 185 610 953 1594
3547 4 2 1 9 930 938 949 1595
3548 4 2 1 9 260 882 860 896
3549 4 2 1 9 906 934 53 278
3550 4 2 1 9 968 970 973 1589
3551 4 2 1 9 891 896 882 261
3552 4 2 1 9 913 918 865 238
3553 4 2 1 9 31 879 611 1596
3554 4 2 1 9 927 919 288 1600
3555 4 2 1 9 937 947 939 1593
3556 4 2 1 9 300 971 968 1596
3557 4 2 1 9 927 288 926 1600
3558 4 2 1 9 955 294 957 1595
3559 4 2 1 9 961 879 31 1596
3560 4 2 1 9 238 865 913 864
3561 4 2 1 9 177 861 614 1597
3562 4 2 1 9 271 231 913 1599
3563 4 2 1 9 277 264 893 895
3564 4 2 1 9 294 954 957 1595
3565 4 2 1 9 889 275 266 894
3566 4 2 1 9 288 916 926 1600
3567 4 2 1 9 904 958 953 1594
3568 4 2 1 9 611 30 31 961
3569 4 2 1 9 949 294 954 295
3570 4 2 1 9 927 926 928 1600
3571 4 2 1 9 973 301 61 965
3572 4 2 1 9 42 913 271 231
3573 4 2 1 9 953 955 185 1594
3574 4 2 1 9 53 48 892 268
3575 4 2 1 9 896 260 882 261
3576 4 2 1 9 609 177 614 1597
3577 4 2 1 9 950 297 60 296
3578 4 2 1 9 275 265 889 266
3579 4 2 1 9 609 176 177 880
3580 4 2 1 9 894 274 267 892
3581 4 2 1 9 961 244 879 1596
3582 4 2 1 9 919 916 288 1600
3583 4 2 1 9 895 889 276 265
3584 4 2 1 9 904 953 902 1594
3585 4 2 1 9 889 276 265 275
3586 4 2 1 9 963 286 285 914
3587 4 2 1 9 890 259 860 896
3588 4 2 1 9 905 908 284 283
3589 4 2 1 9 178 614 177 861
3590 4 2 1 9 899 230 881 1599
3591 4 2 1 9 290 291 965 924
3592 4 2 1 9 19 144 608 912
3593 4 2 1 9 951 958 54 904
3594 4 2 1 9 969 297 60 950
3595 4 2 1 9 43 865 285 918
3596 4 2 1 9 881 231 899 1599
3597 4 2 1 9 231 864 913 1599
3598 4 2 1 9 905 903 279 1601
3599 4 2 1 9 888 230 41 262
3600 4 2 1 9 182 607 183 954
3601 4 2 1 9 42 913 231 864
3602 4 2 1 9 921 273 50 900
3603 4 2 1 9 281 953 55 902
3604 4 2 1 9 260 860 259 896
3605 4 2 1 9 880 861 177 1597
3606 4 2 1 9 904 902 905 1594
3607 4 2 1 9 926 288 287 916
3608 4 2 1 9 895 277 264 276
3609 4 2 1 9 878 178 615 179
3610 4 2 1 9 274 275 894 267
3611 4 2 1 9 183 184 957 612
3612 4 2 1 9 879 961 31 244
3613 4 2 1 9 283 911 282 903
3614 4 2 1 9 955 953 958 1594
3615 4 2 1 9 916 919 915 1600
3616 4 2 1 9 31 176 611 879
3617 4 2 1 9 945 279 925 1601
3618 4 2 1 9 930 949 294 1595
3619 4 2 1 9 58 917 941 287
3620 4 2 1 9 56 910 284 902
3621 4 2 1 9 865 246 43 285
3622 4 2 1 9 272 946 51 901
3623 4 2 1 9 259 873 41 888
3624 4 2 1 9 915 271 913 1599
3625 4 2 1 9 264 893 47 277
3626 4 2 1 9 881 230 899 231
3627 4 2 1 9 293 958 54 951
3628 4 2 1 9 267 274 48 892
3629 4 2 1 9 901 47 263 893
3630 4 2 1 9 881 864 231 1599
3631 4 2 1 9 886 45 887 261
3632 4 2 1 9 970 292 59 931
3633 4 2 1 9 271 915 921 1599
3634 4 2 1 9 280 951 54 904
3635 4 2 1 9 269 897 49 909
3636 4 2 1 9 907 897 49 268
3637 4 2 1 9 282 909 49 907
3638 4 2 1 9 30 971 300 961
3639 4 2 1 9 271 899 231 1599
3640 4 2 1 9 962 298 57 966
3641 4 2 1 9 181 971 30 611
3642 4 2 1 9 238 913 42 864
3643 4 2 1 9 292 969 60 950
3644 4 2 1 9 266 267 894 275
3645 4 2 1 9 144 20 610 910
3646 4 2 1 9 270 921 50 900
3647 4 2 1 9 264 265 895 276
3648 4 2 1 9 52 927 919 288
3649 4 2 1 9 610 953 33 185
3650 4 2 1 9 43 865 918 238
3651 4 2 1 9 904 958 54 281
3652 4 2 1 9 289 920 57 966
3653 4 2 1 9 262 46 898 900
3654 4 2 1 9 1600 1581 918 916
3655 4 2 1 9 1600 918 1581 1586
3656 4 2 1 9 1580 179 878 615
3657 4 2 1 9 1580 878 179 883
3658 4 2 1 9 1589 948 1590 932
3659 4 2 1 9 1589 1590 948 1581
3660 4 2 1 9 263 893 1583 901
3661 4 2 1 9 1583 893 263 898
3662 4 2 1 9 1583 273 263 901
3663 4 2 1 9 263 273 1583 898
3664 4 2 1 9 1588 934 892 1585
3665 4 2 1 9 1588 892 934 943
3666 4 2 1 9 1595 608 615 612
3667 4 2 1 9 1595 615 608 1580
3668 4 2 1 9 1581 246 964 862
3669 4 2 1 9 1581 964 246 963
3670 4 2 1 9 1595 923 938 949
3671 4 2 1 9 1595 938 923 1582
3672 4 2 1 9 1594 1595 608 1580
3673 4 2 1 9 608 1595 1594 955
3674 4 2 1 9 1593 923 938 1582
3675 4 2 1 9 1593 938 923 937
3676 4 2 1 9 272 919 1583 273
3677 4 2 1 9 1583 919 272 927
3678 4 2 1 9 1590 866 868 1586
3679 4 2 1 9 1590 868 866 867
3680 4 2 1 9 962 965 298 966
3681 4 2 1 9 298 965 962 959
3682 4 2 1 9 879 1598 244 877
3683 4 2 1 9 244 1598 879 1596
3684 4 2 1 9 268 1585 907 897
3685 4 2 1 9 907 1585 268 906
3686 4 2 1 9 1594 293 930 951
3687 4 2 1 9 1594 930 293 955
3688 4 2 1 9 291 917 1581 941
3689 4 2 1 9 291 1581 917 289
3690 4 2 1 9 277 51 893 47
3691 4 2 1 9 277 893 51 946
3692 4 2 1 9 257 887 45 269
3693 4 2 1 9 257 45 887 886
3694 4 2 1 9 270 1599 271 921
3695 4 2 1 9 271 1599 270 899
3696 4 2 1 9 273 900 263 50
3697 4 2 1 9 273 263 900 898
3698 4 2 1 9 46 263 900 50
3699 4 2 1 9 46 900 263 898
3700 4 2 2 10 894 1602 995 1604
3701 4 2 2 10 894 891 1602 1604
3702 4 2 2 10 992 1602 856 1604
3703 4 2 2 10 984 995 1602 1604
3704 4 2 2 10 856 1602 891 1604
3705 4 2 2 10 992 984 1602 1604
3706 4 2 2 10 894 995 889 1604
3707 4 2 2 10 894 889 891 1604
3708 4 2 2 10 992 984 988 1602
3709 4 2 2 10 990 986 253 1602
3710 4 2 2 10 858 992 856 1604
3711 4 2 2 10 992 858 987 1604
3712 4 2 2 10 894 998 995 1602
3713 4 2 2 10 228 857 985 987
3714 4 2 2 10 985 857 228 1603
3715 4 2 2 10 982 253 986 1602
3716 4 2 2 10 992 986 990 1602
3717 4 2 2 10 896 856 891 1604
3718 4 2 2 10 985 987 857 1604
3719 4 2 2 10 985 857 1603 1604
3720 4 2 2 10 985 228 975 1603
3721 4 2 2 10 991 987 985 1604
3722 4 2 2 10 229 975 228 1603
3723 4 2 2 10 857 858 856 1604
3724 4 2 2 10 895 997 1603 1604
3725 4 2 2 10 895 305 893 1603
3726 4 2 2 10 254 253 982 1602
3727 4 2 2 10 892 310 894 1602
3728 4 2 2 10 998 894 310 1602
3729 4 2 2 10 997 305 895 1603
3730 4 2 2 10 992 987 991 1604
3731 4 2 2 10 857 987 858 1604
3732 4 2 2 10 893 305 977 1603
3733 4 2 2 10 254 856 253 1602
3734 4 2 2 10 229 228 857 1603
3735 4 2 2 10 892 979 310 1602
3736 4 2 2 10 998 894 307 310
3737 4 2 2 10 997 309 895 305
3738 4 2 2 10 889 265 895 1604
3739 4 2 2 10 857 890 1603 1604
3740 4 2 2 10 856 896 857 1604
3741 4 2 2 10 313 982 253 986
3742 4 2 2 10 857 228 858 987
3743 4 2 2 10 895 996 997 1604
3744 4 2 2 10 898 978 974 1603
3745 4 2 2 10 981 980 897 1602
3746 4 2 2 10 856 261 891 1602
3747 4 2 2 10 997 989 1603 1604
3748 4 2 2 10 976 994 975 1603
3749 4 2 2 10 993 983 982 1602
3750 4 2 2 10 986 992 988 1602
3751 4 2 2 10 259 229 857 1603
3752 4 2 2 10 260 857 856 896
3753 4 2 2 10 254 261 856 1602
3754 4 2 2 10 895 265 996 1604
3755 4 2 2 10 995 316 984 998
3756 4 2 2 10 888 898 974 1603
3757 4 2 2 10 981 897 887 1602
3758 4 2 2 10 259 857 890 1603
3759 4 2 2 10 995 894 307 998
3760 4 2 2 10 896 891 889 1604
3761 4 2 2 10 994 975 303 976
3762 4 2 2 10 985 228 302 975
3763 4 2 2 10 986 993 982 1602
3764 4 2 2 10 996 995 889 308
3765 4 2 2 10 988 998 310 1602
3766 4 2 2 10 996 889 995 1604
3767 4 2 2 10 980 981 983 1602
3768 4 2 2 10 974 978 976 1603
3769 4 2 2 10 898 893 978 1603
3770 4 2 2 10 313 253 990 986
3771 4 2 2 10 980 892 897 1602
3772 4 2 2 10 259 888 229 1603
3773 4 2 2 10 988 984 316 998
3774 4 2 2 10 889 996 265 1604
3775 4 2 2 10 310 979 980 1602
3776 4 2 2 10 977 305 978 1603
3777 4 2 2 10 997 989 305 1603
3778 4 2 2 10 996 995 984 1604
3779 4 2 2 10 229 974 975 1603
3780 4 2 2 10 857 896 890 1604
3781 4 2 2 10 994 985 975 1603
3782 4 2 2 10 993 314 982 983
3783 4 2 2 10 895 309 997 996
3784 4 2 2 10 976 978 994 1603
3785 4 2 2 10 980 983 993 1602
3786 4 2 2 10 265 996 889 308
3787 4 2 2 10 977 978 898 893
3788 4 2 2 10 989 996 984 1604
3789 4 2 2 10 985 302 228 987
3790 4 2 2 10 997 996 989 1604
3791 4 2 2 10 988 310 311 1602
3792 4 2 2 10 305 989 306 1603
3793 4 2 2 10 892 980 897 979
3794 4 2 2 10 888 893 898 1603
3795 4 2 2 10 890 895 1603 1604
3796 4 2 2 10 887 897 892 1602
3797 4 2 2 10 989 984 991 1604
3798 4 2 2 10 304 974 898 978
3799 4 2 2 10 980 312 981 897
3800 4 2 2 10 890 888 259 1603
3801 4 2 2 10 893 977 978 1603
3802 4 2 2 10 975 985 994 303
3803 4 2 2 10 310 980 311 1602
3804 4 2 2 10 305 306 978 1603
3805 4 2 2 10 891 261 887 1602
3806 4 2 2 10 892 980 979 1602
3807 4 2 2 10 887 261 254 1602
3808 4 2 2 10 254 982 981 1602
3809 4 2 2 10 986 314 982 993
3810 4 2 2 10 229 888 974 1603
3811 4 2 2 10 996 315 989 984
3812 4 2 2 10 895 893 890 1603
3813 4 2 2 10 891 892 894 1602
3814 4 2 2 10 974 976 975 1603
3815 4 2 2 10 982 983 981 1602
3816 4 2 2 10 315 989 997 996
3817 4 2 2 10 312 983 980 981
3818 4 2 2 10 976 974 304 978
3819 4 2 2 10 306 989 994 1603
3820 4 2 2 10 311 993 988 1602
3821 4 2 2 10 254 981 887 1602
3822 4 2 2 10 992 991 984 1604
3823 4 2 2 10 66 988 998 310
3824 4 2 2 10 856 896 891 261
3825 4 2 2 10 305 997 64 989
3826 4 2 2 10 980 67 993 983
3827 4 2 2 10 976 62 994 978
3828 4 2 2 10 978 306 994 1603
3829 4 2 2 10 311 980 993 1602
3830 4 2 2 10 265 309 996 308
3831 4 2 2 10 66 988 310 311
3832 4 2 2 10 64 306 305 989
3833 4 2 2 10 990 859 258 987
3834 4 2 2 10 857 259 890 896
3835 4 2 2 10 895 309 996 265
3836 4 2 2 10 896 856 260 261
3837 4 2 2 10 63 977 893 264
3838 4 2 2 10 898 263 977 893
3839 4 2 2 10 979 980 897 268
3840 4 2 2 10 263 978 898 977
3841 4 2 2 10 858 258 859 987
3842 4 2 2 10 986 988 993 1602
3843 4 2 2 10 892 65 267 979
3844 4 2 2 10 979 897 892 268
3845 4 2 2 10 890 889 895 1604
3846 4 2 2 10 891 887 892 1602
3847 4 2 2 10 994 989 985 1603
3848 4 2 2 10 890 893 888 1603
3849 4 2 2 10 259 857 260 896
3850 4 2 2 10 996 995 316 984
3851 4 2 2 10 40 228 302 987
3852 4 2 2 10 228 40 858 987
3853 4 2 2 10 304 898 46 263
3854 4 2 2 10 897 312 49 268
3855 4 2 2 10 898 262 974 304
3856 4 2 2 10 312 981 897 269
3857 4 2 2 10 978 898 304 263
3858 4 2 2 10 980 312 897 268
3859 4 2 2 10 313 314 982 986
3860 4 2 2 10 315 996 316 984
3861 4 2 2 10 888 41 229 974
3862 4 2 2 10 989 997 64 315
3863 4 2 2 10 306 994 62 978
3864 4 2 2 10 311 67 993 980
3865 4 2 2 10 975 302 985 303
3866 4 2 2 10 308 889 265 266
3867 4 2 2 10 41 229 259 888
3868 4 2 2 10 262 898 46 304
3869 4 2 2 10 897 49 312 269
3870 4 2 2 10 988 316 66 998
3871 4 2 2 10 980 67 983 312
3872 4 2 2 10 62 976 304 978
3873 4 2 2 10 887 254 45 981
3874 4 2 2 10 890 896 889 1604
3875 4 2 2 10 893 47 63 264
3876 4 2 2 10 887 45 254 261
3877 4 2 2 10 888 898 262 974
3878 4 2 2 10 897 981 887 269
3879 4 2 2 10 267 48 65 892
3880 4 2 2 10 47 63 977 893
3881 4 2 2 10 892 48 65 979
3882 4 2 2 10 977 263 47 893
3883 4 2 2 10 979 892 48 268
3884 4 2 2 10 253 859 44 990
3885 4 2 2 10 303 62 994 976
3886 4 2 2 10 990 44 253 313
3887 4 2 2 10 266 267 307 894
3888 4 2 2 10 67 314 993 983
3889 4 2 2 10 264 265 309 895
3890 4 2 2 10 258 858 40 987
3891 4 2 2 10 41 888 262 974
3892 4 2 2 10 45 887 981 269
3893 4 2 2 10 859 258 44 990
3894 4 2 2 10 987 859 992 990
3895 4 2 2 10 987 992 859 858
3896 4 2 2 10 856 859 992 858
3897 4 2 2 10 308 307 894 266
3898 4 2 2 10 894 307 308 995
3899 4 2 2 10 894 889 308 266
3900 4 2 2 10 308 889 894 995
3901 4 2 2 10 998 984 1602 988
3902 4 2 2 10 998 1602 984 995
3903 4 2 2 10 985 1604 989 991
3904 4 2 2 10 989 1604 985 1603
3905 4 2 2 10 307 65 979 267
3906 4 2 2 10 979 65 307 310
3907 4 2 2 10 307 979 892 267
3908 4 2 2 10 892 979 307 310
3909 4 2 2 10 307 892 894 267
3910 4 2 2 10 894 892 307 310
3911 4 2 2 10 63 309 977 264
3912 4 2 2 10 63 977 309 305
3913 4 2 2 10 977 309 893 264
3914 4 2 2 10 977 893 309 305
3915 4 2 2 10 893 309 895 264
3916 4 2 2 10 893 895 309 305
3917 4 2 2 10 253 859 1602 856
3918 4 2 2 10 253 1602 859 990
3919 4 2 2 10 992 1602 859 856
3920 4 2 2 10 992 859 1602 990
3921 4 2 3 11 1026 1030 744 729
3922 4 2 3 11 1030 1018 1026 744
3923 4 2 3 11 1026 744 737 729
3924 4 2 3 11 728 740 734 1015
3925 4 2 3 11 744 1018 1026 737
3926 4 2 3 11 729 737 1026 1005
3927 4 2 3 11 729 1026 1002 1005
3928 4 2 3 11 740 745 734 1023
3929 4 2 3 11 1030 744 729 735
3930 4 2 3 11 743 953 999 1020
3931 4 2 3 11 740 745 1023 1029
3932 4 2 3 11 1023 734 740 1015
3933 4 2 3 11 747 734 730 1006
3934 4 2 3 11 1019 735 1030 1011
3935 4 2 3 11 1030 1022 744 735
3936 4 2 3 11 956 1026 737 1005
3937 4 2 3 11 1002 221 729 1005
3938 4 2 3 11 737 729 221 1005
3939 4 2 3 11 1029 1023 740 1015
3940 4 2 3 11 1026 1030 729 1011
3941 4 2 3 11 1015 733 728 1009
3942 4 2 3 11 1008 1026 1018 737
3943 4 2 3 11 1012 743 999 1020
3944 4 2 3 11 743 999 189 1012
3945 4 2 3 11 740 745 1029 1040
3946 4 2 3 11 1018 1030 1022 744
3947 4 2 3 11 734 747 1016 1006
3948 4 2 3 11 1019 1039 735 1036
3949 4 2 3 11 1030 1022 735 1019
3950 4 2 3 11 730 1006 1038 735
3951 4 2 3 11 1006 734 730 1023
3952 4 2 3 11 1022 739 744 736
3953 4 2 3 11 735 1022 1006 1019
3954 4 2 3 11 739 1018 1022 744
3955 4 2 3 11 745 740 746 1040
3956 4 2 3 11 1024 1026 956 1005
3957 4 2 3 11 1006 730 736 735
3958 4 2 3 11 736 1022 1006 735
3959 4 2 3 11 1010 999 953 1020
3960 4 2 3 11 743 953 1020 955
3961 4 2 3 11 744 739 1018 737
3962 4 2 3 11 745 730 734 1023
3963 4 2 3 11 1028 732 188 731
3964 4 2 3 11 953 743 185 955
3965 4 2 3 11 1006 730 747 736
3966 4 2 3 11 1007 1021 738 727
3967 4 2 3 11 729 1026 1011 1002
3968 4 2 3 11 1026 1008 956 737
3969 4 2 3 11 730 745 1037 1023
3970 4 2 3 11 736 744 1022 735
3971 4 2 3 11 1006 1016 734 1023
3972 4 2 3 11 1020 1027 738 1021
3973 4 2 3 11 957 727 183 954
3974 4 2 3 11 1009 733 728 732
3975 4 2 3 11 1012 731 743 1020
3976 4 2 3 11 731 738 743 1020
3977 4 2 3 11 1028 732 731 1027
3978 4 2 3 11 1033 1015 728 1009
3979 4 2 3 11 1016 747 742 736
3980 4 2 3 11 1020 738 743 955
3981 4 2 3 11 732 320 1028 188
3982 4 2 3 11 184 727 957 955
3983 4 2 3 11 184 738 727 955
3984 4 2 3 11 1007 957 727 955
3985 4 2 3 11 1032 740 728 1015
3986 4 2 3 11 742 738 731 1027
3987 4 2 3 11 954 1008 1018 737
3988 4 2 3 11 727 738 1007 955
3989 4 2 3 11 738 731 1027 1020
3990 4 2 3 11 185 743 738 955
3991 4 2 3 11 731 743 189 1012
3992 4 2 3 11 1032 1029 740 1015
3993 4 2 3 11 739 1022 1021 736
3994 4 2 3 11 1027 742 738 1021
3995 4 2 3 11 220 741 1036 1011
3996 4 2 3 11 732 1028 1009 1027
3997 4 2 3 11 1008 954 956 737
3998 4 2 3 11 1012 999 1010 1020
3999 4 2 3 11 741 220 729 1011
4000 4 2 3 11 1021 727 1017 739
4001 4 2 3 11 1021 1007 957 727
4002 4 2 3 11 1003 1002 1026 1005
4003 4 2 3 11 1009 733 732 1027
4004 4 2 3 11 954 727 183 739
4005 4 2 3 11 1040 740 746 1032
4006 4 2 3 11 739 1021 742 736
4007 4 2 3 11 727 957 1021 1017
4008 4 2 3 11 1000 1028 188 731
4009 4 2 3 11 738 1020 1021 1007
4010 4 2 3 11 1040 746 1035 1032
4011 4 2 3 11 1031 320 1028 732
4012 4 2 3 11 957 727 954 1017
4013 4 2 3 11 999 1000 189 1012
4014 4 2 3 11 1026 1024 1003 1005
4015 4 2 3 11 1023 1016 734 1015
4016 4 2 3 11 1035 1034 1040 1032
4017 4 2 3 11 1021 1018 1022 739
4018 4 2 3 11 1000 1028 731 1012
4019 4 2 3 11 954 1018 739 737
4020 4 2 3 11 1031 1028 1009 732
4021 4 2 3 11 1027 731 1028 1012
4022 4 2 3 11 731 732 733 1027
4023 4 2 3 11 953 1014 1010 1020
4024 4 2 3 11 1015 1016 733 1009
4025 4 2 3 11 745 1037 1023 1040
4026 4 2 3 11 1029 745 1023 1040
4027 4 2 3 11 747 733 734 1016
4028 4 2 3 11 1021 742 738 727
4029 4 2 3 11 735 1038 205 1039
4030 4 2 3 11 1016 742 733 1027
4031 4 2 3 11 1011 220 729 1002
4032 4 2 3 11 1011 1036 220 1002
4033 4 2 3 11 1040 1029 740 1032
4034 4 2 3 11 738 1020 1007 955
4035 4 2 3 11 747 742 733 1016
4036 4 2 3 11 1018 1021 1017 739
4037 4 2 3 11 1015 728 1032 1033
4038 4 2 3 11 727 954 1017 739
4039 4 2 3 11 731 733 742 1027
4040 4 2 3 11 727 1021 742 739
4041 4 2 3 11 326 1039 1038 1019
4042 4 2 3 11 1029 1040 1034 1032
4043 4 2 3 11 956 1008 1026 1024
4044 4 2 3 11 739 182 954 737
4045 4 2 3 11 189 1000 731 1012
4046 4 2 3 11 182 956 954 737
4047 4 2 3 11 1012 1027 731 1020
4048 4 2 3 11 1027 1016 742 1021
4049 4 2 3 11 1020 953 1014 955
4050 4 2 3 11 205 730 1038 735
4051 4 2 3 11 1037 327 1038 1023
4052 4 2 3 11 1009 1016 733 1027
4053 4 2 3 11 1039 1019 325 1036
4054 4 2 3 11 957 1007 1021 1017
4055 4 2 3 11 326 1038 1006 1019
4056 4 2 3 11 1018 1017 954 739
4057 4 2 3 11 188 320 1028 1000
4058 4 2 3 11 323 1025 1004 1002
4059 4 2 3 11 956 297 1024 1005
4060 4 2 3 11 999 1010 1001 1012
4061 4 2 3 11 55 953 281 318
4062 4 2 3 11 1036 1011 323 1002
4063 4 2 3 11 737 32 956 1005
4064 4 2 3 11 1002 1026 1013 1003
4065 4 2 3 11 281 953 1010 318
4066 4 2 3 11 1019 325 1036 1011
4067 4 2 3 11 1006 1038 327 1023
4068 4 2 3 11 1025 323 1011 1002
4069 4 2 3 11 1001 1000 999 1012
4070 4 2 3 11 1002 1026 1011 1013
4071 4 2 3 11 953 55 999 318
4072 4 2 3 11 1013 1026 1024 1003
4073 4 2 3 11 1038 730 206 1037
4074 4 2 3 11 999 1010 953 318
4075 4 2 3 11 728 216 1033 732
4076 4 2 3 11 745 206 730 1037
4077 4 2 3 11 323 220 1036 1002
4078 4 2 3 11 732 35 320 188
4079 4 2 3 11 324 323 1011 1025
4080 4 2 3 11 323 1011 1036 324
4081 4 2 3 11 1025 1004 1002 1013
4082 4 2 3 11 1008 1017 954 1018
4083 4 2 3 11 35 320 1031 732
4084 4 2 3 11 1010 1014 953 281
4085 4 2 3 11 728 217 740 1032
4086 4 2 3 11 1011 1025 1002 1013
4087 4 2 3 11 958 1014 953 955
4088 4 2 3 11 1031 1033 216 732
4089 4 2 3 11 953 999 33 743
4090 4 2 3 11 1009 1033 1015 330
4091 4 2 3 11 1032 728 217 1033
4092 4 2 3 11 958 953 1014 281
4093 4 2 3 11 189 1000 188 731
4094 4 2 3 11 741 38 220 1036
4095 4 2 3 11 1007 1020 1014 955
4096 4 2 3 11 1003 1024 297 1005
4097 4 2 3 11 1009 331 1028 1031
4098 4 2 3 11 1029 1040 328 1034
4099 4 2 3 11 1036 38 220 323
4100 4 2 3 11 183 182 954 739
4101 4 2 3 11 328 71 1029 1034
4102 4 2 3 11 185 738 184 955
4103 4 2 3 11 1034 1040 71 332
4104 4 2 3 11 1032 1034 1029 329
4105 4 2 3 11 327 1038 1006 326
4106 4 2 3 11 328 1040 71 1034
4107 4 2 3 11 330 1009 1033 1031
4108 4 2 3 11 320 1028 331 1031
4109 4 2 3 11 297 956 32 1005
4110 4 2 3 11 1023 1037 327 328
4111 4 2 3 11 1029 1032 329 1015
4112 4 2 3 11 204 735 205 1039
4113 4 2 3 11 1010 317 281 318
4114 4 2 3 11 325 1036 1011 324
4115 4 2 3 11 1033 1032 1015 330
4116 4 2 3 11 1038 206 730 205
4117 4 2 3 11 1019 326 1039 325
4118 4 2 3 11 956 182 32 737
4119 4 2 3 11 1001 1010 999 318
4120 4 2 3 11 1032 329 1015 330
4121 4 2 3 11 1001 1010 319 1012
4122 4 2 3 11 1014 1010 317 281
4123 4 2 3 11 1001 319 1000 1012
4124 4 2 3 11 38 741 204 1036
4125 4 2 3 11 220 221 729 1002
4126 4 2 3 11 221 32 737 1005
4127 4 2 3 11 1031 216 35 732
4128 4 2 3 11 206 745 207 1037
4129 4 2 3 11 743 33 953 185
4130 4 2 3 11 728 216 217 1033
4131 4 2 3 11 1013 1004 1002 1003
4132 4 2 3 11 1024 956 1008 296
4133 4 2 3 11 746 207 745 1040
4134 4 2 3 11 1040 1034 1035 332
4135 4 2 3 11 957 727 184 183
4136 4 2 3 11 189 33 999 743
4137 4 2 3 11 1009 330 331 1031
4138 4 2 3 11 297 1024 1003 321
4139 4 2 3 11 320 69 1028 1000
4140 4 2 3 11 1040 746 39 1035
4141 4 2 3 11 1037 745 207 1040
4142 4 2 3 11 1007 957 294 1017
4143 4 2 3 11 295 1017 954 1008
4144 4 2 3 11 955 958 1014 293
4145 4 2 3 11 954 956 295 1008
4146 4 2 3 11 1028 1000 319 1012
4147 4 2 3 11 217 218 740 1032
4148 4 2 3 11 954 294 957 1017
4149 4 2 3 11 1007 957 955 294
4150 4 2 3 11 71 1029 1034 329
4151 4 2 3 11 1024 297 956 296
4152 4 2 3 11 1024 297 60 321
4153 4 2 3 11 955 1014 1007 293
4154 4 2 3 11 1017 954 294 295
4155 4 2 3 11 54 1014 958 293
4156 4 2 3 11 1000 69 1028 319
4157 4 2 3 11 293 1007 955 294
4158 4 2 3 11 39 1040 1035 332
4159 4 2 3 11 324 70 323 1025
4160 4 2 3 11 319 68 1010 1001
4161 4 2 3 11 207 746 39 1040
4162 4 2 3 11 956 295 1008 296
4163 4 2 3 11 999 33 55 953
4164 4 2 3 11 1025 70 323 1004
4165 4 2 3 11 746 218 39 1035
4166 4 2 3 11 60 297 1024 296
4167 4 2 3 11 1028 331 69 320
4168 4 2 3 11 317 54 1014 281
4169 4 2 3 11 958 1014 54 281
4170 4 2 3 11 322 1004 1013 1003
4171 4 2 3 11 1024 1013 1003 321
4172 4 2 3 11 68 1010 1001 318
4173 4 2 3 11 322 1004 1025 1013
4174 4 2 3 11 1010 68 317 318
4175 4 2 3 11 1004 1025 70 322
4176 4 2 3 11 1003 1013 322 321
4177 4 2 3 11 1011 735 729 741
4178 4 2 3 11 1011 729 735 1030
4179 4 2 3 11 735 1011 1036 741
4180 4 2 3 11 1036 1011 735 1019
4181 4 2 3 11 732 1033 1009 1031
4182 4 2 3 11 732 1009 1033 728
4183 4 2 3 11 733 1015 734 1016
4184 4 2 3 11 734 1015 733 728
4185 4 2 3 11 735 1036 204 741
4186 4 2 3 11 204 1036 735 1039
4187 4 2 3 11 1016 736 1006 747
4188 4 2 3 11 1006 736 1016 1022
4189 4 2 3 11 1023 1038 730 1006
4190 4 2 3 11 1023 730 1038 1037
4191 4 2 3 11 1019 1038 735 1039
4192 4 2 3 11 1019 735 1038 1006
4193 4 2 3 11 1023 1040 328 1029
4194 4 2 3 11 328 1040 1023 1037
4195 4 2 3 11 736 1021 1016 1022
4196 4 2 3 11 736 1016 1021 742
4197 4 2 3 11 746 1032 218 1035
4198 4 2 3 11 218 1032 746 740
4199 4 2 4 12 277 63 264 309
4200 4 2 4 12 65 274 267 307
4201 4 2 4 12 47 51 63 277
4202 4 2 4 12 65 53 48 274
4203 4 2 4 12 275 308 265 266
4204 4 2 4 12 308 265 276 275
4205 4 2 4 12 266 267 275 307
4206 4 2 4 12 264 265 276 309
4207 4 2 4 12 309 264 277 276
4208 4 2 4 12 267 274 275 307
4209 4 2 4 12 264 47 63 277
4210 4 2 4 12 274 48 65 267
4211 4 2 4 12 265 276 309 308
4212 4 2 4 12 266 275 308 307
4213 4 2 3 15 1116 1096 1610 1615
4214 4 2 3 15 1116 1610 1605 1615
4215 4 2 3 15 1115 1608 1605 1610
4216 4 2 3 15 1081 1607 1617 1618
4217 4 2 3 15 580 1605 1115 1608
4218 4 2 3 15 1081 1617 1061 1618
4219 4 2 3 15 1081 1618 1061 1622
4220 4 2 3 15 1061 1618 1617 1622
4221 4 2 3 15 580 795 799 1605
4222 4 2 3 15 786 169 1607 1608
4223 4 2 3 15 580 795 1605 1608
4224 4 2 3 15 1122 578 961 1605
4225 4 2 3 15 245 1609 1605 1616
4226 4 2 3 15 169 1607 1608 1613
4227 4 2 3 15 171 1115 580 1605
4228 4 2 3 15 1617 1618 1606 1622
4229 4 2 3 15 578 799 961 1605
4230 4 2 3 15 1073 1055 1057 1609
4231 4 2 3 15 1096 1116 356 1615
4232 4 2 3 15 1073 964 1055 1609
4233 4 2 3 15 580 1115 170 1608
4234 4 2 3 15 1043 1607 1081 1618
4235 4 2 3 15 960 1605 245 1609
4236 4 2 3 15 964 1055 1609 1616
4237 4 2 3 15 1055 1057 1609 1616
4238 4 2 3 15 964 1609 245 1616
4239 4 2 3 15 1101 1043 1607 1613
4240 4 2 3 15 1101 1607 1043 1618
4241 4 2 3 15 1116 1605 1122 1615
4242 4 2 3 15 1097 1108 359 1618
4243 4 2 3 15 245 244 789 1605
4244 4 2 3 15 1607 1612 1608 1613
4245 4 2 3 15 1101 1613 1607 1618
4246 4 2 3 15 300 1122 961 1605
4247 4 2 3 15 1080 1612 1607 1613
4248 4 2 3 15 245 1605 789 1616
4249 4 2 3 15 580 799 578 1605
4250 4 2 3 15 960 244 245 1605
4251 4 2 3 15 169 1113 1607 1613
4252 4 2 3 15 1116 1115 171 1605
4253 4 2 3 15 169 1608 1114 1613
4254 4 2 3 15 580 578 171 1605
4255 4 2 3 15 95 96 1606 1617
4256 4 2 3 15 96 95 1606 1614
4257 4 2 3 15 1070 353 1121 1119
4258 4 2 3 15 1115 1605 1116 1610
4259 4 2 3 15 1114 1608 1115 1610
4260 4 2 3 15 173 786 169 1607
4261 4 2 3 15 786 803 801 1620
4262 4 2 3 15 1097 1113 1613 1618
4263 4 2 3 15 795 1605 1608 1616
4264 4 2 3 15 786 1607 803 1612
4265 4 2 3 15 1115 1116 1096 1610
4266 4 2 3 15 1606 1614 95 1617
4267 4 2 3 15 1114 1608 1610 1613
4268 4 2 3 15 786 1608 1607 1612
4269 4 2 3 15 1605 1609 1057 1616
4270 4 2 3 15 795 799 1605 1616
4271 4 2 3 15 1607 1613 1113 1618
4272 4 2 3 15 353 1070 1121 1609
4273 4 2 3 15 1097 359 1113 1618
4274 4 2 3 15 1080 1056 1607 1612
4275 4 2 3 15 1081 1607 1043 1613
4276 4 2 3 15 169 1114 1113 1613
4277 4 2 3 15 300 1118 1122 1605
4278 4 2 3 15 1096 356 1103 1615
4279 4 2 3 15 1116 1122 362 1615
4280 4 2 3 15 511 579 1606 1619
4281 4 2 3 15 964 245 1055 1616
4282 4 2 3 15 1080 1053 1056 1612
4283 4 2 3 15 96 1614 1606 1621
4284 4 2 3 15 1112 1611 1606 1622
4285 4 2 3 15 511 1606 579 1621
4286 4 2 3 15 964 960 245 1609
4287 4 2 3 15 1072 95 1614 1617
4288 4 2 3 15 1080 1607 1081 1613
4289 4 2 3 15 961 960 300 1605
4290 4 2 3 15 803 786 796 1607
4291 4 2 3 15 1119 1070 1077 1615
4292 4 2 3 15 799 244 961 1605
4293 4 2 3 15 1081 1607 1056 1617
4294 4 2 3 15 511 1606 96 1619
4295 4 2 3 15 786 1612 803 1620
4296 4 2 3 15 169 786 174 1608
4297 4 2 3 15 1114 170 1115 1608
4298 4 2 3 15 1120 362 1122 1615
4299 4 2 3 15 1080 1081 1043 1613
4300 4 2 3 15 1070 1092 1047 353
4301 4 2 3 15 511 5 579 1619
4302 4 2 3 15 300 1118 1605 1609
4303 4 2 3 15 353 1070 1094 1119
4304 4 2 3 15 1119 1077 1106 1099
4305 4 2 3 15 1092 1047 353 1609
4306 4 2 3 15 1104 1078 1610 1615
4307 4 2 3 15 1114 1610 1102 1613
4308 4 2 3 15 1112 351 1606 1611
4309 4 2 3 15 95 787 96 1617
4310 4 2 3 15 1112 1606 1618 1622
4311 4 2 3 15 803 1607 796 1612
4312 4 2 3 15 786 801 1608 1620
4313 4 2 3 15 1607 1612 1056 1617
4314 4 2 3 15 786 1608 1612 1620
4315 4 2 3 15 1112 1089 27 1606
4316 4 2 3 15 1053 1612 1608 1620
4317 4 2 3 15 580 174 795 1608
4318 4 2 3 15 789 244 799 1605
4319 4 2 3 15 578 30 1122 961
4320 4 2 3 15 799 580 175 795
4321 4 2 3 15 351 1089 1112 1606
4322 4 2 3 15 1611 1614 1606 1622
4323 4 2 3 15 1058 1610 1078 1615
4324 4 2 3 15 96 1606 511 1621
4325 4 2 3 15 1081 1056 1061 1617
4326 4 2 3 15 1057 1605 1058 1609
4327 4 2 3 15 1064 1081 1061 1622
4328 4 2 3 15 1605 1054 1610 1616
4329 4 2 3 15 1072 1060 95 1617
4330 4 2 3 15 580 170 174 1608
4331 4 2 3 15 1057 1058 1076 1609
4332 4 2 3 15 1612 1617 1607 1619
4333 4 2 3 15 960 961 244 1605
4334 4 2 3 15 27 1606 1089 1621
4335 4 2 3 15 1608 1610 1054 1616
4336 4 2 3 15 1077 1099 1119 1615
4337 4 2 3 15 351 1089 1606 1621
4338 4 2 3 15 796 786 173 1607
4339 4 2 3 15 170 1114 169 1608
4340 4 2 3 15 1072 1614 1060 1617
4341 4 2 3 15 1056 1081 1080 1607
4342 4 2 3 15 353 1047 1070 1609
4343 4 2 3 15 1118 1122 1605 1615
4344 4 2 3 15 1058 1609 1605 1615
4345 4 2 3 15 1103 362 1120 1615
4346 4 2 3 15 796 1607 173 1619
4347 4 2 3 15 1047 1073 959 1069
4348 4 2 3 15 1102 1114 357 1610
4349 4 2 3 15 169 174 170 1608
4350 4 2 3 15 796 1617 1612 1619
4351 4 2 3 15 1085 1111 1086 1611
4352 4 2 3 15 300 1605 960 1609
4353 4 2 3 15 1076 1609 1058 1615
4354 4 2 3 15 1069 1073 959 962
4355 4 2 3 15 1077 1106 352 1119
4356 4 2 3 15 796 1612 1607 1619
4357 4 2 3 15 1058 1605 1610 1615
4358 4 2 3 15 173 169 168 1607
4359 4 2 3 15 1060 800 95 1617
4360 4 2 3 15 789 1605 799 1616
4361 4 2 3 15 27 579 1606 1621
4362 4 2 3 15 96 509 1614 1621
4363 4 2 3 15 1079 1054 1608 1610
4364 4 2 3 15 1057 1054 1605 1616
4365 4 2 3 15 173 1607 168 1619
4366 4 2 3 15 1092 959 1047 1609
4367 4 2 3 15 351 27 1112 1089
4368 4 2 3 15 175 578 580 799
4369 4 2 3 15 96 509 95 1614
4370 4 2 3 15 1092 1070 1094 353
4371 4 2 3 15 1070 1077 352 1119
4372 4 2 3 15 1058 1605 1054 1610
4373 4 2 3 15 356 1096 1115 1116
4374 4 2 3 15 1070 352 1094 1119
4375 4 2 3 15 351 1606 1611 1621
4376 4 2 3 15 1070 1049 1077 1615
4377 4 2 3 15 1112 361 1611 1622
4378 4 2 3 15 959 1092 1047 298
4379 4 2 3 15 1104 1610 1096 1615
4380 4 2 3 15 1092 353 1121 1609
4381 4 2 3 15 1055 245 790 1616
4382 4 2 3 15 1608 1616 1053 1620
4383 4 2 3 15 961 578 31 799
4384 4 2 3 15 1054 1058 1057 1605
4385 4 2 3 15 1105 1610 1042 1613
4386 4 2 3 15 793 1050 1051 1612
4387 4 2 3 15 1065 1105 1042 1613
4388 4 2 3 15 1079 1608 1053 1613
4389 4 2 3 15 1067 1614 1611 1622
4390 4 2 3 15 1121 61 1092 1609
4391 4 2 3 15 1070 1609 1076 1615
4392 4 2 3 15 1067 1606 1614 1622
4393 4 2 3 15 1067 1060 1614 1617
4394 4 2 3 15 793 794 1050 1612
4395 4 2 3 15 1605 1610 1608 1616
4396 4 2 3 15 1114 1115 357 1610
4397 4 2 3 15 512 1072 95 1614
4398 4 2 3 15 1073 1047 959 1609
4399 4 2 3 15 61 959 1092 1609
4400 4 2 3 15 1090 1091 348 1621
4401 4 2 3 15 1045 1051 793 1050
4402 4 2 3 15 1089 1611 1091 1621
4403 4 2 3 15 1054 1053 1608 1616
4404 4 2 3 15 351 1091 1089 1611
4405 4 2 3 15 1073 964 959 962
4406 4 2 3 15 1079 1610 1608 1613
4407 4 2 3 15 794 1045 793 1050
4408 4 2 3 15 1109 1618 1101 1622
4409 4 2 3 15 169 1113 168 1607
4410 4 2 3 15 1112 361 351 1611
4411 4 2 3 15 1109 1101 1064 1622
4412 4 2 3 15 1118 1120 1122 1615
4413 4 2 3 15 1118 1605 1609 1615
4414 4 2 3 15 1101 1107 1043 1613
4415 4 2 3 15 1113 1117 1607 1618
4416 4 2 3 15 786 795 174 1608
4417 4 2 3 15 1045 793 1051 1620
4418 4 2 3 15 1046 791 800 1617
4419 4 2 3 15 1067 1048 1611 1614
4420 4 2 3 15 1097 1113 358 1613
4421 4 2 3 15 795 1608 801 1620
4422 4 2 3 15 1069 959 1047 298
4423 4 2 3 15 1111 1075 1086 1611
4424 4 2 3 15 1072 800 95 1060
4425 4 2 3 15 358 1114 1102 1613
4426 4 2 3 15 1053 1079 1054 1608
4427 4 2 3 15 1112 1618 361 1622
4428 4 2 3 15 1059 1612 797 1617
4429 4 2 3 15 796 798 787 1619
4430 4 2 3 15 1059 1050 797 1612
4431 4 2 3 15 1113 359 1117 1618
4432 4 2 3 15 793 1612 1051 1620
4433 4 2 3 15 1077 1049 1099 1615
4434 4 2 3 15 793 788 1045 794
4435 4 2 3 15 1080 1079 1053 1613
4436 4 2 3 15 1084 1090 348 1621
4437 4 2 3 15 789 790 245 1616
4438 4 2 3 15 797 1059 791 1050
4439 4 2 3 15 1086 1082 1085 1611
4440 4 2 3 15 353 61 1092 1121
4441 4 2 3 15 1111 1085 1110 1611
4442 4 2 3 15 801 795 786 1608
4443 4 2 3 15 791 1059 1046 1050
4444 4 2 3 15 351 1611 1089 1621
4445 4 2 3 15 1067 1614 1606 1617
4446 4 2 3 15 1073 959 964 1609
4447 4 2 3 15 1047 1076 1070 1609
4448 4 2 3 15 796 787 1617 1619
4449 4 2 3 15 168 1607 1117 1619
4450 4 2 3 15 1062 792 1052 1616
4451 4 2 3 15 1046 1060 1059 1617
4452 4 2 3 15 1607 1618 1117 1619
4453 4 2 3 15 795 789 799 1616
4454 4 2 3 15 358 1113 1114 1613
4455 4 2 3 15 1084 348 1611 1621
4456 4 2 3 15 169 173 174 786
4457 4 2 3 15 795 1616 1608 1620
4458 4 2 3 15 1053 1051 1612 1620
4459 4 2 3 15 1073 1041 1055 964
4460 4 2 3 15 168 1113 1117 1607
4461 4 2 3 15 1048 1087 1611 1614
4462 4 2 3 15 1087 1084 1611 1614
4463 4 2 3 15 1065 1107 1105 1613
4464 4 2 3 15 1088 351 1095 1611
4465 4 2 3 15 1104 1096 1103 1615
4466 4 2 3 15 1096 357 1115 1610
4467 4 2 3 15 797 1050 794 1612
4468 4 2 3 15 795 801 792 1620
4469 4 2 3 15 1112 1618 1606 1619
4470 4 2 3 15 1045 788 793 1620
4471 4 2 3 15 1045 802 788 1620
4472 4 2 3 15 1062 790 792 1616
4473 4 2 3 15 1068 1067 1611 1622
4474 4 2 3 15 353 1094 352 1119
4475 4 2 3 15 1105 1078 1042 1610
4476 4 2 3 15 1043 1107 1065 1613
4477 4 2 3 15 1086 1075 1082 1611
4478 4 2 3 15 797 800 791 1617
4479 4 2 3 15 1053 1051 1056 1612
4480 4 2 3 15 1106 354 1119 1099
4481 4 2 3 15 1084 1611 1614 1621
4482 4 2 3 15 1072 1067 1060 1614
4483 4 2 3 15 1048 1068 1067 1611
4484 4 2 3 15 792 1052 1616 1620
4485 4 2 3 15 964 246 1055 245
4486 4 2 3 15 1052 1053 1616 1620
4487 4 2 3 15 299 1118 300 1609
4488 4 2 3 15 1052 802 1045 1620
4489 4 2 3 15 1091 1611 348 1621
4490 4 2 3 15 1105 1104 1078 1610
4491 4 2 3 15 796 797 1612 1617
4492 4 2 3 15 1082 1087 1084 1611
4493 4 2 3 15 791 794 797 1050
4494 4 2 3 15 1095 1611 361 1622
4495 4 2 3 15 1052 792 802 1620
4496 4 2 3 15 1049 1058 1078 1615
4497 4 2 3 15 1108 1117 359 1618
4498 4 2 3 15 27 1089 12 1621
4499 4 2 3 15 1097 1107 1101 1613
4500 4 2 3 15 1062 1052 792 802
4501 4 2 3 15 1070 1076 1049 1615
4502 4 2 3 15 1102 1610 1105 1613
4503 4 2 3 15 1109 1098 1101 1618
4504 4 2 3 15 512 1083 1063 1614
4505 4 2 3 15 792 788 802 1620
4506 4 2 3 15 1098 1618 1109 1622
4507 4 2 3 15 1046 800 1060 1617
4508 4 2 3 15 298 1069 959 962
4509 4 2 3 15 1049 1078 1104 1615
4510 4 2 3 15 1048 1082 1075 1611
4511 4 2 3 15 1079 1058 1054 1610
4512 4 2 3 15 1096 1102 357 1610
4513 4 2 3 15 959 61 1092 298
4514 4 2 3 15 1054 1052 1053 1616
4515 4 2 3 15 1043 1065 1080 1613
4516 4 2 3 15 1041 246 1055 964
4517 4 2 3 15 801 803 793 1620
4518 4 2 3 15 795 792 1616 1620
4519 4 2 3 15 348 1082 1084 1611
4520 4 2 3 15 246 790 1055 245
4521 4 2 3 15 1082 1048 1087 1611
4522 4 2 3 15 796 787 797 1617
4523 4 2 3 15 1065 1079 1080 1613
4524 4 2 3 15 1049 1076 1058 1615
4525 4 2 3 15 1097 358 1102 1613
4526 4 2 3 15 1100 1611 1095 1622
4527 4 2 3 15 1055 790 1062 1616
4528 4 2 3 15 1059 1051 1050 1612
4529 4 2 3 15 800 787 95 1617
4530 4 2 3 15 1102 1105 1107 1613
4531 4 2 3 15 792 1062 802 790
4532 4 2 3 15 361 1618 1098 1622
4533 4 2 3 15 299 300 960 1609
4534 4 2 3 15 1118 1609 1121 1615
4535 4 2 3 15 803 1612 793 1620
4536 4 2 3 15 1063 1072 512 1614
4537 4 2 3 15 1091 351 1088 1611
4538 4 2 3 15 1067 1064 1061 1622
4539 4 2 3 15 1095 351 361 1611
4540 4 2 3 15 1115 170 171 580
4541 4 2 3 15 1042 1078 1058 1610
4542 4 2 3 15 793 797 794 1612
4543 4 2 3 15 1106 354 352 1119
4544 4 2 3 15 5 12 511 579
4545 4 2 3 15 337 1070 1094 1092
4546 4 2 3 15 1083 112 512 1063
4547 4 2 3 15 30 300 1122 961
4548 4 2 3 15 1064 1109 341 1101
4549 4 2 3 15 61 1121 299 1609
4550 4 2 3 15 797 803 796 1612
4551 4 2 3 15 1055 1066 246 1041
4552 4 2 3 15 1117 1618 1112 1619
4553 4 2 3 15 964 1041 246 963
4554 4 2 3 15 1045 1052 1062 802
4555 4 2 3 15 1119 1118 1121 1615
4556 4 2 3 15 1052 1055 1062 1616
4557 4 2 3 15 29 30 1122 578
4558 4 2 3 15 1057 1076 1073 1609
4559 4 2 3 15 1090 1084 9 1621
4560 4 2 3 15 1066 790 1055 246
4561 4 2 3 15 512 95 509 1614
4562 4 2 3 15 358 1102 1114 357
4563 4 2 3 15 1043 1064 341 1101
4564 4 2 3 15 964 1073 1041 962
4565 4 2 3 15 1041 964 962 963
4566 4 2 3 15 342 1043 1101 1107
4567 4 2 3 15 1049 1104 1099 1615
4568 4 2 3 15 358 1097 359 1113
4569 4 2 3 15 1071 512 112 1063
4570 4 2 3 15 1095 1088 75 351
4571 4 2 3 15 167 1117 1112 1619
4572 4 2 3 15 1103 77 1120 362
4573 4 2 3 15 1082 1075 1086 333
4574 4 2 3 15 61 299 959 1609
4575 4 2 3 15 1108 1101 1098 1618
4576 4 2 3 15 580 174 175 795
4577 4 2 3 15 94 95 512 1072
4578 4 2 3 15 1063 1071 512 1072
4579 4 2 3 15 1111 1100 1075 1611
4580 4 2 3 15 173 172 796 1619
4581 4 2 3 15 1069 1041 1073 962
4582 4 2 3 15 1073 1076 1047 1609
4583 4 2 3 15 1058 1079 1042 1610
4584 4 2 3 15 1091 349 348 1611
4585 4 2 3 15 1048 1075 1068 1611
4586 4 2 3 15 1084 1614 509 1621
4587 4 2 3 15 1107 342 1043 1065
4588 4 2 3 15 795 792 789 1616
4589 4 2 3 15 1065 1107 343 1105
4590 4 2 3 15 1096 357 356 1115
4591 4 2 3 15 1100 1095 361 1622
4592 4 2 3 15 1048 1063 1087 1614
4593 4 2 3 15 1105 1078 344 1042
4594 4 2 3 15 1105 1096 1104 1610
4595 4 2 3 15 1072 1074 800 1060
4596 4 2 3 15 333 1082 1075 1048
4597 4 2 3 15 797 787 800 1617
4598 4 2 3 15 173 168 172 1619
4599 4 2 3 15 1087 1063 1083 1614
4600 4 2 3 15 1105 343 1065 1042
4601 4 2 3 15 95 94 800 1072
4602 4 2 3 15 1104 1078 344 1105
4603 4 2 3 15 1092 337 1070 1047
4604 4 2 3 15 1606 1614 1611 1621
4605 4 2 3 15 1120 1119 355 1615
4606 4 2 3 15 1102 1096 1105 1610
4607 4 2 3 15 1083 335 112 1063
4608 4 2 3 15 1084 509 9 1621
4609 4 2 3 15 1057 1055 1054 1616
4610 4 2 3 15 1092 336 1047 298
4611 4 2 3 15 1119 1099 355 1615
4612 4 2 3 15 360 1117 1108 1618
4613 4 2 3 15 1071 510 512 1072
4614 4 2 3 15 355 1103 1120 1615
4615 4 2 3 15 121 1090 509 1621
4616 4 2 3 15 1088 1095 1110 1611
4617 4 2 3 15 1118 1119 1120 1615
4618 4 2 3 15 578 31 30 961
4619 4 2 3 15 1063 1067 1072 1614
4620 4 2 3 15 792 790 789 1616
4621 4 2 3 15 335 1071 112 1063
4622 4 2 3 15 9 121 1090 509
4623 4 2 3 15 1067 1061 1060 1617
4624 4 2 3 15 1083 512 111 1614
4625 4 2 3 15 1044 510 1071 1072
4626 4 2 3 15 1118 299 1121 1609
4627 4 2 3 15 1106 352 1093 1077
4628 4 2 3 15 94 510 1044 1072
4629 4 2 3 15 362 1116 29 1122
4630 4 2 3 15 1078 345 1049 1104
4631 4 2 3 15 964 959 960 1609
4632 4 2 3 15 348 349 1082 1611
4633 4 2 3 15 1077 346 1106 1099
4634 4 2 3 15 1048 333 1082 1087
4635 4 2 3 15 1100 361 1098 1622
4636 4 2 3 15 1082 349 1085 1611
4637 4 2 3 15 1069 1047 336 298
4638 4 2 3 15 1103 1099 1104 1615
4639 4 2 3 15 1068 1075 1100 1611
4640 4 2 3 15 77 1103 356 362
4641 4 2 3 15 1056 1051 1059 1612
4642 4 2 3 15 345 1099 1049 1104
4643 4 2 3 15 111 509 1084 1614
4644 4 2 3 15 361 1112 360 1618
4645 4 2 3 15 1048 334 1087 1063
4646 4 2 3 15 355 1119 354 1099
4647 4 2 3 15 168 1117 167 1619
4648 4 2 3 15 1090 9 509 1621
4649 4 2 3 15 1084 1087 1083 1614
4650 4 2 3 15 360 359 1108 1117
4651 4 2 3 15 1097 1102 1107 1613
4652 4 2 3 15 1090 1089 1091 1621
4653 4 2 3 15 1088 349 1091 1611
4654 4 2 3 15 1110 1100 1111 1611
4655 4 2 3 15 1045 1051 1052 1620
4656 4 2 3 15 1067 1063 1048 1614
4657 4 2 3 15 1055 1062 790 1066
4658 4 2 3 15 788 792 793 1620
4659 4 2 3 15 1074 800 94 1072
4660 4 2 3 15 1098 361 360 1618
4661 4 2 3 15 1083 1087 334 1063
4662 4 2 3 15 510 94 512 1072
4663 4 2 3 15 355 1099 1103 1615
4664 4 2 3 15 1094 338 1077 1070
4665 4 2 3 15 1067 1068 1064 1622
4666 4 2 3 15 1051 1053 1052 1620
4667 4 2 3 15 509 96 511 1621
4668 4 2 3 15 797 793 803 1612
4669 4 2 3 15 1060 1061 1059 1617
4670 4 2 3 15 1077 352 1094 1070
4671 4 2 3 15 512 112 510 1071
4672 4 2 3 15 1074 1046 800 1060
4673 4 2 3 15 1052 1054 1055 1616
4674 4 2 3 15 512 509 111 1614
4675 4 2 3 15 1083 111 1084 1614
4676 4 2 3 15 1075 1111 339 1100
4677 4 2 3 15 960 959 299 1609
4678 4 2 3 15 361 1095 75 351
4679 4 2 3 15 346 1077 1049 1099
4680 4 2 3 15 799 31 961 244
4681 4 2 3 15 1100 1068 1611 1622
4682 4 2 3 15 1117 360 1112 1618
4683 4 2 3 15 1109 1064 340 1622
4684 4 2 3 15 1094 338 352 1077
4685 4 2 3 15 167 172 168 1619
4686 4 2 3 15 1084 111 9 509
4687 4 2 3 15 338 1093 352 1077
4688 4 2 3 15 578 175 31 799
4689 4 2 3 15 172 798 796 1619
4690 4 2 3 15 1095 1100 1110 1611
4691 4 2 3 15 1110 1088 350 1095
4692 4 2 3 15 347 1111 1086 1085
4693 4 2 3 15 794 241 1045 1050
4694 4 2 3 15 801 793 792 1620
4695 4 2 3 15 350 1088 1110 349
4696 4 2 3 15 1103 77 355 1120
4697 4 2 3 15 1098 360 1108 1618
4698 4 2 3 15 241 1045 788 794
4699 4 2 3 15 1068 1075 339 1100
4700 4 2 3 15 1068 340 1064 1622
4701 4 2 3 15 167 579 172 1619
4702 4 2 3 15 1109 340 1100 1622
4703 4 2 3 15 341 1043 1101 342
4704 4 2 3 15 1046 791 243 1074
4705 4 2 3 15 791 1046 800 1074
4706 4 2 3 15 1093 338 73 1077
4707 4 2 3 15 121 1089 1090 1621
4708 4 2 3 15 9 1084 1090 348
4709 4 2 3 15 1066 43 239 246
4710 4 2 3 15 1100 340 1068 1622
4711 4 2 3 15 239 790 1062 1066
4712 4 2 3 15 333 1048 334 1087
4713 4 2 3 15 1066 239 790 246
4714 4 2 3 15 334 335 1083 1063
4715 4 2 3 15 343 342 1107 1065
4716 4 2 3 15 337 1092 336 1047
4717 4 2 3 15 1085 347 1111 1110
4718 4 2 3 15 1100 1098 1109 1622
4719 4 2 3 15 800 243 791 1074
4720 4 2 3 15 1064 1109 340 341
4721 4 2 3 15 512 111 112 1083
4722 4 2 3 15 1099 1049 346 345
4723 4 2 3 15 1105 344 343 1042
4724 4 2 3 15 72 1086 1111 1075
4725 4 2 3 15 1046 791 1050 242
4726 4 2 3 15 1044 1074 94 1072
4727 4 2 3 15 1106 1093 73 1077
4728 4 2 3 15 511 121 509 1621
4729 4 2 3 15 94 243 800 1074
4730 4 2 3 15 72 1086 1075 333
4731 4 2 3 15 802 1062 1045 240
4732 4 2 3 15 1094 338 1070 337
4733 4 2 3 15 510 110 94 1044
4734 4 2 3 15 352 1093 76 1106
4735 4 2 3 15 1050 791 794 242
4736 4 2 3 15 1069 336 57 298
4737 4 2 3 15 57 1069 298 962
4738 4 2 3 15 94 4 1074 1044
4739 4 2 3 15 1041 1069 286 962
4740 4 2 3 15 788 1045 241 240
4741 4 2 3 15 794 241 1050 242
4742 4 2 3 15 1062 802 790 239
4743 4 2 3 15 346 1106 73 1077
4744 4 2 3 15 339 72 1111 1075
4745 4 2 3 15 962 286 1041 963
4746 4 2 3 15 1069 57 286 962
4747 4 2 3 15 1078 344 345 1104
4748 4 2 3 15 243 94 4 1074
4749 4 2 3 15 1045 788 802 240
4750 4 2 3 15 354 352 76 1106
4751 4 2 3 15 242 1046 791 243
4752 4 2 3 15 1041 285 246 963
4753 4 2 3 15 339 1068 1100 340
4754 4 2 3 15 1071 112 8 335
4755 4 2 3 15 246 1066 43 285
4756 4 2 3 15 285 246 1066 1041
4757 4 2 3 15 240 802 1062 239
4758 4 2 3 15 4 94 110 1044
4759 4 2 3 15 510 112 8 1071
4760 4 2 3 15 1111 1086 72 347
4761 4 2 3 15 1044 510 110 1071
4762 4 2 3 15 1093 73 76 1106
4763 4 2 3 15 74 347 1085 1110
4764 4 2 3 15 286 285 1041 963
4765 4 2 3 15 8 110 510 1071
4766 4 2 3 15 350 1088 75 1095
4767 4 2 3 15 29 171 1122 1116
4768 4 2 3 15 29 1122 171 578
4769 4 2 3 15 1605 1122 171 1116
4770 4 2 3 15 1605 171 1122 578
4771 4 2 3 15 1097 1618 1101 1108
4772 4 2 3 15 1101 1618 1097 1613
4773 4 2 3 15 1617 1618 1619 1606
4774 4 2 3 15 1619 1618 1617 1607
4775 4 2 3 15 1617 1622 1067 1061
4776 4 2 3 15 1067 1622 1617 1606
4777 4 2 3 15 1615 356 362 1116
4778 4 2 3 15 1615 362 356 1103
4779 4 2 3 15 1121 1615 1070 1119
4780 4 2 3 15 1070 1615 1121 1609
4781 4 2 3 15 96 5 1619 798
4782 4 2 3 15 96 1619 5 511
4783 4 2 3 15 1101 1622 1043 1064
4784 4 2 3 15 1101 1043 1622 1618
4785 4 2 3 15 1081 1043 1622 1064
4786 4 2 3 15 1081 1622 1043 1618
4787 4 2 3 15 1053 1613 1612 1080
4788 4 2 3 15 1612 1613 1053 1608
4789 4 2 3 15 1619 96 1617 1606
4790 4 2 3 15 1042 1613 1079 1065
4791 4 2 3 15 1079 1613 1042 1610
4792 4 2 3 15 1059 791 1617 797
4793 4 2 3 15 1617 791 1059 1046
4794 4 2 3 15 1619 5 172 798
4795 4 2 3 15 1619 172 5 579
4796 4 2 3 15 1619 787 96 798
4797 4 2 3 15 1619 96 787 1617
4798 4 2 3 15 12 1621 121 511
4799 4 2 3 15 121 1621 12 1089
4800 4 2 3 15 1617 1056 1059 1612
4801 4 2 3 15 1617 1059 1056 1061
4802 4 2 3 15 1621 12 579 511
4803 4 2 3 15 1621 579 12 27
4804 4 2 3 15 1110 349 1611 1085
4805 4 2 3 15 1611 349 1110 1088
4806 4 2 3 15 27 167 1606 579
4807 4 2 3 15 27 1606 167 1112
4808 4 2 3 15 1619 1606 167 579
4809 4 2 3 15 1619 167 1606 1112
4810 4 2 3 15 349 1110 74 1085
4811 4 2 3 15 349 74 1110 350
4812 4 2 3 23 1128 1124 1130 1123
4813 4 2 3 23 1123 1130 1128 1129
4814 4 2 3 23 1128 1124 1138 1130
4815 4 2 3 23 1133 1127 1092 965
4816 4 2 3 23 1133 1139 1127 965
4817 4 2 3 23 1133 1127 1126 1092
4818 4 2 3 23 1092 1126 1133 353
4819 4 2 3 23 1127 1139 1133 1126
4820 4 2 3 23 365 1130 1124 1123
4821 4 2 3 23 1130 1133 1139 1126
4822 4 2 3 23 1092 1094 1126 353
4823 4 2 3 23 1134 1131 1133 1130
4824 4 2 3 23 1092 61 1133 965
4825 4 2 3 23 1139 1131 1133 1134
4826 4 2 3 23 1124 1138 1130 365
4827 4 2 3 23 1138 1128 1130 1126
4828 4 2 3 23 1133 301 1136 1139
4829 4 2 3 23 1129 1123 1130 352
4830 4 2 3 23 1134 1133 1139 1130
4831 4 2 3 23 1129 1130 1128 1126
4832 4 2 3 23 1131 1133 1136 1139
4833 4 2 3 23 1126 1130 1133 353
4834 4 2 3 23 1130 1138 1132 365
4835 4 2 3 23 1139 1133 301 965
4836 4 2 3 23 1135 1127 1139 965
4837 4 2 3 23 1137 1138 1132 1134
4838 4 2 3 23 1132 1138 1137 365
4839 4 2 3 23 1130 1126 1094 353
4840 4 2 3 23 1130 1134 1138 1126
4841 4 2 3 23 298 1092 1127 965
4842 4 2 3 23 1123 1129 1093 352
4843 4 2 3 23 1134 1138 1132 1130
4844 4 2 3 23 1139 1134 1130 1126
4845 4 2 3 23 1139 301 1136 965
4846 4 2 3 23 1125 1127 1135 965
4847 4 2 3 23 366 1128 1138 1126
4848 4 2 3 23 1135 1139 1136 965
4849 4 2 3 23 1134 366 1138 1126
4850 4 2 3 23 1139 367 1127 1135
4851 4 2 3 23 61 1092 298 965
4852 4 2 3 23 336 1092 1127 298
4853 4 2 3 23 1136 301 1133 1131
4854 4 2 3 23 1126 1129 1130 352
4855 4 2 3 23 1125 1127 367 1135
4856 4 2 3 23 1129 1094 338 352
4857 4 2 3 23 1134 1139 366 1126
4858 4 2 3 23 1125 298 1127 965
4859 4 2 3 23 368 966 1125 1135
4860 4 2 3 23 1123 365 1130 352
4861 4 2 3 23 1094 1126 1129 338
4862 4 2 3 23 1093 1129 338 352
4863 4 2 3 23 1094 1126 1130 352
4864 4 2 3 23 1135 368 966 291
4865 4 2 3 23 1129 1126 1094 352
4866 4 2 3 23 1127 336 298 1125
4867 4 2 3 23 1127 367 1139 1126
4868 4 2 3 23 1093 76 1123 352
4869 4 2 3 23 965 1135 966 291
4870 4 2 3 23 1135 966 1125 965
4871 4 2 3 23 1133 61 301 965
4872 4 2 3 23 1136 1131 1139 1134
4873 4 2 3 23 1123 76 365 352
4874 4 2 3 23 1128 1124 1123 363
4875 4 2 3 23 1136 1135 965 290
4876 4 2 3 23 366 1139 367 1126
4877 4 2 3 23 363 1123 1128 1129
4878 4 2 3 23 368 1125 367 1135
4879 4 2 3 23 289 966 368 291
4880 4 2 3 23 1092 1133 61 353
4881 4 2 3 23 966 1125 289 368
4882 4 2 3 23 301 1136 369 1131
4883 4 2 3 23 298 1125 966 965
4884 4 2 3 23 79 1132 1137 365
4885 4 2 3 23 1128 78 366 1138
4886 4 2 3 23 369 59 1136 301
4887 4 2 3 23 1137 364 79 365
4888 4 2 3 23 1132 1131 1134 1130
4889 4 2 3 23 965 301 1136 290
4890 4 2 3 23 338 73 1129 1093
4891 4 2 3 23 301 59 1136 290
4892 4 2 3 23 368 58 289 291
4893 4 2 3 23 291 965 1135 290
4894 4 2 3 23 1129 73 1123 1093
4895 4 2 3 23 78 1128 1124 1138
4896 4 2 3 23 1131 1136 369 1134
4897 4 2 3 23 1127 337 1092 336
4898 4 2 3 23 338 1094 1126 337
4899 4 2 3 23 363 73 1123 1129
4900 4 2 3 23 1131 370 1132 1134
4901 4 2 3 23 1124 1128 78 363
4902 4 2 3 23 298 336 57 966
4903 4 2 3 23 1130 1094 352 353
4904 4 2 3 23 1138 1124 78 364
4905 4 2 3 23 369 370 1131 1134
4906 4 2 3 23 336 298 1125 966
4907 4 2 3 23 1125 57 336 966
4908 4 2 3 23 1137 1132 370 1134
4909 4 2 3 23 79 1132 370 1137
4910 4 2 3 23 73 76 1123 1093
4911 4 2 3 23 1125 289 57 966
4912 4 2 3 23 1138 365 364 1137
4913 4 2 3 23 364 365 1138 1124
4914 4 2 3 23 1126 1092 337 1094
4915 4 2 3 23 337 1092 1126 1127
4916 4 2 1 25 620 1142 22 1140
4917 4 2 1 25 1142 620 1141 1140
4918 4 2 1 25 1141 620 152 1140
4919 4 2 1 25 1142 22 36 620
4920 4 2 1 25 22 1142 374 1140
4921 4 2 1 25 1141 374 1142 1140
4922 4 2 1 25 620 152 162 1141
4923 4 2 1 25 375 1142 195 620
4924 4 2 1 25 152 23 1141 373
4925 4 2 1 25 36 22 1142 374
4926 4 2 1 25 162 152 23 1141
4927 4 2 1 25 620 375 1142 1141
4928 4 2 1 25 620 22 152 1140
4929 4 2 1 25 373 1141 152 1140
4930 4 2 1 25 375 374 1141 376
4931 4 2 1 25 162 26 195 375
4932 4 2 1 25 162 375 620 1141
4933 4 2 1 25 375 195 162 620
4934 4 2 1 25 1142 375 374 1141
4935 4 2 1 25 373 371 1141 1140
4936 4 2 1 25 1141 372 371 373
4937 4 2 1 25 376 81 80 372
4938 4 2 1 25 376 80 374 371
4939 4 2 1 25 372 376 1141 371
4940 4 2 1 25 374 1141 371 1140
4941 4 2 1 25 371 22 374 1140
4942 4 2 1 25 80 376 372 371
4943 4 2 1 25 374 1141 376 371
4944 4 2 1 25 36 195 1142 620
4945 4 2 4 28 384 377 1149 1155
4946 4 2 4 28 619 194 34 1155
4947 4 2 4 28 377 1149 82 384
4948 4 2 4 28 22 36 1143 374
4949 4 2 4 28 382 1143 1150 374
4950 4 2 4 28 1150 1143 36 374
4951 4 2 4 28 22 36 146 1143
4952 4 2 4 28 374 80 382 371
4953 4 2 4 28 1143 36 146 1150
4954 4 2 4 28 147 190 1151 1148
4955 4 2 4 28 192 148 191 1152
4956 4 2 4 28 149 192 193 1153
4957 4 2 4 28 148 191 1152 1151
4958 4 2 4 28 1144 148 1152 1151
4959 4 2 4 28 1144 147 148 1151
4960 4 2 4 28 150 193 194 1154
4961 4 2 4 28 191 147 190 1151
4962 4 2 4 28 380 1152 1146 379
4963 4 2 4 28 382 1143 374 371
4964 4 2 4 28 149 192 1153 1152
4965 4 2 4 28 1148 190 1151 1150
4966 4 2 4 28 1153 378 1145 379
4967 4 2 4 28 191 148 147 1151
4968 4 2 4 28 82 1149 383 384
4969 4 2 4 28 190 147 146 1148
4970 4 2 4 28 1144 1151 380 381
4971 4 2 4 28 192 149 148 1152
4972 4 2 4 28 1146 148 149 1152
4973 4 2 4 28 1154 150 193 1153
4974 4 2 4 28 1154 378 1147 1145
4975 4 2 4 28 190 146 36 1150
4976 4 2 4 28 1148 1151 381 1150
4977 4 2 4 28 377 1154 378 1147
4978 4 2 4 28 1153 1146 149 1152
4979 4 2 4 28 619 21 151 1149
4980 4 2 4 28 1152 1153 1146 379
4981 4 2 4 28 1152 1144 1151 380
4982 4 2 4 28 1154 378 1145 1153
4983 4 2 4 28 150 149 193 1153
4984 4 2 4 28 381 382 1148 1150
4985 4 2 4 28 1147 150 1154 1145
4986 4 2 4 28 382 1143 1148 1150
4987 4 2 4 28 151 150 194 1154
4988 4 2 4 28 1153 1145 1146 379
4989 4 2 4 28 146 190 1148 1150
4990 4 2 4 28 1145 1146 149 1153
4991 4 2 4 28 150 1154 1145 1153
4992 4 2 4 28 149 150 1145 1153
4993 4 2 4 28 1149 619 21 384
4994 4 2 4 28 1144 1152 1146 380
4995 4 2 4 28 1152 1146 148 1144
4996 4 2 4 28 151 150 1154 1147
4997 4 2 4 28 384 1149 619 1155
4998 4 2 4 28 374 1143 22 371
4999 4 2 4 28 1149 151 1155 1147
5000 4 2 4 28 1144 1151 381 1148
5001 4 2 4 28 619 34 21 384
5002 4 2 4 28 384 619 34 1155
5003 4 2 4 28 1155 151 194 1154
5004 4 2 4 28 151 194 619 1155
5005 4 2 4 28 383 1149 21 384
5006 4 2 4 28 1154 1155 151 1147
5007 4 2 4 28 1151 1144 147 1148
5008 4 2 4 28 1149 151 619 1155
5009 4 2 4 28 1148 1143 146 1150
5010 4 2 4 28 1147 1155 377 1154
5011 4 2 4 28 1147 377 1155 1149
5012 4 2 1 33 145 617 1157 1159
5013 4 2 1 33 1169 1157 617 1159
5014 4 2 1 33 617 145 616 1159
5015 4 2 1 33 1160 1169 1157 1165
5016 4 2 1 33 617 616 1169 1159
5017 4 2 1 33 1161 1157 1169 1165
5018 4 2 1 33 999 617 189 1169
5019 4 2 1 33 1169 1157 1159 1160
5020 4 2 1 33 1161 1164 1162 1169
5021 4 2 1 33 189 617 1167 1169
5022 4 2 1 33 1164 1001 1175 1169
5023 4 2 1 33 1000 999 189 1169
5024 4 2 1 33 1169 1162 1161 1165
5025 4 2 1 33 617 616 1167 1169
5026 4 2 1 33 617 1167 616 189
5027 4 2 1 33 1001 999 1000 1169
5028 4 2 1 33 1169 616 1171 1159
5029 4 2 1 33 1160 1168 1169 1165
5030 4 2 1 33 1159 1166 1169 1160
5031 4 2 1 33 189 1167 1000 1169
5032 4 2 1 33 1175 1162 1164 1169
5033 4 2 1 33 1001 1170 319 1175
5034 4 2 1 33 1001 1170 1175 1169
5035 4 2 1 33 1164 392 1162 1175
5036 4 2 1 33 319 1000 1170 1001
5037 4 2 1 33 1157 387 1160 1165
5038 4 2 1 33 1000 1170 1001 1169
5039 4 2 1 33 387 1157 1161 1165
5040 4 2 1 33 999 55 33 1161
5041 4 2 1 33 1169 1166 1168 1160
5042 4 2 1 33 1172 1162 1169 1165
5043 4 2 1 33 1167 618 616 189
5044 4 2 1 33 55 56 33 1161
5045 4 2 1 33 616 1171 1167 1169
5046 4 2 1 33 1166 1169 1171 1159
5047 4 2 1 33 1164 1001 999 318
5048 4 2 1 33 1169 1168 1172 1165
5049 4 2 1 33 1164 999 1161 318
5050 4 2 1 33 1160 386 1168 1165
5051 4 2 1 33 1000 1167 1170 1169
5052 4 2 1 33 1170 393 319 1175
5053 4 2 1 33 618 1167 1000 189
5054 4 2 1 33 1175 1170 393 1169
5055 4 2 1 33 1168 386 1160 1158
5056 4 2 1 33 1163 1168 386 1165
5057 4 2 1 33 1164 1001 68 1175
5058 4 2 1 33 1159 1156 1166 1160
5059 4 2 1 33 1175 394 1162 1169
5060 4 2 1 33 392 1164 68 1175
5061 4 2 1 33 1000 188 618 189
5062 4 2 1 33 1169 394 1162 1172
5063 4 2 1 33 1168 386 1158 1174
5064 4 2 1 33 1168 1163 1172 1165
5065 4 2 1 33 1172 1163 1162 1165
5066 4 2 1 33 618 1167 188 1000
5067 4 2 1 33 1167 1173 188 1000
5068 4 2 1 33 1160 1156 1168 1158
5069 4 2 1 33 1159 21 1171 383
5070 4 2 1 33 394 391 1162 1172
5071 4 2 1 33 1168 1166 1156 1160
5072 4 2 1 33 1173 1167 1170 1000
5073 4 2 1 33 21 1171 616 1159
5074 4 2 1 33 616 145 21 1159
5075 4 2 1 33 1168 386 1174 1163
5076 4 2 1 33 56 387 1157 1161
5077 4 2 1 33 391 1162 392 1175
5078 4 2 1 33 320 188 1173 1000
5079 4 2 1 33 188 35 320 1173
5080 4 2 1 33 999 55 1161 318
5081 4 2 1 33 1171 1166 1159 383
5082 4 2 1 33 1001 319 68 1175
5083 4 2 1 33 617 20 145 1157
5084 4 2 1 33 1162 391 394 1175
5085 4 2 1 33 393 394 1175 1169
5086 4 2 1 33 389 1168 1156 1158
5087 4 2 1 33 188 1173 1167 618
5088 4 2 1 33 1170 320 1173 1000
5089 4 2 1 33 1158 389 1168 1174
5090 4 2 1 33 385 1174 386 1163
5091 4 2 1 33 386 1158 1174 385
5092 4 2 1 33 1163 1162 391 1172
5093 4 2 1 33 69 320 1170 1000
5094 4 2 1 33 617 33 999 189
5095 4 2 1 33 1163 84 390 1172
5096 4 2 1 33 387 386 1160 1165
5097 4 2 1 33 1168 1156 1166 389
5098 4 2 1 33 188 187 35 1173
5099 4 2 1 33 1166 1156 1159 383
5100 4 2 1 33 1174 385 390 1163
5101 4 2 1 33 1000 1170 69 319
5102 4 2 1 33 186 1167 618 616
5103 4 2 1 33 34 21 1171 616
5104 4 2 1 33 385 83 1174 390
5105 4 2 1 33 1170 393 69 319
5106 4 2 1 33 383 21 1171 384
5107 4 2 1 33 1171 186 34 616
5108 4 2 1 33 1156 82 1166 389
5109 4 2 1 33 1163 391 84 1172
5110 4 2 1 33 1158 388 389 1174
5111 4 2 1 33 1173 188 187 618
5112 4 2 1 33 1163 390 1174 1172
5113 4 2 1 33 1164 68 1001 318
5114 4 2 1 33 1167 186 1171 616
5115 4 2 1 33 1163 1174 1168 1172
5116 4 2 1 33 1167 1173 187 618
5117 4 2 1 33 1174 388 83 385
5118 4 2 1 33 1171 1166 383 384
5119 4 2 1 33 394 84 391 1172
5120 4 2 1 33 1167 187 186 618
5121 4 2 1 33 21 34 1171 384
5122 4 2 1 33 1156 1166 82 383
5123 4 2 1 33 383 1166 82 384
5124 4 2 1 33 1174 1158 388 385
5125 4 2 1 33 617 1161 1169 999
5126 4 2 1 33 1169 1161 617 1157
5127 4 2 1 33 1164 999 1169 1161
5128 4 2 1 33 1164 1169 999 1001
5129 4 2 1 33 617 33 1161 999
5130 4 2 1 33 56 1157 617 1161
5131 4 2 1 33 617 1157 56 20
5132 4 2 1 33 617 33 56 1161
5133 4 2 1 33 56 33 617 20
5134 4 2 2 38 165 1089 1178 575
5135 4 2 2 38 1089 121 1180 1179
5136 4 2 2 38 1089 1180 1178 1179
5137 4 2 2 38 123 1089 575 1179
5138 4 2 2 38 575 1089 1178 1179
5139 4 2 2 38 123 121 1089 1179
5140 4 2 2 38 1178 1176 165 574
5141 4 2 2 38 1180 121 113 1179
5142 4 2 2 38 1089 165 1178 351
5143 4 2 2 38 1181 1176 1178 574
5144 4 2 2 38 123 113 121 1179
5145 4 2 2 38 577 1178 165 574
5146 4 2 2 38 575 1178 165 577
5147 4 2 2 38 1178 351 1091 1089
5148 4 2 2 38 1091 1182 1088 1178
5149 4 2 2 38 577 1181 1178 574
5150 4 2 2 38 1179 1178 575 577
5151 4 2 2 38 1177 1088 1182 1178
5152 4 2 2 38 1180 1178 1091 1089
5153 4 2 2 38 1176 165 395 1178
5154 4 2 2 38 1180 1090 121 1089
5155 4 2 2 38 1179 575 123 576
5156 4 2 2 38 165 351 395 1178
5157 4 2 2 38 1177 395 351 1178
5158 4 2 2 38 12 123 1089 575
5159 4 2 2 38 123 121 12 1089
5160 4 2 2 38 1089 165 27 575
5161 4 2 2 38 576 1179 575 577
5162 4 2 2 38 1177 1176 395 1178
5163 4 2 2 38 1180 1091 1090 1089
5164 4 2 2 38 1176 397 1181 1178
5165 4 2 2 38 1181 1178 1179 577
5166 4 2 2 38 397 1176 1177 1178
5167 4 2 2 38 1091 1182 1178 1180
5168 4 2 2 38 165 27 351 1089
5169 4 2 2 38 1181 397 1176 574
5170 4 2 2 38 351 1088 75 1177
5171 4 2 2 38 1090 121 113 1180
5172 4 2 2 38 1179 123 113 576
5173 4 2 2 38 1176 28 165 574
5174 4 2 2 38 1177 1182 1088 396
5175 4 2 2 38 1090 113 9 1180
5176 4 2 2 38 1179 113 10 576
5177 4 2 2 38 113 9 121 1090
5178 4 2 2 38 396 1177 1182 1178
5179 4 2 2 38 397 1177 396 1178
5180 4 2 2 38 123 10 113 576
5181 4 2 2 38 1089 27 12 575
5182 4 2 2 38 164 166 397 574
5183 4 2 2 38 349 350 1088 396
5184 4 2 2 38 397 1181 164 574
5185 4 2 2 38 1088 1182 349 396
5186 4 2 2 38 395 28 165 1176
5187 4 2 2 38 164 166 24 397
5188 4 2 2 38 74 350 349 396
5189 4 2 2 38 163 1179 576 577
5190 4 2 2 38 395 351 75 1177
5191 4 2 2 38 1179 10 163 576
5192 4 2 2 38 1090 348 1091 1180
5193 4 2 2 38 1179 163 1181 577
5194 4 2 2 38 350 75 1088 1177
5195 4 2 2 38 348 1090 9 1180
5196 4 2 2 38 1176 397 166 574
5197 4 2 2 38 1088 350 1177 396
5198 4 2 2 38 1182 1091 348 1180
5199 4 2 2 38 163 164 1181 577
5200 4 2 2 38 164 1181 577 574
5201 4 2 2 38 1088 1182 1091 349
5202 4 2 2 38 348 1091 1182 349
5203 4 2 2 38 1176 166 28 574
5204 4 2 2 38 1178 1088 351 1177
5205 4 2 2 38 1178 351 1088 1091
5206 4 2 4 40 721 1117 1183 716
5207 4 2 4 40 165 27 1112 351
5208 4 2 4 40 1183 1117 1112 716
5209 4 2 4 40 27 165 1112 716
5210 4 2 4 40 165 1112 1189 351
5211 4 2 4 40 721 1117 1186 1183
5212 4 2 4 40 716 165 1112 1189
5213 4 2 4 40 167 1117 721 716
5214 4 2 4 40 1117 167 1112 716
5215 4 2 4 40 360 1186 1117 1183
5216 4 2 4 40 1112 360 1117 1183
5217 4 2 4 40 1117 1186 1113 721
5218 4 2 4 40 1186 717 1113 721
5219 4 2 4 40 720 1185 1115 1116
5220 4 2 4 40 717 1113 1184 1186
5221 4 2 4 40 359 1184 1113 1186
5222 4 2 4 40 200 721 1186 1183
5223 4 2 4 40 1184 717 1186 199
5224 4 2 4 40 201 165 716 1189
5225 4 2 4 40 718 1113 1184 717
5226 4 2 4 40 1113 718 1184 1114
5227 4 2 4 40 721 1186 717 199
5228 4 2 4 40 28 165 201 395
5229 4 2 4 40 1185 719 196 720
5230 4 2 4 40 29 720 1116 219
5231 4 2 4 40 200 721 1183 716
5232 4 2 4 40 1187 1114 358 1184
5233 4 2 4 40 1186 1113 359 1117
5234 4 2 4 40 716 1183 201 1189
5235 4 2 4 40 718 1114 1187 1184
5236 4 2 4 40 720 1115 171 1116
5237 4 2 4 40 1186 721 200 199
5238 4 2 4 40 1184 358 359 1113
5239 4 2 4 40 171 29 720 1116
5240 4 2 4 40 1115 1185 356 1116
5241 4 2 4 40 1187 1114 718 1115
5242 4 2 4 40 37 398 1188 219
5243 4 2 4 40 198 718 1187 1184
5244 4 2 4 40 1112 167 27 716
5245 4 2 4 40 1184 1114 358 1113
5246 4 2 4 40 1116 720 1188 219
5247 4 2 4 40 1115 718 1187 719
5248 4 2 4 40 1186 359 360 1117
5249 4 2 4 40 1112 1183 716 1189
5250 4 2 4 40 1189 201 165 395
5251 4 2 4 40 1117 1113 168 721
5252 4 2 4 40 720 1188 1185 1116
5253 4 2 4 40 196 1188 720 219
5254 4 2 4 40 1185 1115 719 720
5255 4 2 4 40 1187 358 1114 357
5256 4 2 4 40 1187 718 198 197
5257 4 2 4 40 717 1184 198 199
5258 4 2 4 40 198 718 1184 717
5259 4 2 4 40 1187 1185 719 197
5260 4 2 4 40 1185 719 197 196
5261 4 2 4 40 717 168 1113 721
5262 4 2 4 40 1114 1187 357 1115
5263 4 2 4 40 718 1187 719 197
5264 4 2 4 40 1185 357 1187 1115
5265 4 2 4 40 1187 1185 1115 719
5266 4 2 4 40 1188 1185 196 720
5267 4 2 4 40 362 29 1116 219
5268 4 2 4 40 356 357 1185 1115
5269 4 2 4 40 1112 361 360 1183
5270 4 2 4 40 168 167 1117 721
5271 4 2 4 40 1188 196 37 219
5272 4 2 4 40 1115 720 171 719
5273 4 2 4 40 362 1116 1188 219
5274 4 2 4 40 1113 718 169 717
5275 4 2 4 40 1114 718 169 1113
5276 4 2 4 40 1188 356 1185 1116
5277 4 2 4 40 1116 1188 356 362
5278 4 2 4 40 1188 77 356 362
5279 4 2 4 40 1183 201 200 716
5280 4 2 4 40 170 718 1114 1115
5281 4 2 4 40 170 718 1115 719
5282 4 2 4 40 351 1189 165 395
5283 4 2 4 40 1188 398 77 362
5284 4 2 4 40 75 1189 351 395
5285 4 2 4 40 1189 361 75 351
5286 4 2 4 40 1183 1112 361 1189
5287 4 2 4 40 1188 398 362 219
5288 4 2 4 40 1189 1112 361 351
5289 4 2 4 40 1115 171 170 719
5290 4 2 4 40 169 168 1113 717
5291 4 2 4 40 718 169 170 1114
5292 4 2 2 46 1003 1204 1004 1624
5293 4 2 2 46 1205 1131 1132 1623
5294 4 2 2 46 1198 1197 1625 1626
5295 4 2 2 46 1004 1204 1194 1624
5296 4 2 2 46 1623 1625 1197 1626
5297 4 2 2 46 1192 1199 1002 723
5298 4 2 2 46 1196 724 1192 1624
5299 4 2 2 46 1205 1132 1195 1623
5300 4 2 2 46 1204 1190 1624 1626
5301 4 2 2 46 1198 1190 1197 1626
5302 4 2 2 46 1199 1002 1194 1192
5303 4 2 2 46 1190 1194 1204 1624
5304 4 2 2 46 1131 973 1133 1623
5305 4 2 2 46 1192 723 1002 1624
5306 4 2 2 46 322 1004 1003 1204
5307 4 2 2 46 1205 370 1132 1131
5308 4 2 2 46 1192 724 723 1624
5309 4 2 2 46 1121 1133 973 1623
5310 4 2 2 46 1193 1191 1120 1623
5311 4 2 2 46 369 1205 1203 1626
5312 4 2 2 46 1198 1625 1624 1626
5313 4 2 2 46 1195 1200 1191 1623
5314 4 2 2 46 724 1624 1196 1625
5315 4 2 2 46 1202 1204 321 1626
5316 4 2 2 46 1624 1625 967 1626
5317 4 2 2 46 973 299 1121 1118
5318 4 2 2 46 1193 1197 1191 1623
5319 4 2 2 46 973 1118 1121 1623
5320 4 2 2 46 972 1005 725 1624
5321 4 2 2 46 1192 1002 1194 1624
5322 4 2 2 46 725 1005 1002 1624
5323 4 2 2 46 1198 1196 1192 1624
5324 4 2 2 46 1130 1200 1195 1623
5325 4 2 2 46 1130 1133 1121 1623
5326 4 2 2 46 967 726 971 1625
5327 4 2 2 46 1193 1623 1120 1625
5328 4 2 2 46 970 369 1203 1626
5329 4 2 2 46 1004 322 1194 1204
5330 4 2 2 46 370 1132 1195 1205
5331 4 2 2 46 1119 1120 1191 1623
5332 4 2 2 46 369 1131 1205 1623
5333 4 2 2 46 1201 1205 1190 1626
5334 4 2 2 46 1204 1201 1190 1626
5335 4 2 2 46 1002 1004 1194 1624
5336 4 2 2 46 1002 1003 1004 1624
5337 4 2 2 46 970 1131 369 1623
5338 4 2 2 46 1198 1624 1190 1626
5339 4 2 2 46 968 967 1625 1626
5340 4 2 2 46 369 1623 1205 1626
5341 4 2 2 46 321 1204 1003 1624
5342 4 2 2 46 1131 970 973 1623
5343 4 2 2 46 1193 1197 1623 1625
5344 4 2 2 46 722 726 967 1625
5345 4 2 2 46 972 725 722 1624
5346 4 2 2 46 1204 1624 321 1626
5347 4 2 2 46 1132 1130 1195 1623
5348 4 2 2 46 1131 1130 1132 1623
5349 4 2 2 46 1196 1624 1198 1625
5350 4 2 2 46 971 1122 968 1625
5351 4 2 2 46 967 971 726 181
5352 4 2 2 46 968 967 971 1625
5353 4 2 2 46 970 1623 369 1626
5354 4 2 2 46 300 968 971 1122
5355 4 2 2 46 1002 723 725 1624
5356 4 2 2 46 722 967 1624 1625
5357 4 2 2 46 722 1624 724 1625
5358 4 2 2 46 301 1133 1131 973
5359 4 2 2 46 723 724 722 1624
5360 4 2 2 46 969 321 1003 1624
5361 4 2 2 46 180 725 722 972
5362 4 2 2 46 1118 1120 1623 1625
5363 4 2 2 46 726 1122 971 1625
5364 4 2 2 46 1121 1119 1130 1623
5365 4 2 2 46 968 1625 1623 1626
5366 4 2 2 46 400 1190 1194 1204
5367 4 2 2 46 1195 1190 399 1205
5368 4 2 2 46 1190 1198 1194 1624
5369 4 2 2 46 1118 968 1122 1625
5370 4 2 2 46 1119 1118 1120 1623
5371 4 2 2 46 1130 1132 1195 1200
5372 4 2 2 46 1002 1194 1004 1199
5373 4 2 2 46 1003 1002 1005 1624
5374 4 2 2 46 726 722 967 181
5375 4 2 2 46 1130 1131 1133 1623
5376 4 2 2 46 300 1118 968 1122
5377 4 2 2 46 1131 970 301 973
5378 4 2 2 46 1118 1623 968 1625
5379 4 2 2 46 722 967 972 1624
5380 4 2 2 46 1194 1198 1192 1624
5381 4 2 2 46 973 968 1118 1623
5382 4 2 2 46 968 299 973 1118
5383 4 2 2 46 353 1130 1133 1121
5384 4 2 2 46 221 1002 725 1005
5385 4 2 2 46 972 969 297 1624
5386 4 2 2 46 723 722 725 1624
5387 4 2 2 46 722 180 972 967
5388 4 2 2 46 297 969 1003 1624
5389 4 2 2 46 1118 1122 1120 1625
5390 4 2 2 46 1204 400 1190 1201
5391 4 2 2 46 722 724 726 1625
5392 4 2 2 46 1190 1201 399 1205
5393 4 2 2 46 1118 1119 1121 1623
5394 4 2 2 46 1196 1193 398 1625
5395 4 2 2 46 1195 1191 1197 1623
5396 4 2 2 46 1196 398 219 1625
5397 4 2 2 46 1192 203 723 724
5398 4 2 2 46 321 1003 297 969
5399 4 2 2 46 30 971 726 1122
5400 4 2 2 46 221 1002 723 725
5401 4 2 2 46 967 968 969 1626
5402 4 2 2 46 967 969 1624 1626
5403 4 2 2 46 1121 353 1130 1119
5404 4 2 2 46 1193 1198 1197 1625
5405 4 2 2 46 362 398 1193 1625
5406 4 2 2 46 1202 292 1203 1626
5407 4 2 2 46 726 29 1122 1625
5408 4 2 2 46 1194 322 400 1204
5409 4 2 2 46 219 724 1196 1625
5410 4 2 2 46 370 1195 399 1205
5411 4 2 2 46 352 1130 1119 1200
5412 4 2 2 46 220 1002 1199 723
5413 4 2 2 46 1121 1133 61 973
5414 4 2 2 46 292 970 1203 1626
5415 4 2 2 46 60 321 969 1202
5416 4 2 2 46 203 1192 1196 724
5417 4 2 2 46 32 725 972 1005
5418 4 2 2 46 968 1623 970 1626
5419 4 2 2 46 355 1193 1191 1120
5420 4 2 2 46 355 1191 1119 1120
5421 4 2 2 46 362 219 398 1625
5422 4 2 2 46 362 1122 29 1625
5423 4 2 2 46 219 29 726 1625
5424 4 2 2 46 1193 1120 362 1625
5425 4 2 2 46 968 973 970 1623
5426 4 2 2 46 1193 1196 1198 1625
5427 4 2 2 46 726 29 30 1122
5428 4 2 2 46 219 726 724 1625
5429 4 2 2 46 1120 1122 362 1625
5430 4 2 2 46 321 297 60 969
5431 4 2 2 46 219 362 29 1625
5432 4 2 2 46 1004 323 1002 1199
5433 4 2 2 46 1132 1130 365 1200
5434 4 2 2 46 968 970 969 1626
5435 4 2 2 46 369 970 301 1131
5436 4 2 2 46 969 292 1202 1626
5437 4 2 2 46 1203 59 369 970
5438 4 2 2 46 969 972 967 1624
5439 4 2 2 46 1199 1192 202 723
5440 4 2 2 46 354 1119 1191 1200
5441 4 2 2 46 292 969 970 1626
5442 4 2 2 46 300 971 30 1122
5443 4 2 2 46 1194 322 70 400
5444 4 2 2 46 1195 399 79 370
5445 4 2 2 46 1204 1202 1201 1626
5446 4 2 2 46 1119 354 352 1200
5447 4 2 2 46 1205 1201 1203 1626
5448 4 2 2 46 323 1004 1194 1199
5449 4 2 2 46 365 1195 1132 1200
5450 4 2 2 46 321 322 1003 1204
5451 4 2 2 46 70 1004 322 1194
5452 4 2 2 46 1132 1195 79 370
5453 4 2 2 46 370 1205 369 1131
5454 4 2 2 46 299 1121 61 973
5455 4 2 2 46 726 971 30 181
5456 4 2 2 46 1201 400 1190 399
5457 4 2 2 46 59 369 970 301
5458 4 2 2 46 202 220 1199 723
5459 4 2 2 46 59 1203 292 970
5460 4 2 2 46 968 299 1118 300
5461 4 2 2 46 1202 969 60 292
5462 4 2 2 46 1203 1201 1202 1626
5463 4 2 2 46 355 77 1193 1120
5464 4 2 2 46 1192 203 202 723
5465 4 2 2 46 32 725 180 972
5466 4 2 2 46 352 365 1130 1200
5467 4 2 2 46 1002 323 220 1199
5468 4 2 2 46 722 180 967 181
5469 4 2 2 46 76 365 352 1200
5470 4 2 2 46 323 38 220 1199
5471 4 2 2 46 1191 1119 354 355
5472 4 2 2 46 1002 220 221 723
5473 4 2 2 46 352 1130 353 1119
5474 4 2 2 46 1120 77 1193 362
5475 4 2 2 46 353 1133 61 1121
5476 4 2 2 46 70 323 1004 1194
5477 4 2 2 46 79 1195 1132 365
5478 4 2 2 46 725 32 221 1005
5479 4 2 2 46 32 972 297 1005
5480 4 2 2 46 1133 301 61 973
5481 4 2 2 46 398 1193 77 362
5482 4 2 2 46 354 76 352 1200
5483 4 2 2 46 398 37 1196 219
5484 4 2 2 46 1199 38 220 202
5485 4 2 2 46 724 1196 37 219
5486 4 2 2 46 1196 37 203 724
5487 4 2 2 46 1623 1200 1119 1130
5488 4 2 2 46 1623 1119 1200 1191
5489 4 2 2 46 321 1626 969 1202
5490 4 2 2 46 969 1626 321 1624
5491 4 2 2 46 1205 1626 1195 1190
5492 4 2 2 46 1205 1195 1626 1623
5493 4 2 2 46 1197 1195 1626 1190
5494 4 2 2 46 1197 1626 1195 1623
5495 4 2 2 46 297 1624 1005 972
5496 4 2 2 46 1005 1624 297 1003
5497 4 2 3 75 1633 542 1645 1670
5498 4 2 3 75 1268 535 518 1637
5499 4 2 3 75 1634 1654 1224 1657
5500 4 2 3 75 1643 1662 842 1670
5501 4 2 3 75 543 1646 1633 1647
5502 4 2 3 75 1253 1242 1656 1665
5503 4 2 3 75 1253 1656 1638 1665
5504 4 2 3 75 1268 518 1266 1637
5505 4 2 3 75 1149 383 1159 1669
5506 4 2 3 75 1663 1665 1639 1677
5507 4 2 3 75 543 1633 1646 1670
5508 4 2 3 75 1303 1665 1663 1677
5509 4 2 3 75 1649 1656 1242 1665
5510 4 2 3 75 1637 842 1662 1670
5511 4 2 3 75 1637 1662 1643 1670
5512 4 2 3 75 547 1637 1268 1645
5513 4 2 3 75 1633 1645 542 1677
5514 4 2 3 75 1627 1644 1632 1668
5515 4 2 3 75 842 1662 1643 1671
5516 4 2 3 75 1633 1645 1637 1670
5517 4 2 3 75 1234 1224 1634 1654
5518 4 2 3 75 1159 1157 145 546
5519 4 2 3 75 547 535 1268 1637
5520 4 2 3 75 1159 383 1156 1669
5521 4 2 3 75 256 813 1644 1666
5522 4 2 3 75 256 1644 1652 1666
5523 4 2 3 75 1639 1665 1663 1673
5524 4 2 3 75 1635 829 1652 1666
5525 4 2 3 75 840 518 535 1637
5526 4 2 3 75 1266 518 103 1637
5527 4 2 3 75 840 103 518 1637
5528 4 2 3 75 1224 1234 1634 1657
5529 4 2 3 75 1250 816 815 1660
5530 4 2 3 75 1632 1668 1644 1675
5531 4 2 3 75 1633 1639 1663 1673
5532 4 2 3 75 1633 1663 1639 1677
5533 4 2 3 75 1270 1269 1649 1681
5534 4 2 3 75 1236 1638 1654 1664
5535 4 2 3 75 1270 1648 1269 1681
5536 4 2 3 75 1275 1639 1305 1645
5537 4 2 3 75 257 1635 829 1652
5538 4 2 3 75 1253 1242 1231 1656
5539 4 2 3 75 380 1647 1633 1663
5540 4 2 3 75 1629 1643 1637 1662
5541 4 2 3 75 1629 1656 1649 1665
5542 4 2 3 75 1633 1646 1628 1647
5543 4 2 3 75 1630 823 1653 1666
5544 4 2 3 75 535 1637 547 1645
5545 4 2 3 75 1250 815 1653 1660
5546 4 2 3 75 1633 1643 1628 1646
5547 4 2 3 75 150 1631 1145 1668
5548 4 2 3 75 1144 381 380 1633
5549 4 2 3 75 1207 1241 1649 1681
5550 4 2 3 75 1250 1206 816 1660
5551 4 2 3 75 1149 1159 1632 1669
5552 4 2 3 75 1654 1657 1634 1678
5553 4 2 3 75 1242 1656 1649 1681
5554 4 2 3 75 1275 1262 1299 1639
5555 4 2 3 75 1207 1649 1269 1681
5556 4 2 3 75 1149 1159 538 1632
5557 4 2 3 75 1144 1633 380 1647
5558 4 2 3 75 1297 1634 1240 1650
5559 4 2 3 75 1303 1639 1665 1677
5560 4 2 3 75 1236 1654 1638 1656
5561 4 2 3 75 379 1631 1145 1647
5562 4 2 3 75 1631 1646 536 1647
5563 4 2 3 75 1629 1637 1633 1639
5564 4 2 3 75 1225 1221 1630 1653
5565 4 2 3 75 1221 1630 1653 1657
5566 4 2 3 75 1157 546 1159 1682
5567 4 2 3 75 1633 1637 1629 1643
5568 4 2 3 75 543 1633 537 1647
5569 4 2 3 75 1266 1268 120 518
5570 4 2 3 75 827 1653 823 1666
5571 4 2 3 75 1264 1280 1275 1645
5572 4 2 3 75 150 1145 1147 1668
5573 4 2 3 75 379 1308 1631 1647
5574 4 2 3 75 1280 1639 1275 1645
5575 4 2 3 75 1257 1324 1282 1674
5576 4 2 3 75 1630 1224 1654 1657
5577 4 2 3 75 908 1680 1644 1682
5578 4 2 3 75 1221 1224 1630 1657
5579 4 2 3 75 1629 1656 1665 1673
5580 4 2 3 75 1224 1225 1221 1630
5581 4 2 3 75 378 1145 379 1631
5582 4 2 3 75 1279 1639 1637 1676
5583 4 2 3 75 1242 1231 1656 1681
5584 4 2 3 75 1637 1639 1279 1645
5585 4 2 3 75 1306 380 1633 1663
5586 4 2 3 75 545 1645 542 1670
5587 4 2 3 75 1308 1655 1631 1659
5588 4 2 3 75 1256 1240 1634 1650
5589 4 2 3 75 1146 1145 149 1647
5590 4 2 3 75 1638 1665 1656 1673
5591 4 2 3 75 1633 1628 1643 1673
5592 4 2 3 75 1306 380 381 1633
5593 4 2 3 75 1643 1662 1629 1671
5594 4 2 3 75 1627 1631 1642 1675
5595 4 2 3 75 1637 1643 1633 1670
5596 4 2 3 75 1631 1647 1308 1659
5597 4 2 3 75 1256 1650 1634 1657
5598 4 2 3 75 536 1646 1631 1675
5599 4 2 3 75 823 1630 817 1658
5600 4 2 3 75 823 1642 1630 1658
5601 4 2 3 75 1207 1241 1269 1649
5602 4 2 3 75 1627 1642 1644 1675
5603 4 2 3 75 1234 1654 1634 1664
5604 4 2 3 75 1266 812 102 1662
5605 4 2 3 75 49 1652 1292 1683
5606 4 2 3 75 817 1630 823 1653
5607 4 2 3 75 1256 1634 1223 1657
5608 4 2 3 75 909 1635 257 1652
5609 4 2 3 75 1307 1663 1303 1665
5610 4 2 3 75 1630 1657 1654 1678
5611 4 2 3 75 817 1658 1630 1660
5612 4 2 3 75 378 379 1308 1631
5613 4 2 3 75 545 1637 1645 1670
5614 4 2 3 75 1305 1645 1639 1677
5615 4 2 3 75 1308 1323 1655 1659
5616 4 2 3 75 1299 1639 1262 1674
5617 4 2 3 75 1305 1275 1299 1639
5618 4 2 3 75 1633 1629 1639 1673
5619 4 2 3 75 1266 103 102 812
5620 4 2 3 75 256 1652 829 1666
5621 4 2 3 75 1148 1633 542 1677
5622 4 2 3 75 1265 1269 1241 1649
5623 4 2 3 75 538 1159 145 546
5624 4 2 3 75 1148 1144 147 1633
5625 4 2 3 75 1632 1675 1644 1682
5626 4 2 3 75 1148 147 542 1633
5627 4 2 3 75 1629 1633 1643 1673
5628 4 2 3 75 1221 1635 1220 1657
5629 4 2 3 75 1275 1280 1262 1639
5630 4 2 3 75 1226 1225 1630 1660
5631 4 2 3 75 823 1630 1642 1666
5632 4 2 3 75 1297 1240 1634 1664
5633 4 2 3 75 257 809 1635 1651
5634 4 2 3 75 1224 1226 1630 1654
5635 4 2 3 75 541 1646 543 1647
5636 4 2 3 75 1226 1225 1224 1630
5637 4 2 3 75 1628 1633 1647 1673
5638 4 2 3 75 257 829 256 1652
5639 4 2 3 75 820 1636 1643 1658
5640 4 2 3 75 1221 1653 1635 1657
5641 4 2 3 75 804 1646 1643 1670
5642 4 2 3 75 536 1145 1631 1647
5643 4 2 3 75 1226 1630 1654 1660
5644 4 2 3 75 823 817 819 1658
5645 4 2 3 75 1631 1627 1655 1668
5646 4 2 3 75 1643 1646 1633 1670
5647 4 2 3 75 1634 1655 1631 1678
5648 4 2 3 75 1635 1640 1220 1657
5649 4 2 3 75 1144 537 1633 1647
5650 4 2 3 75 256 1644 911 1652
5651 4 2 3 75 1322 1305 1639 1677
5652 4 2 3 75 381 1633 1144 1677
5653 4 2 3 75 1228 1229 1636 1656
5654 4 2 3 75 1220 1640 1635 1683
5655 4 2 3 75 1301 1631 1308 1655
5656 4 2 3 75 257 1635 269 1651
5657 4 2 3 75 1628 1631 1646 1678
5658 4 2 3 75 1277 1282 1324 1674
5659 4 2 3 75 1266 120 103 518
5660 4 2 3 75 540 1668 1632 1675
5661 4 2 3 75 1628 1647 1663 1673
5662 4 2 3 75 1207 1269 1648 1681
5663 4 2 3 75 1228 1636 1229 1654
5664 4 2 3 75 1325 1634 1323 1659
5665 4 2 3 75 1148 542 1645 1677
5666 4 2 3 75 1632 1668 1149 1669
5667 4 2 3 75 1279 1639 1280 1645
5668 4 2 3 75 1633 1663 1647 1673
5669 4 2 3 75 1230 1636 1656 1661
5670 4 2 3 75 827 1635 1653 1666
5671 4 2 3 75 1248 1649 1665 1674
5672 4 2 3 75 1256 1234 1223 1634
5673 4 2 3 75 1642 1646 1631 1678
5674 4 2 3 75 1631 1655 1634 1659
5675 4 2 3 75 1260 1648 1269 1672
5676 4 2 3 75 1627 1631 1655 1678
5677 4 2 3 75 1149 1632 538 1668
5678 4 2 3 75 381 1306 1633 1677
5679 4 2 3 75 1297 1634 1325 1664
5680 4 2 3 75 1325 1634 1659 1664
5681 4 2 3 75 269 1651 1635 1683
5682 4 2 3 75 820 1643 1636 1671
5683 4 2 3 75 1220 1221 1219 1635
5684 4 2 3 75 1227 1654 1234 1664
5685 4 2 3 75 1223 1634 1234 1657
5686 4 2 3 75 1274 1257 1282 1674
5687 4 2 3 75 1314 1325 1297 1634
5688 4 2 3 75 1634 1655 1323 1659
5689 4 2 3 75 1631 1659 1634 1678
5690 4 2 3 75 257 809 829 1635
5691 4 2 3 75 1649 1656 1629 1681
5692 4 2 3 75 1157 1159 1632 1682
5693 4 2 3 75 909 1635 1652 1683
5694 4 2 3 75 827 817 823 1653
5695 4 2 3 75 378 1631 1308 1668
5696 4 2 3 75 387 1157 1160 1632
5697 4 2 3 75 1628 1654 1638 1664
5698 4 2 3 75 1638 1654 1628 1656
5699 4 2 3 75 1213 1313 1240 1650
5700 4 2 3 75 540 1631 1668 1675
5701 4 2 3 75 805 1278 1263 1648
5702 4 2 3 75 1313 1297 1240 1650
5703 4 2 3 75 1297 1314 1634 1650
5704 4 2 3 75 826 1643 804 1646
5705 4 2 3 75 1638 1659 1628 1664
5706 4 2 3 75 547 1268 1276 1645
5707 4 2 3 75 816 1660 1244 1679
5708 4 2 3 75 1639 1629 1665 1673
5709 4 2 3 75 1228 1636 1654 1656
5710 4 2 3 75 1157 1159 1160 1632
5711 4 2 3 75 1314 1323 1325 1634
5712 4 2 3 75 1632 539 1675 1682
5713 4 2 3 75 1268 1637 1279 1645
5714 4 2 3 75 1250 1235 1206 1660
5715 4 2 3 75 1269 1260 1207 1648
5716 4 2 3 75 1636 1628 1656 1673
5717 4 2 3 75 805 1648 1263 1662
5718 4 2 3 75 541 536 1646 1647
5719 4 2 3 75 80 1264 1275 1645
5720 4 2 3 75 804 543 1646 1670
5721 4 2 3 75 1656 1671 1636 1673
5722 4 2 3 75 1266 1637 812 1662
5723 4 2 3 75 543 537 1633 1670
5724 4 2 3 75 103 812 1266 1637
5725 4 2 3 75 1628 1634 1654 1664
5726 4 2 3 75 819 1658 817 1660
5727 4 2 3 75 1631 1655 1301 1668
5728 4 2 3 75 1638 1628 1659 1663
5729 4 2 3 75 1248 1216 1649 1674
5730 4 2 3 75 1631 1628 1646 1647
5731 4 2 3 75 1308 1631 1301 1668
5732 4 2 3 75 828 816 1244 1679
5733 4 2 3 75 1643 1636 1671 1673
5734 4 2 3 75 909 269 1635 1683
5735 4 2 3 75 910 1157 387 1682
5736 4 2 3 75 257 256 909 1652
5737 4 2 3 75 540 1632 539 1675
5738 4 2 3 75 1145 1631 378 1668
5739 4 2 3 75 1324 1257 1304 1674
5740 4 2 3 75 1633 1637 1645 1677
5741 4 2 3 75 1305 1299 1322 1639
5742 4 2 3 75 1144 537 147 1633
5743 4 2 3 75 1253 1638 1212 1665
5744 4 2 3 75 544 1646 536 1675
5745 4 2 3 75 808 1642 1646 1675
5746 4 2 3 75 1644 1675 539 1682
5747 4 2 3 75 1640 1650 1238 1657
5748 4 2 3 75 1230 1636 1229 1656
5749 4 2 3 75 1225 1653 1630 1660
5750 4 2 3 75 808 141 544 1646
5751 4 2 3 75 1157 1632 387 1682
5752 4 2 3 75 1235 816 1206 1660
5753 4 2 3 75 537 542 147 1633
5754 4 2 3 75 839 1646 1642 1658
5755 4 2 3 75 826 1643 1646 1658
5756 4 2 3 75 1636 1643 1628 1673
5757 4 2 3 75 1636 1628 1654 1656
5758 4 2 3 75 1644 1652 1627 1680
5759 4 2 3 75 1219 1220 1635 1683
5760 4 2 3 75 1632 1655 1627 1668
5761 4 2 3 75 1270 1269 1265 1649
5762 4 2 3 75 387 910 56 1157
5763 4 2 3 75 1636 1658 818 1660
5764 4 2 3 75 818 1658 819 1660
5765 4 2 3 75 839 826 1646 1658
5766 4 2 3 75 1638 1663 1659 1664
5767 4 2 3 75 540 538 1632 1668
5768 4 2 3 75 1229 1636 1661 1679
5769 4 2 3 75 808 1646 544 1675
5770 4 2 3 75 536 149 1145 1647
5771 4 2 3 75 1144 1633 1148 1677
5772 4 2 3 75 1236 1228 1654 1656
5773 4 2 3 75 547 1276 548 1645
5774 4 2 3 75 1630 1653 817 1660
5775 4 2 3 75 1270 1662 1648 1676
5776 4 2 3 75 257 909 269 1635
5777 4 2 3 75 1230 1229 1636 1661
5778 4 2 3 75 255 256 813 1644
5779 4 2 3 75 138 840 535 1637
5780 4 2 3 75 1325 1659 1309 1664
5781 4 2 3 75 1659 1663 1312 1664
5782 4 2 3 75 820 1643 826 1658
5783 4 2 3 75 1629 1671 1656 1673
5784 4 2 3 75 818 1636 820 1658
5785 4 2 3 75 1635 1651 809 1653
5786 4 2 3 75 1628 1647 1631 1659
5787 4 2 3 75 1266 1637 1662 1676
5788 4 2 3 75 836 1643 842 1670
5789 4 2 3 75 1631 1627 1642 1678
5790 4 2 3 75 1291 1652 1640 1683
5791 4 2 3 75 1634 1650 1627 1657
5792 4 2 3 75 80 1275 1305 1645
5793 4 2 3 75 827 829 1635 1666
5794 4 2 3 75 1240 1234 1634 1664
5795 4 2 3 75 1248 1257 1216 1674
5796 4 2 3 75 827 1635 809 1653
5797 4 2 3 75 1228 1230 1229 1656
5798 4 2 3 75 387 1295 284 1680
5799 4 2 3 75 150 536 1145 1631
5800 4 2 3 75 1306 1663 1633 1677
5801 4 2 3 75 1323 1634 1314 1655
5802 4 2 3 75 1628 1638 1656 1673
5803 4 2 3 75 1229 1660 1636 1679
5804 4 2 3 75 257 269 809 1651
5805 4 2 3 75 542 1633 537 1670
5806 4 2 3 75 841 1222 814 1653
5807 4 2 3 75 839 808 1642 1646
5808 4 2 3 75 809 827 829 1635
5809 4 2 3 75 1262 1639 1280 1674
5810 4 2 3 75 1146 379 1145 1647
5811 4 2 3 75 841 811 1222 1651
5812 4 2 3 75 1219 1255 1651 1653
5813 4 2 3 75 1632 1641 1627 1655
5814 4 2 3 75 1291 1652 1283 1680
5815 4 2 3 75 1224 1223 1234 1657
5816 4 2 3 75 1629 1649 1639 1665
5817 4 2 3 75 909 1652 49 1683
5818 4 2 3 75 818 819 817 1660
5819 4 2 3 75 1222 1243 814 1653
5820 4 2 3 75 909 1292 49 1652
5821 4 2 3 75 1222 841 1651 1653
5822 4 2 3 75 1219 1651 1635 1653
5823 4 2 3 75 823 839 1642 1658
5824 4 2 3 75 1248 1649 1242 1665
5825 4 2 3 75 387 1632 1680 1682
5826 4 2 3 75 1274 1282 1277 1674
5827 4 2 3 75 387 1680 284 1682
5828 4 2 3 75 840 1637 138 1670
5829 4 2 3 75 842 1643 836 1671
5830 4 2 3 75 830 842 1637 1670
5831 4 2 3 75 1633 1639 1637 1677
5832 4 2 3 75 381 1144 1148 1677
5833 4 2 3 75 1281 1648 1270 1662
5834 4 2 3 75 545 535 547 1645
5835 4 2 3 75 831 1644 1642 1675
5836 4 2 3 75 808 838 141 1646
5837 4 2 3 75 1234 1227 1224 1654
5838 4 2 3 75 1143 1148 1645 1677
5839 4 2 3 75 1638 1663 1665 1673
5840 4 2 3 75 1627 1630 1657 1666
5841 4 2 3 75 1216 1257 1274 1674
5842 4 2 3 75 541 543 537 1647
5843 4 2 3 75 1226 1228 1229 1654
5844 4 2 3 75 1628 1654 1634 1678
5845 4 2 3 75 1256 1213 1240 1650
5846 4 2 3 75 1240 1234 1256 1634
5847 4 2 3 75 1260 1233 1648 1672
5848 4 2 3 75 1638 1312 1663 1664
5849 4 2 3 75 804 543 140 1646
5850 4 2 3 75 387 1632 1160 1669
5851 4 2 3 75 1263 1648 1281 1662
5852 4 2 3 75 1264 1279 1280 1645
5853 4 2 3 75 1320 1655 1641 1669
5854 4 2 3 75 539 540 538 1632
5855 4 2 3 75 1147 1145 378 1668
5856 4 2 3 75 1239 1212 1253 1638
5857 4 2 3 75 1220 1640 1238 1657
5858 4 2 3 75 1244 816 1235 1660
5859 4 2 3 75 1256 1223 1650 1657
5860 4 2 3 75 1630 1653 1635 1666
5861 4 2 3 75 1630 1666 1627 1678
5862 4 2 3 75 1244 1660 1235 1679
5863 4 2 3 75 1632 1644 1627 1680
5864 4 2 3 75 150 536 1631 1668
5865 4 2 3 75 841 809 1651 1653
5866 4 2 3 75 1640 1641 1627 1680
5867 4 2 3 75 1300 1308 1647 1659
5868 4 2 3 75 1248 1665 1304 1674
5869 4 2 3 75 1630 1627 1657 1678
5870 4 2 3 75 385 1284 1290 1641
5871 4 2 3 75 1627 1641 1640 1650
5872 4 2 3 75 1627 1650 1634 1655
5873 4 2 3 75 1217 846 1661 1672
5874 4 2 3 75 256 829 813 1666
5875 4 2 3 75 1253 1236 1638 1656
5876 4 2 3 75 1222 1250 1243 1653
5877 4 2 3 75 1158 385 1290 1669
5878 4 2 3 75 1146 148 1144 1647
5879 4 2 3 75 1654 1658 1636 1660
5880 4 2 3 75 1630 1658 1654 1660
5881 4 2 3 75 1640 1627 1652 1680
5882 4 2 3 75 839 826 838 1646
5883 4 2 3 75 1627 1650 1640 1657
5884 4 2 3 75 379 1300 1308 1647
5885 4 2 3 75 1629 1643 1671 1673
5886 4 2 3 75 1634 1650 1314 1655
5887 4 2 3 75 1304 1257 1248 1674
5888 4 2 3 75 1301 1308 1323 1655
5889 4 2 3 75 1239 1311 1212 1638
5890 4 2 3 75 1225 1250 1653 1660
5891 4 2 3 75 1225 1255 1221 1653
5892 4 2 3 75 1278 1281 1263 1648
5893 4 2 3 75 1212 1638 1311 1665
5894 4 2 3 75 1306 1303 1663 1677
5895 4 2 3 75 841 811 814 1222
5896 4 2 3 75 1628 1643 1636 1658
5897 4 2 3 75 1627 1652 1644 1666
5898 4 2 3 75 1254 1227 1234 1664
5899 4 2 3 75 1644 1680 1632 1682
5900 4 2 3 75 831 1642 808 1675
5901 4 2 3 75 1634 1628 1659 1664
5902 4 2 3 75 545 1637 535 1645
5903 4 2 3 75 1223 1238 1650 1657
5904 4 2 3 75 1207 1260 1233 1648
5905 4 2 3 75 1266 102 1273 1662
5906 4 2 3 75 1217 846 825 1661
5907 4 2 3 75 1284 385 1310 1641
5908 4 2 3 75 1266 1279 1268 1637
5909 4 2 3 75 1309 1659 1312 1664
5910 4 2 3 75 1641 1655 1632 1669
5911 4 2 3 75 387 284 910 1682
5912 4 2 3 75 378 1308 1301 1668
5913 4 2 3 75 1227 1236 1228 1654
5914 4 2 3 75 1635 1640 1627 1652
5915 4 2 3 75 1288 1641 1640 1680
5916 4 2 3 75 1285 1245 1640 1667
5917 4 2 3 75 1627 1655 1634 1678
5918 4 2 3 75 1640 1641 1288 1667
5919 4 2 3 75 1297 1313 1314 1650
5920 4 2 3 75 1318 1655 1320 1669
5921 4 2 3 75 1627 1640 1635 1657
5922 4 2 3 75 839 838 808 1646
5923 4 2 3 75 842 812 1637 1662
5924 4 2 3 75 1260 1269 1267 1672
5925 4 2 3 75 1318 1668 1655 1669
5926 4 2 3 75 815 817 1653 1660
5927 4 2 3 75 842 848 1662 1671
5928 4 2 3 75 1655 1668 1632 1669
5929 4 2 3 75 1635 1653 1630 1657
5930 4 2 3 75 1637 1639 1629 1676
5931 4 2 3 75 1160 1632 1159 1669
5932 4 2 3 75 820 836 1643 1671
5933 4 2 3 75 841 827 809 1653
5934 4 2 3 75 1631 1628 1659 1678
5935 4 2 3 75 1216 1274 1649 1674
5936 4 2 3 75 1252 530 130 810
5937 4 2 3 75 382 1645 1305 1677
5938 4 2 3 75 140 838 804 1646
5939 4 2 3 75 1244 1235 1251 1679
5940 4 2 3 75 909 49 269 1683
5941 4 2 3 75 284 910 56 387
5942 4 2 3 75 150 1147 540 1668
5943 4 2 3 75 1289 1215 1245 1667
5944 4 2 3 75 1146 149 541 1647
5945 4 2 3 75 540 1631 536 1668
5946 4 2 3 75 1320 1641 1296 1669
5947 4 2 3 75 1635 1657 1630 1666
5948 4 2 3 75 1291 1640 1285 1683
5949 4 2 3 75 1266 1662 1273 1676
5950 4 2 3 75 1316 1650 1641 1655
5951 4 2 3 75 21 1159 1149 383
5952 4 2 3 75 1253 1212 1242 1665
5953 4 2 3 75 1299 1322 1639 1674
5954 4 2 3 75 1318 1149 1668 1669
5955 4 2 3 75 812 830 842 1637
5956 4 2 3 75 255 908 911 1644
5957 4 2 3 75 1222 1651 1255 1653
5958 4 2 3 75 823 819 839 1658
5959 4 2 3 75 1267 1648 1278 1672
5960 4 2 3 75 1661 1671 1656 1681
5961 4 2 3 75 1239 1236 1254 1664
5962 4 2 3 75 1264 80 372 1645
5963 4 2 3 75 1273 119 102 1266
5964 4 2 3 75 1281 1269 1270 1648
5965 4 2 3 75 537 1144 148 1647
5966 4 2 3 75 1288 1291 1283 1680
5967 4 2 3 75 387 1632 1669 1680
5968 4 2 3 75 1320 1316 1641 1655
5969 4 2 3 75 1318 82 1149 1669
5970 4 2 3 75 1269 1648 1267 1672
5971 4 2 3 75 1318 1320 1655 1668
5972 4 2 3 75 1207 1648 1233 1681
5973 4 2 3 75 1297 1208 1240 1664
5974 4 2 3 75 538 539 1632 1682
5975 4 2 3 75 1239 1638 1236 1664
5976 4 2 3 75 845 1642 831 1644
5977 4 2 3 75 1629 1648 1676 1681
5978 4 2 3 75 840 830 1637 1670
5979 4 2 3 75 1301 1655 1320 1668
5980 4 2 3 75 826 836 804 1643
5981 4 2 3 75 1238 1640 1245 1667
5982 4 2 3 75 1148 542 146 1645
5983 4 2 3 75 1243 815 1250 806
5984 4 2 3 75 911 256 255 1644
5985 4 2 3 75 119 103 102 1266
5986 4 2 3 75 1285 1289 1245 1667
5987 4 2 3 75 1248 1216 1242 1649
5988 4 2 3 75 1148 146 1143 1645
5989 4 2 3 75 1639 1645 1637 1677
5990 4 2 3 75 1636 1656 1661 1671
5991 4 2 3 75 819 818 820 1658
5992 4 2 3 75 1223 1220 1238 1657
5993 4 2 3 75 820 836 826 1643
5994 4 2 3 75 1648 1662 848 1671
5995 4 2 3 75 385 1641 1290 1669
5996 4 2 3 75 101 1263 1273 1662
5997 4 2 3 75 539 844 1644 1682
5998 4 2 3 75 1238 1650 1640 1667
5999 4 2 3 75 1302 1213 1249 1650
6000 4 2 3 75 1230 1661 1656 1681
6001 4 2 3 75 1252 810 1237 1672
6002 4 2 3 75 838 826 804 1646
6003 4 2 3 75 821 820 818 1636
6004 4 2 3 75 1244 1206 1235 816
6005 4 2 3 75 830 812 840 1637
6006 4 2 3 75 815 816 817 1660
6007 4 2 3 75 536 1631 540 1675
6008 4 2 3 75 815 841 814 1653
6009 4 2 3 75 1285 1640 1245 1683
6010 4 2 3 75 844 143 539 1644
6011 4 2 3 75 1634 1657 1627 1678
6012 4 2 3 75 1316 1641 1650 1667
6013 4 2 3 75 1627 1641 1632 1680
6014 4 2 3 75 1300 1647 380 1663
6015 4 2 3 75 1160 386 1287 1669
6016 4 2 3 75 1284 1641 1310 1667
6017 4 2 3 75 1215 1238 1245 1667
6018 4 2 3 75 1267 1281 1278 1648
6019 4 2 3 75 820 1636 821 1671
6020 4 2 3 75 1291 1285 1286 1683
6021 4 2 3 75 818 821 1636 1679
6022 4 2 3 75 386 1287 387 1160
6023 4 2 3 75 1248 1212 1304 1665
6024 4 2 3 75 1631 1646 1642 1675
6025 4 2 3 75 1627 1641 1650 1655
6026 4 2 3 75 103 840 812 1637
6027 4 2 3 75 1268 1279 1276 1645
6028 4 2 3 75 1319 1303 1639 1665
6029 4 2 3 75 1305 382 80 1645
6030 4 2 3 75 1157 910 20 546
6031 4 2 3 75 1248 1242 1212 1665
6032 4 2 3 75 1628 1646 1643 1658
6033 4 2 3 75 1639 1271 1674 1676
6034 4 2 3 75 982 1211 811 1651
6035 4 2 3 75 547 122 1268 518
6036 4 2 3 75 544 533 536 1646
6037 4 2 3 75 1275 1264 80 372
6038 4 2 3 75 1636 1660 818 1679
6039 4 2 3 75 1307 1638 1663 1665
6040 4 2 3 75 1309 1325 1323 1659
6041 4 2 3 75 836 804 1643 1670
6042 4 2 3 75 1213 1302 1313 1650
6043 4 2 3 75 808 831 845 1642
6044 4 2 3 75 539 1644 532 1675
6045 4 2 3 75 545 542 534 1670
6046 4 2 3 75 1322 382 1305 1677
6047 4 2 3 75 1239 1298 1311 1638
6048 4 2 3 75 1266 1273 1272 1676
6049 4 2 3 75 1280 1271 1639 1676
6050 4 2 3 75 1256 1223 1238 1650
6051 4 2 3 75 1636 1654 1628 1658
6052 4 2 3 75 1225 1235 1250 1660
6053 4 2 3 75 912 255 844 1682
6054 4 2 3 75 1627 1657 1635 1666
6055 4 2 3 75 1249 1302 1650 1667
6056 4 2 3 75 1149 1159 21 538
6057 4 2 3 75 1280 1639 1271 1674
6058 4 2 3 75 1316 1310 1641 1667
6059 4 2 3 75 1233 1648 1661 1681
6060 4 2 3 75 1306 1303 1307 1663
6061 4 2 3 75 1627 1635 1652 1666
6062 4 2 3 75 1297 1325 1315 1664
6063 4 2 3 75 1219 1255 1222 1651
6064 4 2 3 75 908 1644 255 1682
6065 4 2 3 75 1149 538 151 1668
6066 4 2 3 75 831 532 1644 1675
6067 4 2 3 75 805 848 1648 1662
6068 4 2 3 75 1243 814 815 806
6069 4 2 3 75 1253 1231 1236 1656
6070 4 2 3 75 152 1140 548 1276
6071 4 2 3 75 912 844 19 1682
6072 4 2 3 75 533 543 541 1646
6073 4 2 3 75 1324 1304 1317 1674
6074 4 2 3 75 138 535 545 1637
6075 4 2 3 75 1265 1216 1274 1649
6076 4 2 3 75 1211 1222 811 1651
6077 4 2 3 75 844 831 143 1644
6078 4 2 3 75 1318 1301 1320 1668
6079 4 2 3 75 150 540 536 1668
6080 4 2 3 75 1286 49 1292 1683
6081 4 2 3 75 102 101 1273 833
6082 4 2 3 75 1209 1285 1245 1683
6083 4 2 3 75 1630 1642 1666 1678
6084 4 2 3 75 1296 1316 1310 1641
6085 4 2 3 75 1207 1246 1241 1681
6086 4 2 3 75 536 541 149 1647
6087 4 2 3 75 825 846 1217 835
6088 4 2 3 75 1288 1641 1284 1667
6089 4 2 3 75 908 255 912 1682
6090 4 2 3 75 532 143 831 1644
6091 4 2 3 75 842 836 822 1671
6092 4 2 3 75 535 547 1268 518
6093 4 2 3 75 1277 1324 1317 1674
6094 4 2 3 75 1647 1659 1628 1663
6095 4 2 3 75 1140 531 548 1276
6096 4 2 3 75 1627 1666 1642 1678
6097 4 2 3 75 1273 1263 1281 1662
6098 4 2 3 75 1281 1267 1269 1648
6099 4 2 3 75 1320 1316 1296 1641
6100 4 2 3 75 981 1651 269 1683
6101 4 2 3 75 1629 1648 1662 1676
6102 4 2 3 75 811 1247 1222 1211
6103 4 2 3 75 1639 1649 1629 1676
6104 4 2 3 75 1239 1253 1236 1638
6105 4 2 3 75 823 1642 845 1666
6106 4 2 3 75 541 536 533 1646
6107 4 2 3 75 1239 1298 1638 1664
6108 4 2 3 75 830 836 842 1670
6109 4 2 3 75 387 1160 1287 1669
6110 4 2 3 75 1636 1661 821 1671
6111 4 2 3 75 1206 1243 1250 806
6112 4 2 3 75 821 1661 1636 1679
6113 4 2 3 75 1217 825 1232 1661
6114 4 2 3 75 1640 1650 1641 1667
6115 4 2 3 75 1290 1287 1669 1680
6116 4 2 3 75 807 1232 825 1679
6117 4 2 3 75 1318 1149 377 1668
6118 4 2 3 75 1233 1661 1648 1672
6119 4 2 3 75 255 1644 844 1682
6120 4 2 3 75 842 822 848 1671
6121 4 2 3 75 1290 1669 1641 1680
6122 4 2 3 75 102 833 1273 1662
6123 4 2 3 75 387 1669 1287 1680
6124 4 2 3 75 143 532 539 1644
6125 4 2 3 75 1240 1208 1234 1664
6126 4 2 3 75 80 371 372 1645
6127 4 2 3 75 820 822 836 1671
6128 4 2 3 75 828 834 816 1679
6129 4 2 3 75 983 1211 982 1651
6130 4 2 3 75 1298 1312 1638 1664
6131 4 2 3 75 1211 1261 1222 1651
6132 4 2 3 75 547 548 545 1645
6133 4 2 3 75 1246 1649 1241 1681
6134 4 2 3 75 1306 1300 380 1663
6135 4 2 3 75 1273 1281 1270 1662
6136 4 2 3 75 981 983 982 1651
6137 4 2 3 75 541 148 1146 1647
6138 4 2 3 75 1147 151 540 1668
6139 4 2 3 75 540 151 538 1668
6140 4 2 3 75 810 837 1214 1672
6141 4 2 3 75 269 45 809 1651
6142 4 2 3 75 827 823 829 1666
6143 4 2 3 75 1241 1216 1265 1649
6144 4 2 3 75 142 532 831 1675
6145 4 2 3 75 833 101 1273 1662
6146 4 2 3 75 1320 1296 1318 1669
6147 4 2 3 75 1290 1284 1288 1641
6148 4 2 3 75 1634 1659 1628 1678
6149 4 2 3 75 1261 1219 1222 1651
6150 4 2 3 75 1628 1658 1654 1678
6151 4 2 3 75 1630 1654 1658 1678
6152 4 2 3 75 1140 1276 373 1645
6153 4 2 3 75 911 909 256 1652
6154 4 2 3 75 1307 1311 1638 1665
6155 4 2 3 75 1325 1309 1315 1664
6156 4 2 3 75 1629 1656 1671 1681
6157 4 2 3 75 1242 1649 1246 1681
6158 4 2 3 75 1232 807 1210 1679
6159 4 2 3 75 122 547 535 518
6160 4 2 3 75 825 1232 1661 1679
6161 4 2 3 75 1638 1628 1663 1673
6162 4 2 3 75 254 982 811 1651
6163 4 2 3 75 533 544 141 1646
6164 4 2 3 75 531 1276 1140 1645
6165 4 2 3 75 846 837 810 1672
6166 4 2 3 75 1157 910 546 1682
6167 4 2 3 75 1314 1650 1316 1655
6168 4 2 3 75 1642 1644 845 1666
6169 4 2 3 75 908 284 1680 1682
6170 4 2 3 75 1322 1639 1303 1677
6171 4 2 3 75 152 1140 531 548
6172 4 2 3 75 1144 380 1146 1647
6173 4 2 3 75 1273 1662 1270 1676
6174 4 2 3 75 1291 1288 1285 1640
6175 4 2 3 75 1258 1232 825 807
6176 4 2 3 75 540 539 532 1675
6177 4 2 3 75 1217 1661 1233 1672
6178 4 2 3 75 1297 1315 1208 1664
6179 4 2 3 75 1312 1659 1300 1663
6180 4 2 3 75 1237 1252 1214 810
6181 4 2 3 75 1635 1651 1219 1683
6182 4 2 3 75 824 1648 848 1671
6183 4 2 3 75 142 831 808 1675
6184 4 2 3 75 282 1292 909 1652
6185 4 2 3 75 1158 1290 386 1669
6186 4 2 3 75 823 839 845 1642
6187 4 2 3 75 1300 1659 1647 1663
6188 4 2 3 75 1303 1322 1319 1639
6189 4 2 3 75 828 807 834 1679
6190 4 2 3 75 373 371 1140 1645
6191 4 2 3 75 1629 1676 1649 1681
6192 4 2 3 75 1293 1285 1209 1683
6193 4 2 3 75 1307 1638 1312 1663
6194 4 2 3 75 1640 1652 1635 1683
6195 4 2 3 75 542 537 534 1670
6196 4 2 3 75 1300 1312 1309 1659
6197 4 2 3 75 1218 1261 1651 1683
6198 4 2 3 75 1290 1641 1288 1680
6199 4 2 3 75 846 824 1661 1672
6200 4 2 3 75 1304 1212 1311 1665
6201 4 2 3 75 824 1661 1648 1671
6202 4 2 3 75 541 537 148 1647
6203 4 2 3 75 1237 1267 1252 1672
6204 4 2 3 75 1242 1246 1231 1681
6205 4 2 3 75 1232 1258 1210 807
6206 4 2 3 75 1649 1674 1271 1676
6207 4 2 3 75 1648 1671 1661 1681
6208 4 2 3 75 80 382 371 1645
6209 4 2 3 75 1316 1650 1302 1667
6210 4 2 3 75 1233 1661 1230 1681
6211 4 2 3 75 1214 1252 130 810
6212 4 2 3 75 1160 1159 1156 1669
6213 4 2 3 75 982 253 811 1211
6214 4 2 3 75 1627 1644 1642 1666
6215 4 2 3 75 380 379 1146 1647
6216 4 2 3 75 386 1290 1287 1669
6217 4 2 3 75 1219 1651 1261 1683
6218 4 2 3 75 1309 1312 1315 1664
6219 4 2 3 75 140 543 533 1646
6220 4 2 3 75 805 833 848 1662
6221 4 2 3 75 1648 1661 824 1672
6222 4 2 3 75 1249 1650 1238 1667
6223 4 2 3 75 845 1644 813 1666
6224 4 2 3 75 539 19 844 1682
6225 4 2 3 75 1241 1246 1242 1649
6226 4 2 3 75 825 835 1258 807
6227 4 2 3 75 1271 1649 1274 1674
6228 4 2 3 75 1637 1629 1662 1676
6229 4 2 3 75 312 981 269 1683
6230 4 2 3 75 808 845 839 1642
6231 4 2 3 75 1300 379 380 1647
6232 4 2 3 75 1295 387 1287 1680
6233 4 2 3 75 841 847 811 1651
6234 4 2 3 75 1302 411 1249 1213
6235 4 2 3 75 1290 1288 1287 1680
6236 4 2 3 75 1316 1313 1302 1650
6237 4 2 3 75 1218 1219 1261 1683
6238 4 2 3 75 1238 1220 1245 1640
6239 4 2 3 75 1629 1662 1648 1671
6240 4 2 3 75 543 804 139 1670
6241 4 2 3 75 1239 1208 1298 1664
6242 4 2 3 75 812 833 102 1662
6243 4 2 3 75 82 1318 1149 377
6244 4 2 3 75 826 819 820 1658
6245 4 2 3 75 807 825 834 1679
6246 4 2 3 75 137 1252 1267 1672
6247 4 2 3 75 848 833 842 1662
6248 4 2 3 75 140 533 838 1646
6249 4 2 3 75 1216 416 1265 1274
6250 4 2 3 75 1320 1314 1316 1655
6251 4 2 3 75 1238 1249 1213 1650
6252 4 2 3 75 1283 1291 1292 1652
6253 4 2 3 75 1302 411 1213 1313
6254 4 2 3 75 1648 1629 1671 1681
6255 4 2 3 75 847 809 45 1651
6256 4 2 3 75 142 808 544 1675
6257 4 2 3 75 410 1240 1213 1313
6258 4 2 3 75 824 805 1648 1672
6259 4 2 3 75 1319 1639 1322 1674
6260 4 2 3 75 1271 1270 1649 1676
6261 4 2 3 75 1312 1307 1298 1638
6262 4 2 3 75 911 283 1652 1680
6263 4 2 3 75 102 101 118 1273
6264 4 2 3 75 1319 1307 1303 1665
6265 4 2 3 75 1265 1274 1271 1649
6266 4 2 3 75 908 284 1295 1680
6267 4 2 3 75 1307 1311 1298 1638
6268 4 2 3 75 255 813 844 1644
6269 4 2 3 75 847 841 809 1651
6270 4 2 3 75 815 817 827 1653
6271 4 2 3 75 1237 810 1214 1672
6272 4 2 3 75 819 826 839 1658
6273 4 2 3 75 1304 406 1212 1248
6274 4 2 3 75 911 908 283 1680
6275 4 2 3 75 1639 1674 1649 1676
6276 4 2 3 75 1147 1149 151 1668
6277 4 2 3 75 533 141 838 1646
6278 4 2 3 75 1226 1235 1225 1660
6279 4 2 3 75 1630 1658 1642 1678
6280 4 2 3 75 1315 1298 1208 1664
6281 4 2 3 75 1313 1316 1314 1650
6282 4 2 3 75 847 254 811 1651
6283 4 2 3 75 1271 1270 1265 1649
6284 4 2 3 75 1236 1231 1228 1656
6285 4 2 3 75 846 824 825 1661
6286 4 2 3 75 1313 410 1240 1297
6287 4 2 3 75 1310 1321 1294 1667
6288 4 2 3 75 1265 1241 416 1216
6289 4 2 3 75 821 1661 824 1671
6290 4 2 3 75 1246 1207 1233 1681
6291 4 2 3 75 836 830 804 1670
6292 4 2 3 75 1231 1230 1656 1681
6293 4 2 3 75 983 1218 1211 1651
6294 4 2 3 75 1319 1665 1639 1674
6295 4 2 3 75 840 138 830 1670
6296 4 2 3 75 1224 1227 1226 1654
6297 4 2 3 75 825 1661 821 1679
6298 4 2 3 75 1229 1235 1660 1679
6299 4 2 3 75 49 312 269 1683
6300 4 2 3 75 1311 407 1239 1212
6301 4 2 3 75 1221 1223 1224 1657
6302 4 2 3 75 1289 1288 1284 1667
6303 4 2 3 75 1294 1284 1310 1667
6304 4 2 3 75 1286 1285 1293 1683
6305 4 2 3 75 908 910 284 1682
6306 4 2 3 75 1235 1226 1229 1660
6307 4 2 3 75 1223 1221 1220 1657
6308 4 2 3 75 1233 1217 1232 1661
6309 4 2 3 75 283 1283 1652 1680
6310 4 2 3 75 848 824 805 1648
6311 4 2 3 75 844 813 831 1644
6312 4 2 3 75 543 534 537 1670
6313 4 2 3 75 283 908 1295 1680
6314 4 2 3 75 545 146 542 1645
6315 4 2 3 75 535 840 6 518
6316 4 2 3 75 1239 1208 408 1298
6317 4 2 3 75 818 817 816 1660
6318 4 2 3 75 1218 1261 1211 1651
6319 4 2 3 75 1143 1645 382 1677
6320 4 2 3 75 257 269 45 809
6321 4 2 3 75 1226 1227 1228 1654
6322 4 2 3 75 820 821 822 1671
6323 4 2 3 75 1241 1242 1216 1649
6324 4 2 3 75 829 845 813 1666
6325 4 2 3 75 403 1215 1245 1289
6326 4 2 3 75 1639 1665 1649 1674
6327 4 2 3 75 1140 22 531 1645
6328 4 2 3 75 415 1241 1265 1269
6329 4 2 3 75 846 1217 837 1672
6330 4 2 3 75 1214 837 1217 1672
6331 4 2 3 75 381 1303 1306 1677
6332 4 2 3 75 415 1207 1241 1269
6333 4 2 3 75 1232 1229 1661 1679
6334 4 2 3 75 818 834 821 1679
6335 4 2 3 75 282 283 1283 1652
6336 4 2 3 75 1213 1256 1238 1650
6337 4 2 3 75 1298 1315 1312 1664
6338 4 2 3 75 1280 1272 1271 1676
6339 4 2 3 75 531 1143 146 1645
6340 4 2 3 75 981 847 45 1651
6341 4 2 3 75 531 548 1276 1645
6342 4 2 3 75 1641 1669 1632 1680
6343 4 2 3 75 1222 1255 1250 1653
6344 4 2 3 75 1143 371 382 1645
6345 4 2 3 75 1140 152 373 1276
6346 4 2 3 75 1299 1319 1322 1674
6347 4 2 3 75 825 821 834 1679
6348 4 2 3 75 254 981 982 1651
6349 4 2 3 75 1147 151 150 540
6350 4 2 3 75 910 20 56 1157
6351 4 2 3 75 1315 408 1208 1298
6352 4 2 3 75 1230 1228 1231 1656
6353 4 2 3 75 1250 1255 1225 1653
6354 4 2 3 75 1251 1232 1210 1679
6355 4 2 3 75 531 146 545 1645
6356 4 2 3 75 1283 1292 282 1652
6357 4 2 3 75 813 845 831 1644
6358 4 2 3 75 1294 421 1321 1310
6359 4 2 3 75 1254 1234 1208 1664
6360 4 2 3 75 119 120 103 1266
6361 4 2 3 75 373 1276 1264 1645
6362 4 2 3 75 544 142 141 808
6363 4 2 3 75 1219 1209 1220 1683
6364 4 2 3 75 1230 1232 1229 1661
6365 4 2 3 75 1273 101 118 1263
6366 4 2 3 75 842 833 812 1662
6367 4 2 3 75 253 1247 811 1211
6368 4 2 3 75 409 1240 1297 1208
6369 4 2 3 75 829 823 845 1666
6370 4 2 3 75 1215 1294 1259 1667
6371 4 2 3 75 1311 1304 406 1212
6372 4 2 3 75 1294 421 1310 1284
6373 4 2 3 75 1292 909 49 282
6374 4 2 3 75 1229 1251 1235 1679
6375 4 2 3 75 1308 1309 1323 1659
6376 4 2 3 75 822 821 824 1671
6377 4 2 3 75 804 830 139 1670
6378 4 2 3 75 824 832 805 1672
6379 4 2 3 75 1264 1276 1279 1645
6380 4 2 3 75 1298 407 1239 1311
6381 4 2 3 75 1245 1285 403 1289
6382 4 2 3 75 822 824 848 1671
6383 4 2 3 75 1319 1304 1665 1674
6384 4 2 3 75 413 1237 1267 1252
6385 4 2 3 75 1300 1309 1308 1659
6386 4 2 3 75 1259 1321 1249 1667
6387 4 2 3 75 538 546 539 1682
6388 4 2 3 75 1301 1323 1314 1655
6389 4 2 3 75 418 1262 1299 1275
6390 4 2 3 75 402 1209 1285 1245
6391 4 2 3 75 1273 1270 1272 1676
6392 4 2 3 75 841 815 827 1653
6393 4 2 3 75 1316 1302 1310 1667
6394 4 2 3 75 269 981 45 1651
6395 4 2 3 75 1297 1315 409 1208
6396 4 2 3 75 531 545 548 1645
6397 4 2 3 75 1254 1208 1239 1664
6398 4 2 3 75 1293 402 1209 1285
6399 4 2 3 75 1262 1280 1271 1674
6400 4 2 3 75 1217 1237 1214 1672
6401 4 2 3 75 1249 1238 1215 1667
6402 4 2 3 75 49 1286 312 1683
6403 4 2 3 75 539 19 143 844
6404 4 2 3 75 1230 1233 1232 1661
6405 4 2 3 75 1218 312 401 1683
6406 4 2 3 75 1310 83 385 1284
6407 4 2 3 75 1302 1249 1321 1667
6408 4 2 3 75 1267 1237 1260 1672
6409 4 2 3 75 824 821 825 1661
6410 4 2 3 75 532 142 544 1675
6411 4 2 3 75 1233 1230 1246 1681
6412 4 2 3 75 1294 1321 1259 1667
6413 4 2 3 75 1143 531 22 1645
6414 4 2 3 75 847 981 254 1651
6415 4 2 3 75 835 846 1217 837
6416 4 2 3 75 1231 1246 1230 1681
6417 4 2 3 75 1283 1287 1288 1680
6418 4 2 3 75 1209 1218 401 1683
6419 4 2 3 75 1268 122 120 518
6420 4 2 3 75 377 1301 1318 1668
6421 4 2 3 75 1215 1289 1294 1667
6422 4 2 3 75 385 388 83 1310
6423 4 2 3 75 282 911 283 1652
6424 4 2 3 75 20 145 1157 546
6425 4 2 3 75 1271 1274 1277 1674
6426 4 2 3 75 401 312 1293 1683
6427 4 2 3 75 1267 1278 832 1672
6428 4 2 3 75 139 140 804 543
6429 4 2 3 75 1301 1314 1320 1655
6430 4 2 3 75 1278 7 805 1263
6431 4 2 3 75 1299 1262 1317 1674
6432 4 2 3 75 419 1317 1299 1262
6433 4 2 3 75 1304 1257 1324 405
6434 4 2 3 75 129 137 1267 1672
6435 4 2 3 75 1269 414 1260 1267
6436 4 2 3 75 811 254 253 982
6437 4 2 3 75 1306 1312 1300 1663
6438 4 2 3 75 1271 1272 1270 1676
6439 4 2 3 75 1143 382 1148 1677
6440 4 2 3 75 1209 1219 1218 1683
6441 4 2 3 75 1215 1294 404 1259
6442 4 2 3 75 1321 412 1259 1249
6443 4 2 3 75 378 1301 377 1668
6444 4 2 3 75 534 139 830 1670
6445 4 2 3 75 283 1295 1283 1680
6446 4 2 3 75 1160 1158 386 1669
6447 4 2 3 75 1209 401 1293 1683
6448 4 2 3 75 378 377 1147 1668
6449 4 2 3 75 532 143 142 831
6450 4 2 3 75 1294 1289 1284 1667
6451 4 2 3 75 1317 419 1277 1262
6452 4 2 3 75 1299 418 1275 1305
6453 4 2 3 75 412 1321 1302 1249
6454 4 2 3 75 1277 1317 1262 1674
6455 4 2 3 75 810 129 832 1672
6456 4 2 3 75 1304 1311 1319 1665
6457 4 2 3 75 1306 1307 1312 1663
6458 4 2 3 75 141 140 533 838
6459 4 2 3 75 102 118 119 1273
6460 4 2 3 75 1237 1267 1260 413
6461 4 2 3 75 910 144 20 546
6462 4 2 3 75 1319 1317 1304 1674
6463 4 2 3 75 282 909 911 1652
6464 4 2 3 75 1207 1269 414 1260
6465 4 2 3 75 1324 1282 1277 420
6466 4 2 3 75 1296 389 1318 1669
6467 4 2 3 75 534 543 139 1670
6468 4 2 3 75 386 1158 385 1290
6469 4 2 3 75 413 1267 137 1252
6470 4 2 3 75 417 1274 1257 1282
6471 4 2 3 75 1310 1302 1321 1667
6472 4 2 3 75 832 824 846 1672
6473 4 2 3 75 1257 1304 1248 405
6474 4 2 3 75 1147 377 1149 1668
6475 4 2 3 75 1267 832 129 1672
6476 4 2 3 75 1294 1289 1215 404
6477 4 2 3 75 811 1247 253 843
6478 4 2 3 75 254 847 45 981
6479 4 2 3 75 1159 145 21 538
6480 4 2 3 75 1322 1303 382 1677
6481 4 2 3 75 908 284 283 1295
6482 4 2 3 75 1149 21 151 538
6483 4 2 3 75 544 540 532 1675
6484 4 2 3 75 381 1148 382 1677
6485 4 2 3 75 1260 1237 1233 1672
6486 4 2 3 75 541 148 149 1146
6487 4 2 3 75 910 144 546 1682
6488 4 2 3 75 1259 1249 1215 1667
6489 4 2 3 75 536 540 544 1675
6490 4 2 3 75 313 253 982 1211
6491 4 2 3 75 1217 1233 1237 1672
6492 4 2 3 75 1278 805 7 832
6493 4 2 3 75 1158 1160 1156 1669
6494 4 2 3 75 1232 1251 1229 1679
6495 4 2 3 75 1277 1262 1271 1674
6496 4 2 3 75 18 137 530 1252
6497 4 2 3 75 1156 389 1158 1669
6498 4 2 3 75 534 830 138 1670
6499 4 2 3 75 828 250 1244 806
6500 4 2 3 75 410 1213 411 1313
6501 4 2 3 75 814 1243 251 806
6502 4 2 3 75 1303 381 382 1677
6503 4 2 3 75 312 1286 1293 1683
6504 4 2 3 75 1299 1317 1319 1674
6505 4 2 3 75 1307 1319 1311 1665
6506 4 2 3 75 1268 1276 153 547
6507 4 2 3 75 7 101 805 1263
6508 4 2 3 75 910 908 912 1682
6509 4 2 3 75 147 148 537 1144
6510 4 2 3 75 1315 408 409 1208
6511 4 2 3 75 1216 1274 1257 417
6512 4 2 3 75 534 139 138 830
6513 4 2 3 75 1277 1324 420 1317
6514 4 2 3 75 1259 1294 85 1321
6515 4 2 3 75 1276 548 153 547
6516 4 2 3 75 250 1206 1244 806
6517 4 2 3 75 412 1302 411 1249
6518 4 2 3 75 1282 1257 86 1324
6519 4 2 3 75 130 1214 810 837
6520 4 2 3 75 416 1241 1265 415
6521 4 2 3 75 843 1247 252 1243
6522 4 2 3 75 1206 251 1243 806
6523 4 2 3 75 1267 1278 17 832
6524 4 2 3 75 1287 1283 1295 1680
6525 4 2 3 75 67 1218 983 312
6526 4 2 3 75 1289 403 1215 404
6527 4 2 3 75 844 912 19 255
6528 4 2 3 75 814 843 252 1243
6529 4 2 3 75 1210 807 249 828
6530 4 2 3 75 146 22 1143 531
6531 4 2 3 75 1244 1210 249 828
6532 4 2 3 75 1247 253 313 1211
6533 4 2 3 75 1297 410 1240 409
6534 4 2 3 75 1262 1299 419 418
6535 4 2 3 75 832 846 810 1672
6536 4 2 3 75 1304 406 1248 405
6537 4 2 3 75 1245 1285 402 403
6538 4 2 3 75 80 81 1275 372
6539 4 2 3 75 137 18 413 1252
6540 4 2 3 75 407 1239 408 1298
6541 4 2 3 75 1310 421 83 1284
6542 4 2 3 75 1267 17 129 832
6543 4 2 3 75 1218 67 401 312
6544 4 2 3 75 1148 147 146 542
6545 4 2 3 75 11 122 120 1268
6546 4 2 3 75 130 134 530 1252
6547 4 2 3 75 414 1260 1267 413
6548 4 2 3 75 412 1259 85 1321
6549 4 2 3 75 314 982 983 1211
6550 4 2 3 75 11 122 1268 547
6551 4 2 3 75 1274 1216 416 417
6552 4 2 3 75 1269 415 1207 414
6553 4 2 3 75 983 1218 314 1211
6554 4 2 3 75 536 149 150 1145
6555 4 2 3 75 417 1257 86 1282
6556 4 2 3 75 1324 1257 86 405
6557 4 2 3 75 837 1217 835 247
6558 4 2 3 75 404 1294 85 1259
6559 4 2 3 75 407 1311 406 1212
6560 4 2 3 75 539 546 144 1682
6561 4 2 3 75 252 814 1243 251
6562 4 2 3 75 421 85 1294 1321
6563 4 2 3 75 249 250 1244 828
6564 4 2 3 75 81 80 1275 1305
6565 4 2 3 75 1324 86 1282 420
6566 4 2 3 75 840 6 138 535
6567 4 2 3 75 247 1217 835 1258
6568 4 2 3 75 910 912 144 1682
6569 4 2 3 75 835 1258 807 248
6570 4 2 3 75 373 152 23 1276
6571 4 2 3 75 249 807 1210 248
6572 4 2 3 75 548 23 152 1276
6573 4 2 3 75 1206 250 251 806
6574 4 2 3 75 530 129 130 810
6575 4 2 3 75 419 1277 420 1317
6576 4 2 3 75 837 1214 1217 247
6577 4 2 3 75 137 17 129 1267
6578 4 2 3 75 1252 130 134 1214
6579 4 2 3 75 1258 1210 807 248
6580 4 2 3 75 7 17 1278 832
6581 4 2 3 75 1218 314 67 983
6582 4 2 3 75 1268 153 11 547
6583 4 2 3 75 1247 253 44 313
6584 4 2 3 75 1275 418 81 1305
6585 4 2 3 75 252 44 1247 843
6586 4 2 3 75 44 253 1247 843
6587 4 2 3 75 835 247 1258 248
6588 4 2 3 75 103 6 840 518
6589 4 2 3 75 402 401 1293 1209
6590 4 2 3 75 982 314 313 1211
6591 4 2 3 75 101 7 118 1263
6592 4 2 3 75 837 16 1214 247
6593 4 2 3 75 530 134 18 1252
6594 4 2 3 75 1214 130 16 837
6595 4 2 3 75 153 23 548 1276
6596 4 2 3 75 16 134 130 1214
6597 4 2 3 75 535 6 122 518
6598 4 2 3 75 1140 22 152 531
6599 4 2 3 75 1681 1270 1676 1649
6600 4 2 3 75 1681 1676 1270 1648
6601 4 2 3 75 1675 1627 1668 1644
6602 4 2 3 75 1675 1668 1627 1631
6603 4 2 3 75 1669 383 82 1149
6604 4 2 3 75 1669 82 383 1156
6605 4 2 3 75 1653 1219 1221 1635
6606 4 2 3 75 1653 1221 1219 1255
6607 4 2 3 75 1680 1291 1640 1288
6608 4 2 3 75 1680 1640 1291 1652
6609 4 2 3 75 1229 1654 1660 1226
6610 4 2 3 75 1660 1654 1229 1636
6611 4 2 3 75 1646 1678 1658 1628
6612 4 2 3 75 1658 1678 1646 1642
6613 4 2 3 75 1662 101 805 833
6614 4 2 3 75 1662 805 101 1263
6615 4 2 3 75 1664 1227 1236 1254
6616 4 2 3 75 1664 1236 1227 1654
6617 4 2 3 75 1296 388 1669 1641
6618 4 2 3 75 385 388 1669 1158
6619 4 2 3 75 385 1669 388 1641
6620 4 2 3 75 1653 1243 815 1250
6621 4 2 3 75 1653 815 1243 814
6622 4 2 3 75 1250 806 816 1206
6623 4 2 3 75 816 806 1250 815
6624 4 2 3 75 388 1641 1310 385
6625 4 2 3 75 1310 1641 388 1296
6626 4 2 3 75 1682 538 1159 1632
6627 4 2 3 75 1682 1159 538 546
6628 4 2 3 75 1292 1683 1291 1286
6629 4 2 3 75 1291 1683 1292 1652
6630 4 2 3 75 1667 1285 1288 1640
6631 4 2 3 75 1667 1288 1285 1289
6632 4 2 3 75 1676 1279 1266 1637
6633 4 2 3 75 1676 1266 1279 1272
6634 4 2 3 75 1676 1280 1279 1639
6635 4 2 3 75 1676 1279 1280 1272
6636 4 2 3 75 1245 1683 1220 1209
6637 4 2 3 75 1220 1683 1245 1640
6638 4 2 3 75 1258 825 1217 835
6639 4 2 3 75 1258 1217 825 1232
6640 4 2 3 75 1670 545 138 534
6641 4 2 3 75 1670 138 545 1637
6642 4 2 3 75 828 1679 1210 807
6643 4 2 3 75 1672 805 1278 832
6644 4 2 3 75 1672 1278 805 1648
6645 4 2 3 75 1680 911 1644 1652
6646 4 2 3 75 1680 1644 911 908
6647 4 2 3 75 530 129 1252 137
6648 4 2 3 75 530 1252 129 810
6649 4 2 3 75 1672 1252 129 137
6650 4 2 3 75 1672 129 1252 810
6651 4 2 3 75 1679 816 818 834
6652 4 2 3 75 1679 818 816 1660
6653 4 2 3 75 1218 1683 983 312
6654 4 2 3 75 1218 983 1683 1651
6655 4 2 3 75 981 983 1683 312
6656 4 2 3 75 981 1683 983 1651
6657 4 2 3 75 1669 82 389 1318
6658 4 2 3 75 1669 389 82 1156
6659 4 2 3 75 372 1645 373 1264
6660 4 2 3 75 373 1645 372 371
6661 4 2 3 75 1244 806 816 828
6662 4 2 3 75 816 806 1244 1206
6663 4 2 3 75 1682 19 144 539
6664 4 2 3 75 1682 144 19 912
6665 4 2 3 75 1243 1222 811 1247
6666 4 2 3 75 811 1222 1243 814
6667 4 2 3 75 811 843 1243 1247
6668 4 2 3 75 1243 843 811 814
6669 4 2 3 75 371 22 1645 1143
6670 4 2 3 75 1645 22 371 1140
6671 4 2 3 75 1244 1679 1210 828
6672 4 2 3 75 1210 1679 1244 1251
6673 4 2 3 75 388 1669 389 1296
6674 4 2 3 75 388 389 1669 1158
6675 4 2 3 83 1333 1292 1286 907
6676 4 2 3 83 1295 1343 1287 1165
6677 4 2 3 83 1343 387 902 1161
6678 4 2 3 83 1161 1343 387 1165
6679 4 2 3 83 1333 1334 1292 907
6680 4 2 3 83 49 1286 1292 907
6681 4 2 3 83 1293 1346 1345 1333
6682 4 2 3 83 1295 1343 387 902
6683 4 2 3 83 1295 387 1343 1165
6684 4 2 3 83 1352 1346 1345 1293
6685 4 2 3 83 1343 1337 1287 1165
6686 4 2 3 83 1352 1349 1346 1293
6687 4 2 3 83 1163 386 1287 1165
6688 4 2 3 83 1347 1345 1352 1329
6689 4 2 3 83 1292 1286 1291 1347
6690 4 2 3 83 1334 1291 1283 1342
6691 4 2 3 83 907 1292 282 903
6692 4 2 3 83 1342 1291 1283 1336
6693 4 2 3 83 1293 1345 1352 1347
6694 4 2 3 83 1350 1351 1329 1285
6695 4 2 3 83 1295 387 284 902
6696 4 2 3 83 1336 1291 1283 1288
6697 4 2 3 83 1284 1288 1326 1290
6698 4 2 3 83 1347 1352 1293 1329
6699 4 2 3 83 1286 1293 1345 1333
6700 4 2 3 83 1342 1343 1287 1295
6701 4 2 3 83 1329 1351 1352 1285
6702 4 2 3 83 1334 1292 1291 1347
6703 4 2 3 83 1293 1349 1346 312
6704 4 2 3 83 1292 1291 1283 1334
6705 4 2 3 83 1287 1337 1288 1290
6706 4 2 3 83 282 1292 1283 903
6707 4 2 3 83 1287 1337 1342 1288
6708 4 2 3 83 1287 1342 1283 1288
6709 4 2 3 83 1163 1287 1337 1165
6710 4 2 3 83 1343 1337 1165 1328
6711 4 2 3 83 1335 1350 1329 1289
6712 4 2 3 83 1335 1348 1353 1294
6713 4 2 3 83 907 1334 1292 903
6714 4 2 3 83 1334 1291 1342 1336
6715 4 2 3 83 1285 1329 1350 1289
6716 4 2 3 83 1329 1352 1293 1285
6717 4 2 3 83 1336 1337 1326 1290
6718 4 2 3 83 1334 1333 1327 907
6719 4 2 3 83 1289 1288 1336 1284
6720 4 2 3 83 1342 1343 1337 1287
6721 4 2 3 83 1347 1286 1291 1285
6722 4 2 3 83 1354 1356 1357 1353
6723 4 2 3 83 1289 1336 1340 1284
6724 4 2 3 83 1347 1286 1345 1333
6725 4 2 3 83 1337 1336 1288 1290
6726 4 2 3 83 1342 905 1330 1343
6727 4 2 3 83 1335 1329 1336 1289
6728 4 2 3 83 1343 1342 905 1295
6729 4 2 3 83 1288 1336 1326 1290
6730 4 2 3 83 1285 1336 1329 1289
6731 4 2 3 83 1330 1341 903 1342
6732 4 2 3 83 385 390 1163 1290
6733 4 2 3 83 1335 1340 1348 1294
6734 4 2 3 83 1283 1342 1287 1295
6735 4 2 3 83 1342 1283 283 1295
6736 4 2 3 83 1286 1345 1293 1347
6737 4 2 3 83 1348 1354 1357 1353
6738 4 2 3 83 1337 1163 1326 1290
6739 4 2 3 83 1293 1347 1329 1285
6740 4 2 3 83 1288 1336 1291 1285
6741 4 2 3 83 1336 1283 1342 1288
6742 4 2 3 83 1342 283 905 1295
6743 4 2 3 83 1288 1326 1336 1284
6744 4 2 3 83 1291 1334 1347 1336
6745 4 2 3 83 1326 1163 390 1290
6746 4 2 3 83 1334 1283 1292 903
6747 4 2 3 83 1337 1163 1338 1326
6748 4 2 3 83 903 1283 283 1342
6749 4 2 3 83 1287 387 1295 1165
6750 4 2 3 83 1330 903 905 1342
6751 4 2 3 83 1326 1340 1336 1284
6752 4 2 3 83 1343 1161 1162 1165
6753 4 2 3 83 1347 1293 1286 1285
6754 4 2 3 83 1336 1342 1337 1288
6755 4 2 3 83 1340 1335 1336 1289
6756 4 2 3 83 1294 1289 1340 1284
6757 4 2 3 83 312 980 1346 1333
6758 4 2 3 83 903 283 905 1342
6759 4 2 3 83 1353 1348 1354 1294
6760 4 2 3 83 1285 1288 1336 1289
6761 4 2 3 83 1354 1356 1353 1294
6762 4 2 3 83 1340 1354 1348 1294
6763 4 2 3 83 1165 1162 1343 1328
6764 4 2 3 83 980 1346 1349 312
6765 4 2 3 83 1289 1335 1353 1294
6766 4 2 3 83 1294 1340 1354 1284
6767 4 2 3 83 1337 1163 1165 1328
6768 4 2 3 83 1350 1335 1353 1289
6769 4 2 3 83 1340 1335 1289 1294
6770 4 2 3 83 1339 1343 1161 1162
6771 4 2 3 83 1286 49 312 268
6772 4 2 3 83 1338 1163 390 1326
6773 4 2 3 83 1333 1286 312 268
6774 4 2 3 83 907 1333 1327 268
6775 4 2 3 83 1339 1343 1162 1328
6776 4 2 3 83 1326 1355 1340 1284
6777 4 2 3 83 1332 1343 905 902
6778 4 2 3 83 1355 1354 1340 1284
6779 4 2 3 83 1351 1352 427 1329
6780 4 2 3 83 1345 427 1352 1329
6781 4 2 3 83 1350 1351 1285 403
6782 4 2 3 83 1339 1161 281 318
6783 4 2 3 83 1333 312 980 268
6784 4 2 3 83 281 1332 902 1339
6785 4 2 3 83 980 1331 1346 1333
6786 4 2 3 83 1161 281 902 1339
6787 4 2 3 83 282 1283 283 903
6788 4 2 3 83 1331 979 1344 268
6789 4 2 3 83 902 387 56 1161
6790 4 2 3 83 1344 1333 1331 268
6791 4 2 3 83 403 1285 1350 1289
6792 4 2 3 83 426 1349 1346 1352
6793 4 2 3 83 905 1330 1343 1332
6794 4 2 3 83 1345 426 1346 1352
6795 4 2 3 83 387 56 284 902
6796 4 2 3 83 1338 1163 1337 1328
6797 4 2 3 83 1161 55 281 318
6798 4 2 3 83 1327 906 907 268
6799 4 2 3 83 386 385 1163 1290
6800 4 2 3 83 1333 980 1331 268
6801 4 2 3 83 1293 1352 1349 401
6802 4 2 3 83 1332 904 281 902
6803 4 2 3 83 979 1331 980 268
6804 4 2 3 83 424 1354 1357 1348
6805 4 2 3 83 1355 385 83 1284
6806 4 2 3 83 902 55 281 1161
6807 4 2 3 83 1349 1293 401 312
6808 4 2 3 83 1344 1327 1333 268
6809 4 2 3 83 387 1287 386 1165
6810 4 2 3 83 1164 1339 1161 1162
6811 4 2 3 83 1161 1339 1164 318
6812 4 2 3 83 1346 425 980 1349
6813 4 2 3 83 1339 281 317 318
6814 4 2 3 83 279 1341 903 1330
6815 4 2 3 83 1165 1163 1162 1328
6816 4 2 3 83 422 1338 390 1326
6817 4 2 3 83 421 1294 1354 1284
6818 4 2 3 83 1332 905 904 902
6819 4 2 3 83 1353 1350 1289 404
6820 4 2 3 83 283 284 905 1295
6821 4 2 3 83 279 903 905 1330
6822 4 2 3 83 1332 281 317 1339
6823 4 2 3 83 1354 1355 83 1284
6824 4 2 3 83 1294 1353 1289 404
6825 4 2 3 83 425 980 1331 1346
6826 4 2 3 83 1348 1357 87 1353
6827 4 2 3 83 390 422 1326 1355
6828 4 2 3 83 1357 430 87 1353
6829 4 2 3 83 1354 1356 1294 421
6830 4 2 3 83 390 385 83 1355
6831 4 2 3 83 49 1292 282 907
6832 4 2 3 83 1327 906 278 1341
6833 4 2 3 83 1289 1350 403 404
6834 4 2 3 83 1351 427 428 1329
6835 4 2 3 83 87 429 1348 1353
6836 4 2 3 83 421 1354 83 1284
6837 4 2 3 83 391 1163 1338 1328
6838 4 2 3 83 1285 1351 402 403
6839 4 2 3 83 1330 905 280 1332
6840 4 2 3 83 904 280 905 1332
6841 4 2 3 83 424 1354 1348 1340
6842 4 2 3 83 401 67 1349 312
6843 4 2 3 83 1338 390 84 422
6844 4 2 3 83 426 1345 427 1352
6845 4 2 3 83 310 425 980 1331
6846 4 2 3 83 1163 391 1162 1328
6847 4 2 3 83 903 278 906 1341
6848 4 2 3 83 425 311 980 1349
6849 4 2 3 83 1326 1355 423 1340
6850 4 2 3 83 67 980 1349 312
6851 4 2 3 83 1353 1356 85 1294
6852 4 2 3 83 429 1335 1350 428
6853 4 2 3 83 1163 390 84 1338
6854 4 2 3 83 48 53 65 1344
6855 4 2 3 83 1354 423 1355 1340
6856 4 2 3 83 1349 1346 425 426
6857 4 2 3 83 1356 430 1357 1353
6858 4 2 3 83 906 1327 53 1344
6859 4 2 3 83 310 425 311 980
6860 4 2 3 83 1339 1164 392 1162
6861 4 2 3 83 906 1327 1344 268
6862 4 2 3 83 905 280 279 1330
6863 4 2 3 83 422 1326 1355 423
6864 4 2 3 83 66 310 425 311
6865 4 2 3 83 1162 392 1339 1328
6866 4 2 3 83 980 311 67 1349
6867 4 2 3 83 53 1327 906 278
6868 4 2 3 83 1294 1356 85 421
6869 4 2 3 83 1341 903 278 279
6870 4 2 3 83 84 391 1163 1338
6871 4 2 3 83 430 1356 85 1353
6872 4 2 3 83 1344 53 906 268
6873 4 2 3 83 1294 85 1353 404
6874 4 2 3 83 902 56 55 1161
6875 4 2 3 83 54 280 904 1332
6876 4 2 3 83 1354 424 423 1340
6877 4 2 3 83 392 1162 391 1328
6878 4 2 3 83 281 317 54 1332
6879 4 2 3 83 401 1293 1352 402
6880 4 2 3 83 281 54 904 1332
6881 4 2 3 83 87 424 1357 1348
6882 4 2 3 83 1331 980 310 979
6883 4 2 3 83 1344 979 48 268
6884 4 2 3 83 48 53 1344 268
6885 4 2 3 83 68 1339 1164 392
6886 4 2 3 83 1164 1339 68 318
6887 4 2 3 83 1331 310 65 979
6888 4 2 3 83 979 65 1331 1344
6889 4 2 3 83 1339 317 68 318
6890 4 2 3 83 48 65 979 1344
6891 4 2 3 83 902 1295 905 284
6892 4 2 3 83 902 905 1295 1343
6893 4 2 3 83 1293 1333 312 1346
6894 4 2 3 83 312 1333 1293 1286
6895 4 2 3 83 1347 1285 1336 1329
6896 4 2 3 83 1336 1285 1347 1291
6897 4 2 3 83 1292 1347 1333 1286
6898 4 2 3 83 1333 1347 1292 1334
6899 4 2 3 83 1163 1287 1290 1337
6900 4 2 3 83 1163 1290 1287 386
6901 4 2 3 83 903 1342 1334 1283
6902 4 2 3 83 1334 1342 903 1341
6903 4 2 3 83 1284 1290 1355 385
6904 4 2 3 83 1284 1355 1290 1326
6905 4 2 3 83 390 1355 1290 385
6906 4 2 3 83 390 1290 1355 1326
6907 4 2 3 83 1286 268 907 49
6908 4 2 3 83 907 268 1286 1333
6909 4 2 3 83 1285 1352 402 1351
6910 4 2 3 83 1285 402 1352 1293
6911 4 2 3 83 1350 1329 428 1335
6912 4 2 3 83 428 1329 1350 1351
6913 4 2 3 83 902 1339 1343 1161
6914 4 2 3 83 1343 1339 902 1332
6915 4 2 3 83 1353 1335 429 1348
6916 4 2 3 83 1353 429 1335 1350
6917 4 2 3 83 1334 1341 907 1327
6918 4 2 3 83 1334 907 1341 903
6919 4 2 3 83 906 907 1341 1327
6920 4 2 3 83 906 1341 907 903
6921 4 2 3 87 748 1384 1396 772
6922 4 2 3 87 1384 748 229 772
6923 4 2 3 87 229 748 1384 974
6924 4 2 3 87 1406 1375 124 1377
6925 4 2 3 87 1367 767 1368 1396
6926 4 2 3 87 748 1396 767 772
6927 4 2 3 87 1367 1396 1384 772
6928 4 2 3 87 767 1379 1368 1396
6929 4 2 3 87 1398 1384 1396 748
6930 4 2 3 87 1384 1362 1367 772
6931 4 2 3 87 1384 748 1392 974
6932 4 2 3 87 1396 1367 767 772
6933 4 2 3 87 1377 1373 124 1374
6934 4 2 3 87 1398 1396 767 748
6935 4 2 3 87 1392 748 41 974
6936 4 2 3 87 976 975 1362 974
6937 4 2 3 87 1368 1379 767 766
6938 4 2 3 87 755 767 1368 1367
6939 4 2 3 87 1379 1397 767 1407
6940 4 2 3 87 748 1398 1384 1392
6941 4 2 3 87 1399 756 1386 1406
6942 4 2 3 87 1368 1379 766 1370
6943 4 2 3 87 762 1372 774 753
6944 4 2 3 87 1370 766 1368 1365
6945 4 2 3 87 1368 1359 755 1367
6946 4 2 3 87 1373 756 124 1374
6947 4 2 3 87 762 1364 1372 1361
6948 4 2 3 87 756 1363 1406 1374
6949 4 2 3 87 1394 762 1372 774
6950 4 2 3 87 766 1379 767 1407
6951 4 2 3 87 1364 762 1372 1394
6952 4 2 3 87 1393 766 1379 1370
6953 4 2 3 87 1364 1370 769 1380
6954 4 2 3 87 1362 1403 976 974
6955 4 2 3 87 767 755 1368 766
6956 4 2 3 87 767 1397 1379 1396
6957 4 2 3 87 1372 762 1361 753
6958 4 2 3 87 1407 1391 765 1393
6959 4 2 3 87 1363 1386 774 756
6960 4 2 3 87 1372 1363 1394 774
6961 4 2 3 87 1363 1386 756 1406
6962 4 2 3 87 772 1362 1367 1366
6963 4 2 3 87 1372 1363 774 753
6964 4 2 3 87 1370 1393 769 1380
6965 4 2 3 87 774 1386 757 756
6966 4 2 3 87 769 766 1393 1370
6967 4 2 3 87 775 1398 767 748
6968 4 2 3 87 1363 1386 1394 774
6969 4 2 3 87 1399 749 756 1375
6970 4 2 3 87 1365 1368 1359 768
6971 4 2 3 87 767 1397 1396 1398
6972 4 2 3 87 769 762 1364 1380
6973 4 2 3 87 755 767 1367 772
6974 4 2 3 87 1407 765 766 1393
6975 4 2 3 87 1403 1362 1384 974
6976 4 2 3 87 1365 1370 766 750
6977 4 2 3 87 769 762 770 1364
6978 4 2 3 87 1365 766 1368 768
6979 4 2 3 87 1407 766 1379 1393
6980 4 2 3 87 1401 1386 757 774
6981 4 2 3 87 749 124 756 1375
6982 4 2 3 87 1363 756 1373 1374
6983 4 2 3 87 1364 762 770 1361
6984 4 2 3 87 762 1364 1380 1394
6985 4 2 3 87 41 748 229 974
6986 4 2 3 87 1392 46 50 443
6987 4 2 3 87 772 1367 1359 1366
6988 4 2 3 87 1386 757 756 1399
6989 4 2 3 87 755 1368 766 768
6990 4 2 3 87 1394 1386 1401 774
6991 4 2 3 87 767 1397 1398 775
6992 4 2 3 87 769 766 1370 750
6993 4 2 3 87 1363 774 753 756
6994 4 2 3 87 436 1367 1368 1396
6995 4 2 3 87 775 779 1398 748
6996 4 2 3 87 519 124 127 1373
6997 4 2 3 87 230 1378 779 1392
6998 4 2 3 87 768 1365 766 750
6999 4 2 3 87 1368 755 1359 768
7000 4 2 3 87 1358 756 125 1373
7001 4 2 3 87 779 1378 1398 1392
7002 4 2 3 87 1373 124 127 1377
7003 4 2 3 87 1368 1379 436 1396
7004 4 2 3 87 770 750 769 1364
7005 4 2 3 87 1389 761 762 774
7006 4 2 3 87 262 779 41 1392
7007 4 2 3 87 762 760 1395 769
7008 4 2 3 87 1362 1403 1369 976
7009 4 2 3 87 1368 1379 1370 435
7010 4 2 3 87 769 766 765 1393
7011 4 2 3 87 1395 762 769 1380
7012 4 2 3 87 262 230 779 1392
7013 4 2 3 87 1394 1389 762 774
7014 4 2 3 87 770 1360 750 1364
7015 4 2 3 87 749 756 757 1399
7016 4 2 3 87 1362 1367 437 1384
7017 4 2 3 87 1367 1396 437 1384
7018 4 2 3 87 1359 755 772 1366
7019 4 2 3 87 1401 757 761 774
7020 4 2 3 87 1361 762 770 753
7021 4 2 3 87 765 764 1405 1407
7022 4 2 3 87 1359 755 1367 772
7023 4 2 3 87 1403 1384 1392 974
7024 4 2 3 87 1393 1395 769 1380
7025 4 2 3 87 1379 1393 1370 435
7026 4 2 3 87 1401 1389 1394 774
7027 4 2 3 87 228 1366 302 975
7028 4 2 3 87 761 1389 1401 774
7029 4 2 3 87 762 1395 1389 1380
7030 4 2 3 87 773 756 125 1358
7031 4 2 3 87 760 1395 1389 762
7032 4 2 3 87 1401 757 1386 1399
7033 4 2 3 87 779 41 230 262
7034 4 2 3 87 1364 434 1370 1380
7035 4 2 3 87 770 1371 1360 1364
7036 4 2 3 87 765 766 764 1407
7037 4 2 3 87 1363 1372 1361 753
7038 4 2 3 87 1363 756 1358 1373
7039 4 2 3 87 761 760 1389 762
7040 4 2 3 87 1365 1370 750 1360
7041 4 2 3 87 1398 1402 779 775
7042 4 2 3 87 1392 41 262 974
7043 4 2 3 87 1380 1389 762 1394
7044 4 2 3 87 769 760 1395 765
7045 4 2 3 87 1398 1402 1378 779
7046 4 2 3 87 1391 765 1405 1407
7047 4 2 3 87 1393 1370 434 1380
7048 4 2 3 87 770 1371 1364 1361
7049 4 2 3 87 756 753 1363 773
7050 4 2 3 87 431 1406 1363 1374
7051 4 2 3 87 302 1366 1362 975
7052 4 2 3 87 1363 756 773 1358
7053 4 2 3 87 767 764 1397 775
7054 4 2 3 87 776 772 755 1366
7055 4 2 3 87 1397 1405 764 1407
7056 4 2 3 87 1378 1402 754 779
7057 4 2 3 87 1406 442 1375 1377
7058 4 2 3 87 759 1382 760 765
7059 4 2 3 87 1381 749 1401 1399
7060 4 2 3 87 1402 1397 1383 775
7061 4 2 3 87 1362 1403 438 1369
7062 4 2 3 87 1382 1395 765 1391
7063 4 2 3 87 1402 1398 1397 775
7064 4 2 3 87 1375 127 124 1377
7065 4 2 3 87 760 1382 1395 765
7066 4 2 3 87 749 1401 758 1381
7067 4 2 3 87 1376 1399 441 1375
7068 4 2 3 87 1363 1386 1406 431
7069 4 2 3 87 1376 1 92 1381
7070 4 2 3 87 1397 764 1383 775
7071 4 2 3 87 1403 1384 1362 438
7072 4 2 3 87 900 50 270 1392
7073 4 2 3 87 757 1401 749 1399
7074 4 2 3 87 779 1402 754 775
7075 4 2 3 87 1399 1376 749 1375
7076 4 2 3 87 765 1390 1382 1391
7077 4 2 3 87 228 772 776 1366
7078 4 2 3 87 1387 237 1404 778
7079 4 2 3 87 975 1362 303 976
7080 4 2 3 87 753 1361 1363 773
7081 4 2 3 87 752 1390 1382 765
7082 4 2 3 87 1381 1376 749 1399
7083 4 2 3 87 1385 771 761 1401
7084 4 2 3 87 442 1375 1399 1406
7085 4 2 3 87 1388 751 760 761
7086 4 2 3 87 752 1382 759 765
7087 4 2 3 87 759 1382 1388 760
7088 4 2 3 87 1378 230 899 900
7089 4 2 3 87 1401 758 757 749
7090 4 2 3 87 1390 765 1405 1391
7091 4 2 3 87 1395 1388 1382 760
7092 4 2 3 87 437 1362 1384 438
7093 4 2 3 87 1363 773 227 1358
7094 4 2 3 87 760 1389 1388 761
7095 4 2 3 87 764 763 1383 775
7096 4 2 3 87 1405 764 1383 1397
7097 4 2 3 87 1399 1381 1376 441
7098 4 2 3 87 761 1389 1385 1401
7099 4 2 3 87 303 1362 1369 976
7100 4 2 3 87 757 761 771 1401
7101 4 2 3 87 1 91 92 1381
7102 4 2 3 87 1388 1385 751 761
7103 4 2 3 87 765 1390 1405 752
7104 4 2 3 87 1388 751 759 760
7105 4 2 3 87 1402 1383 763 775
7106 4 2 3 87 1395 1389 1388 760
7107 4 2 3 87 1403 1369 976 304
7108 4 2 3 87 231 230 899 1378
7109 4 2 3 87 773 1361 1363 227
7110 4 2 3 87 763 754 777 1402
7111 4 2 3 87 91 749 1381 1
7112 4 2 3 87 440 1376 92 1381
7113 4 2 3 87 752 764 1405 765
7114 4 2 3 87 1378 754 230 779
7115 4 2 3 87 1385 1388 1389 761
7116 4 2 3 87 1383 764 1405 752
7117 4 2 3 87 1396 436 1367 437
7118 4 2 3 87 434 1370 1393 435
7119 4 2 3 87 1376 749 1 1381
7120 4 2 3 87 749 91 1381 758
7121 4 2 3 87 1359 223 1365 768
7122 4 2 3 87 270 1378 900 1392
7123 4 2 3 87 1387 2 237 778
7124 4 2 3 87 1392 1403 974 304
7125 4 2 3 87 773 753 1361 227
7126 4 2 3 87 1402 763 754 775
7127 4 2 3 87 899 270 271 1378
7128 4 2 3 87 1385 771 751 761
7129 4 2 3 87 754 230 231 1378
7130 4 2 3 87 759 1382 235 1388
7131 4 2 3 87 771 758 757 1401
7132 4 2 3 87 1403 976 974 304
7133 4 2 3 87 234 759 1382 235
7134 4 2 3 87 1369 1403 89 304
7135 4 2 3 87 1390 1383 1405 752
7136 4 2 3 87 777 1400 232 1383
7137 4 2 3 87 1400 777 754 1402
7138 4 2 3 87 975 1362 302 303
7139 4 2 3 87 976 1369 62 304
7140 4 2 3 87 438 1403 89 1369
7141 4 2 3 87 758 771 1404 1401
7142 4 2 3 87 1383 763 764 752
7143 4 2 3 87 751 759 235 1388
7144 4 2 3 87 13 124 749 1375
7145 4 2 3 87 236 1385 771 751
7146 4 2 3 87 1379 1368 436 435
7147 4 2 3 87 1380 1364 434 433
7148 4 2 3 87 763 1383 233 752
7149 4 2 3 87 262 1392 974 304
7150 4 2 3 87 519 127 15 439
7151 4 2 3 87 1390 233 1383 752
7152 4 2 3 87 1386 1363 432 431
7153 4 2 3 87 127 519 1373 439
7154 4 2 3 87 234 233 1390 752
7155 4 2 3 87 1383 232 777 763
7156 4 2 3 87 1373 519 15 439
7157 4 2 3 87 89 62 1369 304
7158 4 2 3 87 231 899 271 1378
7159 4 2 3 87 1401 1404 758 1381
7160 4 2 3 87 439 1373 127 1377
7161 4 2 3 87 1377 1406 88 1374
7162 4 2 3 87 1381 440 1376 441
7163 4 2 3 87 750 224 1365 1360
7164 4 2 3 87 1372 432 433 1394
7165 4 2 3 87 88 442 1406 1377
7166 4 2 3 87 13 749 1376 1375
7167 4 2 3 87 1377 439 1373 1374
7168 4 2 3 87 1383 233 232 763
7169 4 2 3 87 1392 262 46 304
7170 4 2 3 87 1371 770 226 1361
7171 4 2 3 87 223 1359 755 768
7172 4 2 3 87 1399 441 1375 442
7173 4 2 3 87 751 235 236 1388
7174 4 2 3 87 237 236 1385 771
7175 4 2 3 87 1365 768 224 750
7176 4 2 3 87 431 88 1406 1374
7177 4 2 3 87 231 1400 754 1378
7178 4 2 3 87 443 1392 46 304
7179 4 2 3 87 768 223 1365 224
7180 4 2 3 87 1366 40 228 302
7181 4 2 3 87 222 40 776 1366
7182 4 2 3 87 1378 899 270 900
7183 4 2 3 87 236 1385 751 1388
7184 4 2 3 87 755 1359 223 222
7185 4 2 3 87 776 40 228 1366
7186 4 2 3 87 440 92 91 1381
7187 4 2 3 87 770 226 1361 753
7188 4 2 3 87 754 1400 1402 1378
7189 4 2 3 87 1385 1404 771 1401
7190 4 2 3 87 1371 770 225 226
7191 4 2 3 87 42 777 1400 232
7192 4 2 3 87 443 89 1403 304
7193 4 2 3 87 771 1404 237 778
7194 4 2 3 87 271 1400 231 1378
7195 4 2 3 87 1360 750 224 225
7196 4 2 3 87 1403 1392 443 304
7197 4 2 3 87 758 1387 91 1381
7198 4 2 3 87 237 1385 1404 771
7199 4 2 3 87 1 13 749 1376
7200 4 2 3 87 1404 1387 758 1381
7201 4 2 3 87 126 125 519 1373
7202 4 2 3 87 753 226 1361 227
7203 4 2 3 87 88 439 1377 1374
7204 4 2 3 87 440 91 1387 1381
7205 4 2 3 87 1400 777 42 231
7206 4 2 3 87 778 771 1404 758
7207 4 2 3 87 124 13 127 1375
7208 4 2 3 87 1400 42 271 231
7209 4 2 3 87 1387 91 2 778
7210 4 2 3 87 754 777 1400 231
7211 4 2 3 87 227 773 14 1358
7212 4 2 3 87 125 126 1358 1373
7213 4 2 3 87 778 1387 91 758
7214 4 2 3 87 900 262 46 1392
7215 4 2 3 87 303 1369 62 976
7216 4 2 3 87 773 125 14 1358
7217 4 2 3 87 1404 1387 778 758
7218 4 2 3 87 900 46 50 1392
7219 4 2 3 87 1387 3 91 440
7220 4 2 3 87 92 91 3 440
7221 4 2 3 87 519 15 126 1373
7222 4 2 3 87 126 14 125 1358
7223 4 2 3 87 2 3 91 1387
7224 4 2 3 87 124 1406 1374 756
7225 4 2 3 87 124 1374 1406 1377
7226 4 2 3 87 974 1362 229 975
7227 4 2 3 87 974 229 1362 1384
7228 4 2 3 87 772 1362 229 1384
7229 4 2 3 87 767 1407 764 766
7230 4 2 3 87 764 1407 767 1397
7231 4 2 3 87 1392 748 779 41
7232 4 2 3 87 1392 779 748 1398
7233 4 2 3 87 125 124 1373 756
7234 4 2 3 87 125 1373 124 519
7235 4 2 3 87 1364 750 1370 1360
7236 4 2 3 87 1364 1370 750 769
7237 4 2 3 87 756 1375 1406 1399
7238 4 2 3 87 1406 1375 756 124
7239 4 2 3 87 1393 765 1395 1391
7240 4 2 3 87 1393 1395 765 769
7241 4 2 3 87 1363 1394 432 1372
7242 4 2 3 87 432 1394 1363 1386
7243 4 2 3 87 1394 1364 433 1372
7244 4 2 3 87 1394 433 1364 1380
7245 4 2 3 87 230 1392 900 1378
7246 4 2 3 87 900 1392 230 262
7247 4 2 3 87 1366 755 222 1359
7248 4 2 3 87 1366 222 755 776
7249 4 2 3 87 1402 777 1383 1400
7250 4 2 3 87 1402 1383 777 763
7251 4 2 3 87 1382 752 234 1390
7252 4 2 3 87 234 752 1382 759
7253 4 2 3 87 1360 770 225 1371
7254 4 2 3 87 225 770 1360 750
7255 4 2 3 87 1362 229 1366 772
7256 4 2 3 87 1362 1366 229 975
7257 4 2 3 87 228 1366 229 772
7258 4 2 3 87 228 229 1366 975
7259 4 2 3 95 46 50 443 1408
7260 4 2 3 95 1413 978 1412 1411
7261 4 2 3 95 978 1410 1412 1411
7262 4 2 3 95 1411 1416 1408 447
7263 4 2 3 95 1413 1416 978 1411
7264 4 2 3 95 1412 304 1410 978
7265 4 2 3 95 63 51 47 1415
7266 4 2 3 95 1410 62 304 1412
7267 4 2 3 95 447 1416 1408 1414
7268 4 2 3 95 1416 306 448 1413
7269 4 2 3 95 1416 978 306 1413
7270 4 2 3 95 1416 1408 978 1411
7271 4 2 3 95 1416 448 306 305
7272 4 2 3 95 1413 1412 444 1411
7273 4 2 3 95 306 62 1412 978
7274 4 2 3 95 1410 444 1412 1411
7275 4 2 3 95 306 978 1416 305
7276 4 2 3 95 1414 1416 978 977
7277 4 2 3 95 1414 263 1415 977
7278 4 2 3 95 446 1414 263 1415
7279 4 2 3 95 1416 978 1408 1414
7280 4 2 3 95 263 1409 446 1415
7281 4 2 3 95 977 1414 1416 305
7282 4 2 3 95 1412 62 304 978
7283 4 2 3 95 90 1416 1413 1411
7284 4 2 3 95 263 1414 1408 977
7285 4 2 3 95 1412 306 978 1413
7286 4 2 3 95 977 1416 978 305
7287 4 2 3 95 448 64 306 305
7288 4 2 3 95 1414 978 1408 977
7289 4 2 3 95 1408 304 46 263
7290 4 2 3 95 273 272 52 445
7291 4 2 3 95 446 447 1408 1414
7292 4 2 3 95 90 1416 1411 447
7293 4 2 3 95 1408 1410 978 1411
7294 4 2 3 95 46 443 304 1408
7295 4 2 3 95 304 1408 978 263
7296 4 2 3 95 1415 47 263 901
7297 4 2 3 95 1415 263 47 977
7298 4 2 3 95 446 1409 445 1415
7299 4 2 3 95 263 1408 978 977
7300 4 2 3 95 1413 444 90 1411
7301 4 2 3 95 1415 1409 445 901
7302 4 2 3 95 1416 448 90 1413
7303 4 2 3 95 89 1410 444 1412
7304 4 2 3 95 1409 273 445 901
7305 4 2 3 95 445 273 272 901
7306 4 2 3 95 63 1414 977 305
7307 4 2 3 95 304 89 62 1410
7308 4 2 3 95 1410 89 62 1412
7309 4 2 3 95 304 443 89 1410
7310 4 2 3 95 1409 50 273 263
7311 4 2 3 95 304 1408 1410 978
7312 4 2 3 95 1415 263 1409 901
7313 4 2 3 95 443 304 1408 1410
7314 4 2 3 95 273 1409 263 901
7315 4 2 3 95 272 51 1415 901
7316 4 2 3 95 1415 445 272 901
7317 4 2 3 95 51 47 1415 901
7318 4 2 3 95 1408 50 263 46
7319 4 2 3 95 1408 263 50 1409
7320 4 2 3 95 263 446 1408 1414
7321 4 2 3 95 263 1408 446 1409
7322 4 2 3 95 63 1415 977 1414
7323 4 2 3 95 977 1415 63 47
$EndElements
